latitude,longitude,elevation,utc_offset_seconds,timezone,timezone_abbreviation
28.646748,77.2748,231.0,0,GMT,GMT

time,temperature_2m (°C),relative_humidity_2m (%),surface_pressure (hPa)
2025-12-23T00:00,12.1,99,987.8
2025-12-23T01:00,11.8,100,988.0
2025-12-23T02:00,12.0,100,988.7
2025-12-23T03:00,12.6,99,989.4
2025-12-23T04:00,14.3,91,990.2
2025-12-23T05:00,17.3,74,990.4
2025-12-23T06:00,19.6,64,990.1
2025-12-23T07:00,21.7,55,989.5
2025-12-23T08:00,23.1,50,988.6
2025-12-23T09:00,23.7,48,988.0
2025-12-23T10:00,23.4,50,987.5
2025-12-23T11:00,22.5,56,987.2
2025-12-23T12:00,21.3,59,987.2
2025-12-23T13:00,20.2,65,987.5
2025-12-23T14:00,19.2,69,987.9
2025-12-23T15:00,18.2,72,988.2
2025-12-23T16:00,17.2,76,988.2
2025-12-23T17:00,16.4,80,988.2
2025-12-23T18:00,15.7,83,988.1
2025-12-23T19:00,14.8,86,987.9
2025-12-23T20:00,14.3,88,987.7
2025-12-23T21:00,14.0,89,987.6
2025-12-23T22:00,13.6,90,987.3
2025-12-23T23:00,13.2,90,987.2
2025-12-24T00:00,12.8,91,987.3
2025-12-24T01:00,12.3,90,987.6
2025-12-24T02:00,11.9,90,988.3
2025-12-24T03:00,12.9,83,989.1
2025-12-24T04:00,14.8,73,990.1
2025-12-24T05:00,17.1,63,990.3
2025-12-24T06:00,19.5,54,990.0
2025-12-24T07:00,21.0,41,989.3
2025-12-24T08:00,21.6,37,988.5
2025-12-24T09:00,21.6,36,987.9
2025-12-24T10:00,21.2,38,987.8
2025-12-24T11:00,20.3,41,987.6
2025-12-24T12:00,19.3,46,987.7
2025-12-24T13:00,18.5,49,988.1
2025-12-24T14:00,17.3,55,988.3
2025-12-24T15:00,16.6,58,988.8
2025-12-24T16:00,15.8,62,988.8
2025-12-24T17:00,15.0,65,988.7
2025-12-24T18:00,14.2,69,988.9
2025-12-24T19:00,13.3,71,988.5
2025-12-24T20:00,12.9,71,988.4
2025-12-24T21:00,12.3,73,988.1
2025-12-24T22:00,11.7,74,987.9
2025-12-24T23:00,11.2,75,987.6
2025-12-25T00:00,10.7,80,988.1
2025-12-25T01:00,10.3,80,988.5
2025-12-25T02:00,10.0,79,989.4
2025-12-25T03:00,11.2,72,990.6
2025-12-25T04:00,13.5,61,991.5
2025-12-25T05:00,16.3,49,991.8
2025-12-25T06:00,18.8,42,991.4
2025-12-25T07:00,20.4,37,990.7
2025-12-25T08:00,21.3,33,989.9
2025-12-25T09:00,21.8,31,989.1
2025-12-25T10:00,21.6,32,989.1
2025-12-25T11:00,20.8,34,988.9
2025-12-25T12:00,18.7,49,988.7
2025-12-25T13:00,17.4,52,989.2
2025-12-25T14:00,16.7,57,989.8
2025-12-25T15:00,16.3,59,990.3
2025-12-25T16:00,15.8,62,990.6
2025-12-25T17:00,15.2,66,990.5
2025-12-25T18:00,14.2,70,990.4
2025-12-25T19:00,13.3,74,989.9
2025-12-25T20:00,12.4,78,989.7
2025-12-25T21:00,11.8,82,989.4
2025-12-25T22:00,11.1,86,989.1
2025-12-25T23:00,10.4,89,989.2
2025-12-26T00:00,10.9,89,989.5
2025-12-26T01:00,10.4,90,989.7
2025-12-26T02:00,10.2,90,990.3
2025-12-26T03:00,11.0,87,990.9
2025-12-26T04:00,13.2,74,991.8
2025-12-26T05:00,15.8,61,992.1
2025-12-26T06:00,18.1,54,991.4
2025-12-26T07:00,19.8,44,990.9
2025-12-26T08:00,20.9,38,990.1
2025-12-26T09:00,21.2,37,989.7
2025-12-26T10:00,21.0,38,989.3
2025-12-26T11:00,20.0,44,989.1
2025-12-26T12:00,18.9,50,988.8
2025-12-26T13:00,17.9,58,989.4
2025-12-26T14:00,16.9,64,989.8
2025-12-26T15:00,16.3,68,990.1
2025-12-26T16:00,15.3,73,990.0
2025-12-26T17:00,14.4,79,989.8
2025-12-26T18:00,13.9,82,989.8
2025-12-26T19:00,12.5,89,989.3
2025-12-26T20:00,11.9,91,989.1
2025-12-26T21:00,12.0,91,988.7
2025-12-26T22:00,11.6,93,988.6
2025-12-26T23:00,11.0,94,988.3
2025-12-27T00:00,10.6,97,988.7
2025-12-27T01:00,10.3,98,989.1
2025-12-27T02:00,10.3,98,989.8
2025-12-27T03:00,11.1,94,990.7
2025-12-27T04:00,13.0,83,991.7
2025-12-27T05:00,15.4,71,992.1
2025-12-27T06:00,17.4,63,991.6
2025-12-27T07:00,19.3,54,991.1
2025-12-27T08:00,20.3,50,990.1
2025-12-27T09:00,20.8,48,989.3
2025-12-27T10:00,20.8,47,989.1
2025-12-27T11:00,20.1,51,989.0
2025-12-27T12:00,18.7,61,988.7
2025-12-27T13:00,17.9,65,989.2
2025-12-27T14:00,17.3,69,989.9
2025-12-27T15:00,16.9,72,990.4
2025-12-27T16:00,15.5,78,990.1
2025-12-27T17:00,14.8,82,990.1
2025-12-27T18:00,14.4,84,989.9
2025-12-27T19:00,13.3,88,989.5
2025-12-27T20:00,12.3,92,989.3
2025-12-27T21:00,11.6,95,989.4
2025-12-27T22:00,11.4,95,989.5
2025-12-27T23:00,10.8,96,989.0
2025-12-28T00:00,10.2,99,989.2
2025-12-28T01:00,10.0,100,990.0
2025-12-28T02:00,9.8,100,990.6
2025-12-28T03:00,10.3,98,991.5
2025-12-28T04:00,11.7,92,992.0
2025-12-28T05:00,15.2,74,992.7
2025-12-28T06:00,17.6,64,992.3
2025-12-28T07:00,19.5,52,991.7
2025-12-28T08:00,20.6,47,990.8
2025-12-28T09:00,21.0,45,990.0
2025-12-28T10:00,20.9,46,989.7
2025-12-28T11:00,20.2,50,989.8
2025-12-28T12:00,18.4,62,989.6
2025-12-28T13:00,17.1,71,990.0
2025-12-28T14:00,16.4,77,990.4
2025-12-28T15:00,15.2,84,990.8
2025-12-28T16:00,14.2,89,990.9
2025-12-28T17:00,13.5,91,990.5
2025-12-28T18:00,12.8,95,990.3
2025-12-28T19:00,12.2,97,990.2
2025-12-28T20:00,11.8,98,989.7
2025-12-28T21:00,11.2,99,989.4
2025-12-28T22:00,10.8,100,989.2
2025-12-28T23:00,10.6,100,989.1
2025-12-29T00:00,10.8,99,989.5
2025-12-29T01:00,10.7,99,990.0
2025-12-29T02:00,10.8,99,990.6
2025-12-29T03:00,10.8,99,991.2
2025-12-29T04:00,11.8,96,992.0
2025-12-29T05:00,13.2,89,992.3
2025-12-29T06:00,15.3,77,992.1
2025-12-29T07:00,17.7,63,991.3
2025-12-29T08:00,19.1,51,990.4
2025-12-29T09:00,20.0,45,989.7
2025-12-29T10:00,20.1,44,989.2
2025-12-29T11:00,19.4,48,989.1
2025-12-29T12:00,17.1,63,988.8
2025-12-29T13:00,16.2,68,989.3
2025-12-29T14:00,15.5,72,989.8
2025-12-29T15:00,14.9,75,990.3
2025-12-29T16:00,14.4,78,990.2
2025-12-29T17:00,13.9,80,990.0
2025-12-29T18:00,12.9,88,989.9
2025-12-29T19:00,11.8,94,989.3
2025-12-29T20:00,11.0,98,989.1
2025-12-29T21:00,10.5,99,988.6
2025-12-29T22:00,10.4,100,988.2
2025-12-29T23:00,10.1,99,987.7
2025-12-30T00:00,9.9,100,987.9
2025-12-30T01:00,9.8,99,988.0
2025-12-30T02:00,9.8,100,988.7
2025-12-30T03:00,10.3,98,989.1
2025-12-30T04:00,11.3,97,989.8
2025-12-30T05:00,14.1,79,990.0
2025-12-30T06:00,16.7,65,989.1
2025-12-30T07:00,18.9,51,987.8
2025-12-30T08:00,20.3,43,986.7
2025-12-30T09:00,21.0,40,985.8
2025-12-30T10:00,21.0,39,985.2
2025-12-30T11:00,20.3,43,985.2
2025-12-30T12:00,18.7,50,985.1
2025-12-30T13:00,17.2,60,985.5
2025-12-30T14:00,16.3,67,986.1
2025-12-30T15:00,15.7,71,986.5
2025-12-30T16:00,14.9,75,986.6
2025-12-30T17:00,14.0,80,986.3
2025-12-30T18:00,13.1,85,986.4
2025-12-30T19:00,11.6,89,985.9
2025-12-30T20:00,10.5,94,985.8
2025-12-30T21:00,9.7,97,985.5
2025-12-30T22:00,8.9,100,985.2
2025-12-30T23:00,8.7,100,984.8
2025-12-31T00:00,8.6,100,985.1
2025-12-31T01:00,8.3,99,985.4
2025-12-31T02:00,8.4,100,985.9
2025-12-31T03:00,9.2,98,986.7
2025-12-31T04:00,10.7,93,987.4
2025-12-31T05:00,13.3,79,988.0
2025-12-31T06:00,15.4,70,987.6
2025-12-31T07:00,17.3,67,986.5
2025-12-31T08:00,18.6,64,985.4
2025-12-31T09:00,18.9,62,984.7
2025-12-31T10:00,18.6,64,984.0
2025-12-31T11:00,17.6,68,983.9
2025-12-31T12:00,14.2,81,984.4
2025-12-31T13:00,13.2,85,985.0
2025-12-31T14:00,12.5,88,985.4
2025-12-31T15:00,12.1,90,986.0
2025-12-31T16:00,11.8,92,986.3
2025-12-31T17:00,11.5,93,986.3
2025-12-31T18:00,11.4,96,986.2
2025-12-31T19:00,11.1,97,985.9
2025-12-31T20:00,10.8,98,986.0
2025-12-31T21:00,10.5,98,986.1
2025-12-31T22:00,10.3,99,986.1
2025-12-31T23:00,10.1,99,985.9
2026-01-01T00:00,10.7,97,986.6
2026-01-01T01:00,10.9,97,986.8
2026-01-01T02:00,11.0,97,987.4
2026-01-01T03:00,11.4,96,987.8
2026-01-01T04:00,12.1,94,989.1
2026-01-01T05:00,13.1,89,989.7
2026-01-01T06:00,13.9,87,989.6
2026-01-01T07:00,15.5,81,989.0
2026-01-01T08:00,16.7,77,988.4
2026-01-01T09:00,17.2,75,988.0
2026-01-01T10:00,17.3,75,987.8
2026-01-01T11:00,17.0,77,987.4
2026-01-01T12:00,15.4,80,987.5
2026-01-01T13:00,15.0,84,987.9
2026-01-01T14:00,14.2,87,988.4
2026-01-01T15:00,14.0,89,989.0
2026-01-01T16:00,14.3,88,989.5
2026-01-01T17:00,13.3,92,989.3
2026-01-01T18:00,13.3,95,989.5
2026-01-01T19:00,13.1,96,989.5
2026-01-01T20:00,13.3,94,989.2
2026-01-01T21:00,13.2,91,989.2
2026-01-01T22:00,13.3,90,989.2
2026-01-01T23:00,13.0,91,988.9
2026-01-02T00:00,12.1,94,989.0
2026-01-02T01:00,12.4,91,989.6
2026-01-02T02:00,12.1,91,990.4
2026-01-02T03:00,13.0,85,991.2
2026-01-02T04:00,14.3,76,992.3
2026-01-02T05:00,15.5,68,992.8
2026-01-02T06:00,16.1,65,992.6
2026-01-02T07:00,17.0,59,992.0
2026-01-02T08:00,17.6,55,991.6
2026-01-02T09:00,17.8,53,990.8
2026-01-02T10:00,17.8,54,990.5
2026-01-02T11:00,17.2,57,990.2
2026-01-02T12:00,15.3,67,990.4
2026-01-02T13:00,14.2,73,990.8
2026-01-02T14:00,13.4,79,991.4
2026-01-02T15:00,12.6,84,991.7
2026-01-02T16:00,12.2,85,991.8
2026-01-02T17:00,11.6,87,991.7
2026-01-02T18:00,11.6,91,991.8
2026-01-02T19:00,12.4,88,991.3
2026-01-02T20:00,12.4,88,991.3
2026-01-02T21:00,12.3,89,991.2
2026-01-02T22:00,12.0,89,990.8
2026-01-02T23:00,12.0,89,990.1
2026-01-03T00:00,11.1,93,990.2
2026-01-03T01:00,11.5,91,990.6
2026-01-03T02:00,11.6,90,991.2
2026-01-03T03:00,12.2,88,992.0
2026-01-03T04:00,13.1,83,992.8
2026-01-03T05:00,14.1,71,993.4
2026-01-03T06:00,15.2,64,993.2
2026-01-03T07:00,16.0,59,992.5
2026-01-03T08:00,17.0,52,991.6
2026-01-03T09:00,17.7,48,991.1
2026-01-03T10:00,17.7,47,990.8
2026-01-03T11:00,17.2,50,990.8
2026-01-03T12:00,14.8,63,990.9
2026-01-03T13:00,13.6,73,991.4
2026-01-03T14:00,12.8,78,991.8
2026-01-03T15:00,12.5,79,992.3
2026-01-03T16:00,12.1,80,992.6
2026-01-03T17:00,11.7,81,992.4
2026-01-03T18:00,11.1,86,992.1
2026-01-03T19:00,10.6,86,991.8
2026-01-03T20:00,9.8,89,991.4
2026-01-03T21:00,9.4,91,991.4
2026-01-03T22:00,9.1,93,991.4
2026-01-03T23:00,9.0,93,990.9
2026-01-04T00:00,9.5,97,990.9
2026-01-04T01:00,9.9,96,991.5
2026-01-04T02:00,10.0,95,992.4
2026-01-04T03:00,11.1,87,993.4
2026-01-04T04:00,12.5,79,994.4
2026-01-04T05:00,13.5,74,994.8
2026-01-04T06:00,15.0,66,994.7
2026-01-04T07:00,16.4,56,993.8
2026-01-04T08:00,17.1,51,993.0
2026-01-04T09:00,17.4,48,992.4
2026-01-04T10:00,17.5,49,991.9
2026-01-04T11:00,17.0,51,991.6
2026-01-04T12:00,15.2,65,991.8
2026-01-04T13:00,13.6,78,992.2
2026-01-04T14:00,12.9,83,993.0
2026-01-04T15:00,12.7,85,993.8
2026-01-04T16:00,13.0,83,994.4
2026-01-04T17:00,12.7,84,994.4
2026-01-04T18:00,11.9,88,994.4
2026-01-04T19:00,11.3,89,993.9
2026-01-04T20:00,10.7,85,993.8
2026-01-04T21:00,10.4,83,993.4
2026-01-04T22:00,9.9,84,993.1
2026-01-04T23:00,9.6,86,993.1
2026-01-05T00:00,9.1,90,993.5
2026-01-05T01:00,9.0,91,993.8
2026-01-05T02:00,8.6,92,994.1
2026-01-05T03:00,10.0,88,994.9
2026-01-05T04:00,11.9,79,995.7
2026-01-05T05:00,14.0,69,996.0
2026-01-05T06:00,14.9,66,996.0
2026-01-05T07:00,16.2,61,995.1
2026-01-05T08:00,17.1,58,994.0
2026-01-05T09:00,17.6,56,993.4
2026-01-05T10:00,17.7,57,993.1
2026-01-05T11:00,17.1,60,992.7
2026-01-05T12:00,15.5,71,992.7
2026-01-05T13:00,14.4,78,992.8
2026-01-05T14:00,13.3,85,993.3
2026-01-05T15:00,12.9,87,993.5
2026-01-05T16:00,12.8,87,993.6
2026-01-05T17:00,11.8,90,993.4
2026-01-05T18:00,11.5,91,993.2
2026-01-05T19:00,10.8,93,992.8
2026-01-05T20:00,10.6,93,992.8
2026-01-05T21:00,10.2,94,992.3
2026-01-05T22:00,9.7,95,992.3
2026-01-05T23:00,9.3,97,992.2
2026-01-06T00:00,9.0,98,992.3
2026-01-06T01:00,8.4,99,992.8
2026-01-06T02:00,9.2,98,993.6
2026-01-06T03:00,10.3,94,994.5
2026-01-06T04:00,11.8,88,995.3
2026-01-06T05:00,13.9,79,995.7
2026-01-06T06:00,14.6,72,995.7
2026-01-06T07:00,15.8,67,994.9
2026-01-06T08:00,16.7,62,993.8
2026-01-06T09:00,17.3,59,993.4
2026-01-06T10:00,17.5,59,993.0
2026-01-06T11:00,16.9,63,992.8
2026-01-06T12:00,15.2,70,993.0
2026-01-06T13:00,13.6,80,993.4
2026-01-06T14:00,12.7,85,993.8
2026-01-06T15:00,12.0,88,994.3
2026-01-06T16:00,11.4,90,994.7
2026-01-06T17:00,10.8,93,994.8
2026-01-06T18:00,10.5,96,994.7
2026-01-06T19:00,10.2,97,994.2
2026-01-06T20:00,9.8,97,994.1
2026-01-06T21:00,8.8,99,993.9
2026-01-06T22:00,8.5,99,993.7
2026-01-06T23:00,8.2,100,993.5
2026-01-07T00:00,8.8,99,994.2
2026-01-07T01:00,8.9,99,994.6
2026-01-07T02:00,9.0,99,995.3
2026-01-07T03:00,9.4,98,995.8
2026-01-07T04:00,9.9,97,996.4
2026-01-07T05:00,10.7,92,996.9
2026-01-07T06:00,11.6,83,996.9
2026-01-07T07:00,13.4,75,996.1
2026-01-07T08:00,14.7,71,995.2
2026-01-07T09:00,15.5,68,994.6
2026-01-07T10:00,15.7,67,994.1
2026-01-07T11:00,15.2,69,993.9
2026-01-07T12:00,13.3,79,994.0
2026-01-07T13:00,12.3,83,994.2
2026-01-07T14:00,11.5,86,994.4
2026-01-07T15:00,10.7,89,994.8
2026-01-07T16:00,10.3,90,995.0
2026-01-07T17:00,9.8,93,994.7
2026-01-07T18:00,9.5,97,995.0
2026-01-07T19:00,9.1,98,994.6
2026-01-07T20:00,8.5,99,994.3
2026-01-07T21:00,8.5,99,994.5
2026-01-07T22:00,8.6,100,994.4
2026-01-07T23:00,8.6,100,994.2
2026-01-08T00:00,7.3,98,995.1
2026-01-08T01:00,7.2,99,995.4
2026-01-08T02:00,7.1,99,996.1
2026-01-08T03:00,7.3,98,996.9
2026-01-08T04:00,7.8,97,997.7
2026-01-08T05:00,8.9,90,998.0
2026-01-08T06:00,10.3,81,997.8
2026-01-08T07:00,12.1,75,996.9
2026-01-08T08:00,13.4,72,995.7
2026-01-08T09:00,14.2,69,994.7
2026-01-08T10:00,14.5,68,993.8
2026-01-08T11:00,14.1,71,993.3
2026-01-08T12:00,13.4,78,992.9
2026-01-08T13:00,11.9,82,993.2
2026-01-08T14:00,11.0,86,993.8
2026-01-08T15:00,10.2,89,994.3
2026-01-08T16:00,9.5,92,994.5
2026-01-08T17:00,8.9,95,994.2
2026-01-08T18:00,8.4,100,994.1
2026-01-08T19:00,8.2,100,993.9
2026-01-08T20:00,7.7,100,994.0
2026-01-08T21:00,7.4,100,994.2
2026-01-08T22:00,6.7,99,993.9
2026-01-08T23:00,6.3,100,993.5
2026-01-09T00:00,7.0,98,993.6
2026-01-09T01:00,7.0,97,994.4
2026-01-09T02:00,7.0,98,994.7
2026-01-09T03:00,7.3,98,995.3
2026-01-09T04:00,8.5,95,995.9
2026-01-09T05:00,11.1,87,996.1
2026-01-09T06:00,13.3,78,996.0
2026-01-09T07:00,15.1,69,995.2
2026-01-09T08:00,16.5,60,994.3
2026-01-09T09:00,17.2,54,993.4
2026-01-09T10:00,17.5,52,992.9
2026-01-09T11:00,17.0,55,992.8
2026-01-09T12:00,15.2,72,992.2
2026-01-09T13:00,14.2,73,992.6
2026-01-09T14:00,13.2,79,993.0
2026-01-09T15:00,12.3,83,993.3
2026-01-09T16:00,11.4,87,993.2
2026-01-09T17:00,10.7,90,993.2
2026-01-09T18:00,10.2,93,993.0
2026-01-09T19:00,9.7,94,992.6
2026-01-09T20:00,9.3,95,992.3
2026-01-09T21:00,8.8,97,992.3
2026-01-09T22:00,8.4,98,992.0
2026-01-09T23:00,7.9,98,991.6
2026-01-10T00:00,7.6,98,991.6
2026-01-10T01:00,6.6,99,991.9
2026-01-10T02:00,6.5,99,992.3
2026-01-10T03:00,7.8,96,993.1
2026-01-10T04:00,9.7,90,994.1
2026-01-10T05:00,12.0,81,994.5
2026-01-10T06:00,13.9,72,994.1
2026-01-10T07:00,15.9,61,993.3
2026-01-10T08:00,17.2,54,992.0
2026-01-10T09:00,17.7,51,991.5
2026-01-10T10:00,17.7,50,991.2
2026-01-10T11:00,17.0,53,991.3
2026-01-10T12:00,15.5,62,991.2
2026-01-10T13:00,14.0,71,991.8
2026-01-10T14:00,13.4,72,992.6
2026-01-10T15:00,12.4,76,993.0
2026-01-10T16:00,11.4,79,993.5
2026-01-10T17:00,10.6,82,993.7
2026-01-10T18:00,10.2,84,993.8
2026-01-10T19:00,9.5,87,993.7
2026-01-10T20:00,8.9,89,993.9
2026-01-10T21:00,8.4,91,993.9
2026-01-10T22:00,7.8,93,994.0
2026-01-10T23:00,7.4,94,993.8
2026-01-11T00:00,7.0,95,994.1
2026-01-11T01:00,6.6,96,994.3
2026-01-11T02:00,6.2,96,994.9
2026-01-11T03:00,7.0,94,995.5
2026-01-11T04:00,8.7,87,996.5
2026-01-11T05:00,11.0,76,997.4
2026-01-11T06:00,12.9,66,997.1
2026-01-11T07:00,14.9,54,996.3
2026-01-11T08:00,16.2,46,995.2
2026-01-11T09:00,16.9,42,994.3
2026-01-11T10:00,16.8,43,993.7
2026-01-11T11:00,16.0,49,993.4
2026-01-11T12:00,14.4,57,993.0
2026-01-11T13:00,13.1,63,993.5
2026-01-11T14:00,12.2,68,993.6
2026-01-11T15:00,11.3,72,993.8
2026-01-11T16:00,10.4,76,993.8
2026-01-11T17:00,9.6,80,994.0
2026-01-11T18:00,9.1,82,994.2
2026-01-11T19:00,8.5,85,994.0
2026-01-11T20:00,7.8,87,993.8
2026-01-11T21:00,7.2,89,993.6
2026-01-11T22:00,6.6,90,993.4
2026-01-11T23:00,6.0,91,993.1
2026-01-12T00:00,5.8,91,993.3
2026-01-12T01:00,5.3,92,993.9
2026-01-12T02:00,5.0,93,994.3
2026-01-12T03:00,6.0,90,994.9
2026-01-12T04:00,8.2,82,995.8
2026-01-12T05:00,10.9,71,996.3
2026-01-12T06:00,13.1,61,996.6
2026-01-12T07:00,15.4,49,995.9
2026-01-12T08:00,16.7,40,995.1
2026-01-12T09:00,17.3,37,994.4
2026-01-12T10:00,17.4,36,994.1
2026-01-12T11:00,16.7,43,993.5
2026-01-12T12:00,15.1,54,993.5
2026-01-12T13:00,13.0,63,994.1
2026-01-12T14:00,12.0,69,994.6
2026-01-12T15:00,11.1,72,995.1
2026-01-12T16:00,10.1,77,995.1
2026-01-12T17:00,9.0,83,995.1
2026-01-12T18:00,8.5,86,995.2
2026-01-12T19:00,7.6,88,994.7
2026-01-12T20:00,7.0,91,994.6
2026-01-12T21:00,6.4,94,994.4
2026-01-12T22:00,5.8,96,994.1
2026-01-12T23:00,5.8,97,993.7
2026-01-13T00:00,4.9,100,993.7
2026-01-13T01:00,4.8,100,994.1
2026-01-13T02:00,4.2,100,994.2
2026-01-13T03:00,5.4,98,994.8
2026-01-13T04:00,8.2,93,995.5
2026-01-13T05:00,9.0,93,995.6
2026-01-13T06:00,12.2,77,995.4
2026-01-13T07:00,15.9,58,994.3
2026-01-13T08:00,17.8,47,993.1
2026-01-13T09:00,18.5,45,992.2
2026-01-13T10:00,18.3,47,991.5
2026-01-13T11:00,17.4,50,990.9
2026-01-13T12:00,16.0,49,990.8
2026-01-13T13:00,14.6,57,991.1
2026-01-13T14:00,13.3,64,991.3
2026-01-13T15:00,12.1,70,991.3
2026-01-13T16:00,10.9,77,991.2
2026-01-13T17:00,9.9,82,990.9
2026-01-13T18:00,9.5,85,990.8
2026-01-13T19:00,8.8,88,990.2
2026-01-13T20:00,8.2,91,989.8
2026-01-13T21:00,7.8,92,990.0
2026-01-13T22:00,7.2,95,989.6
2026-01-13T23:00,6.5,98,989.3
2026-01-14T00:00,5.9,100,989.5
2026-01-14T01:00,5.7,100,990.0
2026-01-14T02:00,5.5,98,990.4
2026-01-14T03:00,5.5,98,991.0
2026-01-14T04:00,6.7,91,991.7
2026-01-14T05:00,9.5,74,992.1
2026-01-14T06:00,12.2,63,991.6
2026-01-14T07:00,14.8,54,990.7
2026-01-14T08:00,16.5,46,989.6
2026-01-14T09:00,17.5,42,989.0
2026-01-14T10:00,17.6,42,989.0
2026-01-14T11:00,16.7,46,988.7
2026-01-14T12:00,15.6,52,988.7
2026-01-14T13:00,13.8,64,989.2
2026-01-14T14:00,13.0,71,989.7
2026-01-14T15:00,12.1,76,990.3
2026-01-14T16:00,11.3,81,990.7
2026-01-14T17:00,10.6,85,990.9
2026-01-14T18:00,10.1,87,991.2
2026-01-14T19:00,8.9,91,990.9
2026-01-14T20:00,8.0,94,990.2
2026-01-14T21:00,7.5,96,990.0
2026-01-14T22:00,7.1,97,989.6
2026-01-14T23:00,6.7,98,989.2
2026-01-15T00:00,6.3,100,989.2
2026-01-15T01:00,6.1,100,989.8
2026-01-15T02:00,6.1,99,990.5
2026-01-15T03:00,7.1,98,991.5
2026-01-15T04:00,8.0,97,992.1
2026-01-15T05:00,10.7,82,992.5
2026-01-15T06:00,12.4,69,992.5
2026-01-15T07:00,14.6,60,991.4
2026-01-15T08:00,16.4,52,990.2
2026-01-15T09:00,17.6,46,989.3
2026-01-15T10:00,17.8,45,989.1
2026-01-15T11:00,17.2,50,988.8
2026-01-15T12:00,16.2,57,988.8
2026-01-15T13:00,14.7,64,988.9
2026-01-15T14:00,13.8,68,989.3
2026-01-15T15:00,12.9,70,989.7
2026-01-15T16:00,12.0,73,990.0
2026-01-15T17:00,11.0,76,989.9
2026-01-15T18:00,9.9,84,990.3
2026-01-15T19:00,8.7,88,989.6
2026-01-15T20:00,8.0,90,989.2
2026-01-15T21:00,7.6,91,989.0
2026-01-15T22:00,7.3,91,988.8
2026-01-15T23:00,6.8,92,988.2
2026-01-16T00:00,6.4,94,988.7
2026-01-16T01:00,6.3,94,988.8
2026-01-16T02:00,6.4,93,989.2
2026-01-16T03:00,7.7,87,990.0
2026-01-16T04:00,10.4,77,990.9
2026-01-16T05:00,13.6,64,991.2
2026-01-16T06:00,15.8,54,991.4
2026-01-16T07:00,18.0,43,990.4
2026-01-16T08:00,19.5,38,989.4
2026-01-16T09:00,20.2,36,988.5
2026-01-16T10:00,20.3,37,988.2
2026-01-16T11:00,19.6,40,987.9
2026-01-16T12:00,17.0,61,988.0
2026-01-16T13:00,15.3,68,988.2
2026-01-16T14:00,14.7,71,988.5
2026-01-16T15:00,14.1,72,988.2
2026-01-16T16:00,13.4,74,988.5
2026-01-16T17:00,12.6,77,988.2
2026-01-16T18:00,12.2,77,988.5
2026-01-16T19:00,11.4,77,988.3
2026-01-16T20:00,10.2,84,988.1
2026-01-16T21:00,8.9,91,987.8
2026-01-16T22:00,8.1,94,987.7
2026-01-16T23:00,7.6,94,987.3
2026-01-17T00:00,7.1,96,987.5
2026-01-17T01:00,6.6,97,987.7
2026-01-17T02:00,6.3,99,988.3
2026-01-17T03:00,7.1,98,988.6
2026-01-17T04:00,9.6,91,989.6
2026-01-17T05:00,13.1,76,990.2
2026-01-17T06:00,16.5,60,990.0
2026-01-17T07:00,19.6,48,989.2
2026-01-17T08:00,21.2,42,988.0
2026-01-17T09:00,22.0,40,987.1
2026-01-17T10:00,22.2,40,986.5
2026-01-17T11:00,21.3,44,986.0
2026-01-17T12:00,19.3,58,985.8
2026-01-17T13:00,16.9,71,985.7
2026-01-17T14:00,15.6,77,985.8
2026-01-17T15:00,14.8,80,985.9
2026-01-17T16:00,13.9,83,985.9
2026-01-17T17:00,12.8,87,985.7
2026-01-17T18:00,12.3,91,985.6
2026-01-17T19:00,11.2,95,985.5
2026-01-17T20:00,10.7,96,985.2
2026-01-17T21:00,10.1,97,984.7
2026-01-17T22:00,9.5,99,984.2
2026-01-17T23:00,9.0,100,983.8
2026-01-18T00:00,7.8,98,983.7
2026-01-18T01:00,7.8,99,984.3
2026-01-18T02:00,7.3,100,984.8
2026-01-18T03:00,8.1,98,985.6
2026-01-18T04:00,9.3,95,986.8
2026-01-18T05:00,11.4,87,987.8
2026-01-18T06:00,15.7,72,987.3
2026-01-18T07:00,19.3,58,986.5
2026-01-18T08:00,20.9,52,985.7
2026-01-18T09:00,21.7,50,985.0
2026-01-18T10:00,21.7,47,984.8
2026-01-18T11:00,21.3,48,984.9
2026-01-18T12:00,19.9,51,985.0
2026-01-18T13:00,18.6,60,985.5
2026-01-18T14:00,17.6,69,986.0
2026-01-18T15:00,16.4,77,986.5
2026-01-18T16:00,15.5,83,987.0
2026-01-18T17:00,14.8,87,987.0
2026-01-18T18:00,14.2,89,986.9
2026-01-18T19:00,13.5,89,987.1
2026-01-18T20:00,13.0,88,987.2
2026-01-18T21:00,12.3,90,986.9
2026-01-18T22:00,11.6,92,986.6
2026-01-18T23:00,10.8,94,986.5
2026-01-19T00:00,10.7,94,986.6
2026-01-19T01:00,10.0,95,987.0
2026-01-19T02:00,9.5,97,987.6
2026-01-19T03:00,11.1,91,988.3
2026-01-19T04:00,14.1,76,989.3
2026-01-19T05:00,17.5,61,990.0
2026-01-19T06:00,20.1,49,989.8
2026-01-19T07:00,23.0,33,989.3
2026-01-19T08:00,24.3,24,988.2
2026-01-19T09:00,24.7,23,987.6
2026-01-19T10:00,24.5,25,987.1
2026-01-19T11:00,23.6,31,987.1
2026-01-19T12:00,21.8,38,986.7
2026-01-19T13:00,20.1,45,987.1
2026-01-19T14:00,18.7,51,987.4
2026-01-19T15:00,17.7,57,987.7
2026-01-19T16:00,16.7,65,987.7
2026-01-19T17:00,15.8,71,987.7
2026-01-19T18:00,15.6,74,987.8
2026-01-19T19:00,14.5,79,987.5
2026-01-19T20:00,13.6,82,987.4
2026-01-19T21:00,13.0,82,987.1
2026-01-19T22:00,12.3,83,986.9
2026-01-19T23:00,11.8,86,986.7
2026-01-20T00:00,11.4,87,987.1
2026-01-20T01:00,11.0,88,987.7
2026-01-20T02:00,10.6,88,988.3
2026-01-20T03:00,12.0,79,989.1
2026-01-20T04:00,14.8,66,990.2
2026-01-20T05:00,18.4,54,991.4
2026-01-20T06:00,21.6,45,991.3
2026-01-20T07:00,23.7,34,990.7
2026-01-20T08:00,24.6,27,989.7
2026-01-20T09:00,24.7,27,988.9
2026-01-20T10:00,24.3,29,988.4
2026-01-20T11:00,23.4,33,988.3
2026-01-20T12:00,22.2,34,988.2
2026-01-20T13:00,20.7,45,988.8
2026-01-20T14:00,19.6,55,989.0
2026-01-20T15:00,18.4,63,989.6
2026-01-20T16:00,17.1,70,990.0
2026-01-20T17:00,16.3,75,990.1
2026-01-20T18:00,16.1,76,990.3
2026-01-20T19:00,14.7,81,990.0
2026-01-20T20:00,14.0,81,989.9
2026-01-20T21:00,13.2,82,989.5
2026-01-20T22:00,12.4,84,989.4
2026-01-20T23:00,11.8,85,989.3
2026-01-21T00:00,11.3,92,989.5
2026-01-21T01:00,10.6,94,989.8
2026-01-21T02:00,10.0,96,990.5
2026-01-21T03:00,11.0,91,991.4
2026-01-21T04:00,13.6,78,992.4
2026-01-21T05:00,17.1,62,993.0
2026-01-21T06:00,20.6,50,992.6
2026-01-21T07:00,22.5,39,991.8
2026-01-21T08:00,23.3,34,990.9
2026-01-21T09:00,23.5,32,990.2
2026-01-21T10:00,23.3,31,989.8
2026-01-21T11:00,22.5,31,989.7
2026-01-21T12:00,21.2,34,989.6
2026-01-21T13:00,19.4,42,990.0
2026-01-21T14:00,18.2,50,990.3
2026-01-21T15:00,17.1,58,990.7
2026-01-21T16:00,15.9,65,990.8
2026-01-21T17:00,14.8,71,990.7
2026-01-21T18:00,14.1,76,991.0
2026-01-21T19:00,12.7,80,990.6
2026-01-21T20:00,12.0,80,990.3
2026-01-21T21:00,11.2,82,990.0
2026-01-21T22:00,10.6,82,989.5
2026-01-21T23:00,10.2,82,989.0
2026-01-22T00:00,9.6,89,988.9
2026-01-22T01:00,9.1,89,989.0
2026-01-22T02:00,8.9,90,989.1
2026-01-22T03:00,10.8,81,989.9
2026-01-22T04:00,14.4,66,990.4
2026-01-22T05:00,18.3,50,991.1
2026-01-22T06:00,21.1,40,991.3
2026-01-22T07:00,23.3,36,990.4
2026-01-22T08:00,24.5,33,989.3
2026-01-22T09:00,25.0,32,988.1
2026-01-22T10:00,24.8,35,987.7
2026-01-22T11:00,23.7,41,987.3
2026-01-22T12:00,21.8,50,987.5
2026-01-22T13:00,20.5,58,988.1
2026-01-22T14:00,19.7,64,988.4
2026-01-22T15:00,18.9,68,988.7
2026-01-22T16:00,18.5,70,988.6
2026-01-22T17:00,18.0,70,987.9
2026-01-22T18:00,17.7,71,987.7
2026-01-22T19:00,17.0,73,987.4
2026-01-22T20:00,16.3,75,987.0
2026-01-22T21:00,16.0,76,986.5
2026-01-22T22:00,16.1,74,986.1
2026-01-22T23:00,16.1,74,986.0
2026-01-23T00:00,15.6,78,985.4
2026-01-23T01:00,15.1,80,985.5
2026-01-23T02:00,14.7,84,986.2
2026-01-23T03:00,14.8,85,989.0
2026-01-23T04:00,14.6,88,989.6
2026-01-23T05:00,15.2,86,989.7
2026-01-23T06:00,14.3,91,989.7
2026-01-23T07:00,14.6,89,988.3
2026-01-23T08:00,15.7,87,987.8
2026-01-23T09:00,17.4,78,987.0
2026-01-23T10:00,16.7,82,987.0
2026-01-23T11:00,16.2,86,987.0
2026-01-23T12:00,15.4,85,988.7
2026-01-23T13:00,14.7,87,989.5
2026-01-23T14:00,14.3,90,990.8
2026-01-23T15:00,14.3,92,991.3
2026-01-23T16:00,13.6,95,991.9
2026-01-23T17:00,13.0,97,992.3
2026-01-23T18:00,13.0,95,992.7
2026-01-23T19:00,12.7,97,993.0
2026-01-23T20:00,13.1,96,993.0
2026-01-23T21:00,12.7,96,993.4
2026-01-23T22:00,12.1,97,993.6
2026-01-23T23:00,10.7,92,993.9
2026-01-24T00:00,10.4,83,994.6
2026-01-24T01:00,10.1,77,995.3
2026-01-24T02:00,9.8,73,996.1
2026-01-24T03:00,10.1,72,996.6
2026-01-24T04:00,11.2,67,997.4
2026-01-24T05:00,12.5,60,997.5
2026-01-24T06:00,14.2,52,997.4
2026-01-24T07:00,15.5,47,996.3
2026-01-24T08:00,16.4,46,995.1
2026-01-24T09:00,16.6,47,994.5
2026-01-24T10:00,16.4,49,993.8
2026-01-24T11:00,15.6,53,993.3
2026-01-24T12:00,14.2,62,992.8
2026-01-24T13:00,12.7,67,993.5
2026-01-24T14:00,11.9,70,994.2
2026-01-24T15:00,11.0,72,994.8
2026-01-24T16:00,10.1,74,994.8
2026-01-24T17:00,9.5,75,994.6
2026-01-24T18:00,9.3,76,994.4
2026-01-24T19:00,8.9,76,993.8
2026-01-24T20:00,8.5,77,993.4
2026-01-24T21:00,8.3,78,992.7
2026-01-24T22:00,7.8,79,992.2
2026-01-24T23:00,7.4,82,991.6
2026-01-25T00:00,7.2,84,991.8
2026-01-25T01:00,7.0,86,991.9
2026-01-25T02:00,6.7,87,992.4
2026-01-25T03:00,7.3,85,993.1
2026-01-25T04:00,8.8,80,994.0
2026-01-25T05:00,11.0,74,994.4
2026-01-25T06:00,13.5,67,993.9
2026-01-25T07:00,15.2,60,993.1
2026-01-25T08:00,16.1,57,992.2
2026-01-25T09:00,16.6,56,991.6
2026-01-25T10:00,16.6,56,991.3
2026-01-25T11:00,16.1,59,990.8
2026-01-25T12:00,14.7,73,990.5
2026-01-25T13:00,13.5,74,991.4
2026-01-25T14:00,12.3,79,991.5
2026-01-25T15:00,11.5,82,992.0
2026-01-25T16:00,11.0,83,992.4
2026-01-25T17:00,10.3,84,992.5
2026-01-25T18:00,9.7,88,992.2
2026-01-25T19:00,9.0,89,991.6
2026-01-25T20:00,8.3,91,991.4
2026-01-25T21:00,8.0,92,991.4
2026-01-25T22:00,7.9,91,991.4
2026-01-25T23:00,7.3,93,991.0
2026-01-26T00:00,7.2,92,991.2
2026-01-26T01:00,6.9,93,991.6
2026-01-26T02:00,6.6,94,992.4
2026-01-26T03:00,7.9,92,993.2
2026-01-26T04:00,10.2,86,994.2
2026-01-26T05:00,12.9,79,994.8
2026-01-26T06:00,15.0,69,994.4
2026-01-26T07:00,17.0,62,993.5
2026-01-26T08:00,17.8,57,992.7
2026-01-26T09:00,18.4,55,991.8
2026-01-26T10:00,18.5,56,991.3
2026-01-26T11:00,18.2,58,991.2
2026-01-26T12:00,16.7,71,990.7
2026-01-26T13:00,16.2,72,991.4
2026-01-26T14:00,15.5,73,991.6
2026-01-26T15:00,15.0,75,992.4
2026-01-26T16:00,14.0,75,992.5
2026-01-26T17:00,12.5,83,992.0
2026-01-26T18:00,12.3,85,992.3
2026-01-26T19:00,11.0,89,991.7
2026-01-26T20:00,10.7,90,991.5
2026-01-26T21:00,10.4,92,991.2
2026-01-26T22:00,10.6,90,990.7
2026-01-26T23:00,10.8,86,990.0
2026-01-27T00:00,11.0,84,990.2
2026-01-27T01:00,11.1,83,990.6
2026-01-27T02:00,11.0,83,990.9
2026-01-27T03:00,12.2,81,991.3
2026-01-27T04:00,13.5,79,991.7
2026-01-27T05:00,14.7,73,993.8
2026-01-27T06:00,16.0,69,992.8
2026-01-27T07:00,17.8,71,991.6
2026-01-27T08:00,19.0,72,990.6
2026-01-27T09:00,19.5,73,989.3
2026-01-27T10:00,19.2,75,988.9
2026-01-27T11:00,18.7,77,988.4
2026-01-27T12:00,15.9,90,989.2
2026-01-27T13:00,14.9,91,989.7
2026-01-27T14:00,14.3,90,990.4
2026-01-27T15:00,14.5,90,990.8
2026-01-27T16:00,14.4,92,991.0
2026-01-27T17:00,13.8,94,991.0
2026-01-27T18:00,13.4,95,991.2
2026-01-27T19:00,12.8,96,991.0
2026-01-27T20:00,12.9,96,991.0
2026-01-27T21:00,12.2,97,991.1
2026-01-27T22:00,11.8,96,991.0
2026-01-27T23:00,12.0,98,990.6
2026-01-28T00:00,11.6,95,990.9
2026-01-28T01:00,11.9,96,991.5
2026-01-28T02:00,12.5,97,992.5
2026-01-28T03:00,13.4,94,993.6
2026-01-28T04:00,14.0,89,994.9
2026-01-28T05:00,14.4,87,995.0
2026-01-28T06:00,16.0,81,994.5
2026-01-28T07:00,16.7,76,993.9
2026-01-28T08:00,17.7,70,993.2
2026-01-28T09:00,18.1,67,992.8
2026-01-28T10:00,18.3,65,992.8
2026-01-28T11:00,18.1,63,992.9
2026-01-28T12:00,17.2,73,992.7
2026-01-28T13:00,15.3,81,992.5
2026-01-28T14:00,14.6,86,992.9
2026-01-28T15:00,13.8,88,992.9
2026-01-28T16:00,13.0,90,993.1
2026-01-28T17:00,12.4,92,993.0
2026-01-28T18:00,12.1,95,993.1
2026-01-28T19:00,12.1,95,992.8
2026-01-28T20:00,11.7,96,992.8
2026-01-28T21:00,11.5,96,992.4
2026-01-28T22:00,11.1,97,992.2
2026-01-28T23:00,10.6,97,991.6
2026-01-29T00:00,10.5,100,992.0
2026-01-29T01:00,10.5,100,992.3
2026-01-29T02:00,10.6,100,992.9
2026-01-29T03:00,11.0,98,993.4
2026-01-29T04:00,12.1,93,994.4
2026-01-29T05:00,13.9,87,994.8
2026-01-29T06:00,15.2,80,995.1
2026-01-29T07:00,17.0,70,994.2
2026-01-29T08:00,17.9,67,993.1
2026-01-29T09:00,18.4,66,992.3
2026-01-29T10:00,18.5,64,991.9
2026-01-29T11:00,18.1,67,991.6
2026-01-29T12:00,16.4,76,992.0
2026-01-29T13:00,14.8,83,992.0
2026-01-29T14:00,14.2,86,992.1
2026-01-29T15:00,13.6,87,992.6
2026-01-29T16:00,12.8,89,993.1
2026-01-29T17:00,12.1,91,993.0
2026-01-29T18:00,11.4,93,992.8
2026-01-29T19:00,11.5,93,992.5
2026-01-29T20:00,10.8,94,992.3
2026-01-29T21:00,10.5,94,991.6
2026-01-29T22:00,10.5,94,991.6
2026-01-29T23:00,10.5,93,991.6
2026-01-30T00:00,9.8,95,991.3
2026-01-30T01:00,8.9,96,991.5
2026-01-30T02:00,8.7,96,991.5
2026-01-30T03:00,10.9,93,992.4
2026-01-30T04:00,12.8,88,993.3
2026-01-30T05:00,14.8,80,993.7
2026-01-30T06:00,16.4,74,993.6
2026-01-30T07:00,18.0,68,992.7
2026-01-30T08:00,19.0,63,991.5
2026-01-30T09:00,19.5,62,990.6
2026-01-30T10:00,19.5,61,990.6
2026-01-30T11:00,19.0,65,990.5
2026-01-30T12:00,17.9,74,990.4
2026-01-30T13:00,16.2,83,990.3
2026-01-30T14:00,15.4,82,990.6
2026-01-30T15:00,14.7,84,990.9
2026-01-30T16:00,13.9,86,991.4
2026-01-30T17:00,13.3,89,991.5
2026-01-30T18:00,12.6,95,991.3
2026-01-30T19:00,11.3,100,991.1
2026-01-30T20:00,10.2,100,990.9
2026-01-30T21:00,9.7,99,990.8
2026-01-30T22:00,9.7,98,990.7
2026-01-30T23:00,9.4,99,990.6
2026-01-31T00:00,8.3,100,990.7
2026-01-31T01:00,8.7,99,991.3
2026-01-31T02:00,8.9,97,991.9
2026-01-31T03:00,9.7,94,992.8
2026-01-31T04:00,11.2,96,993.4
2026-01-31T05:00,12.9,92,994.4
2026-01-31T06:00,16.1,81,994.5
2026-01-31T07:00,17.9,73,993.7
2026-01-31T08:00,19.1,65,992.5
2026-01-31T09:00,19.7,63,991.7
2026-01-31T10:00,19.8,63,991.4
2026-01-31T11:00,19.4,66,991.3
2026-01-31T12:00,17.8,74,990.8
2026-01-31T13:00,16.6,80,991.3
2026-01-31T14:00,15.8,84,991.3
2026-01-31T15:00,15.2,86,991.8
2026-01-31T16:00,14.6,89,991.9
2026-01-31T17:00,14.1,91,991.6
2026-01-31T18:00,13.8,92,991.6
2026-01-31T19:00,13.4,93,991.0
2026-01-31T20:00,13.3,90,992.0
2026-01-31T21:00,13.4,87,990.6
2026-01-31T22:00,12.5,88,991.3
2026-01-31T23:00,12.4,93,991.5
2026-02-01T00:00,12.9,95,991.0
2026-02-01T01:00,12.7,95,991.0
2026-02-01T02:00,12.7,95,991.8
2026-02-01T03:00,13.8,94,992.7
2026-02-01T04:00,15.4,91,993.2
2026-02-01T05:00,17.2,85,993.7
2026-02-01T06:00,18.5,72,994.0
2026-02-01T07:00,19.4,67,993.3
2026-02-01T08:00,20.1,67,992.3
2026-02-01T09:00,20.5,67,991.4
2026-02-01T10:00,20.6,67,991.3
2026-02-01T11:00,20.4,69,991.3
2026-02-01T12:00,19.6,78,990.8
2026-02-01T13:00,17.9,82,991.0
2026-02-01T14:00,17.0,86,991.3
2026-02-01T15:00,16.2,89,991.8
2026-02-01T16:00,15.7,91,992.4
2026-02-01T17:00,15.0,93,992.6
2026-02-01T18:00,14.6,96,992.9
2026-02-01T19:00,14.2,96,992.8
2026-02-01T20:00,13.9,100,993.0
2026-02-01T21:00,13.2,98,992.8
2026-02-01T22:00,12.3,98,992.8
2026-02-01T23:00,11.8,98,992.6
2026-02-02T00:00,12.8,98,992.4
2026-02-02T01:00,12.8,98,992.5
2026-02-02T02:00,12.8,98,993.0
2026-02-02T03:00,13.2,98,993.8
2026-02-02T04:00,14.1,98,994.3
2026-02-02T05:00,15.5,92,994.6
2026-02-02T06:00,16.6,88,994.5
2026-02-02T07:00,17.9,81,993.8
2026-02-02T08:00,19.1,73,992.9
2026-02-02T09:00,19.9,67,992.0
2026-02-02T10:00,20.0,66,991.3
2026-02-02T11:00,19.7,68,991.1
2026-02-02T12:00,17.8,77,991.1
2026-02-02T13:00,16.4,84,991.1
2026-02-02T14:00,15.8,86,991.4
2026-02-02T15:00,15.2,88,991.8
2026-02-02T16:00,14.6,89,992.1
2026-02-02T17:00,14.0,90,991.9
2026-02-02T18:00,13.7,93,992.0
2026-02-02T19:00,13.4,94,991.9
2026-02-02T20:00,12.8,94,991.8
2026-02-02T21:00,12.0,95,991.6
2026-02-02T22:00,11.8,96,991.5
2026-02-02T23:00,10.9,97,991.3
2026-02-03T00:00,10.7,100,991.8
2026-02-03T01:00,10.6,99,992.4
2026-02-03T02:00,10.6,100,993.2
2026-02-03T03:00,11.1,98,994.6
2026-02-03T04:00,12.2,98,995.3
2026-02-03T05:00,14.3,90,995.8
2026-02-03T06:00,16.0,82,995.9
2026-02-03T07:00,17.7,75,995.3
2026-02-03T08:00,18.8,68,994.5
2026-02-03T09:00,19.4,63,993.7
2026-02-03T10:00,19.5,60,993.4
2026-02-03T11:00,19.3,59,993.2
2026-02-03T12:00,18.9,66,993.3
2026-02-03T13:00,17.1,69,993.4
2026-02-03T14:00,16.0,78,993.9
2026-02-03T15:00,15.5,79,994.3
2026-02-03T16:00,14.7,81,994.6
2026-02-03T17:00,14.0,84,994.7
2026-02-03T18:00,13.5,87,994.8
2026-02-03T19:00,12.6,89,994.8
2026-02-03T20:00,11.8,92,994.8
2026-02-03T21:00,11.4,93,994.4
2026-02-03T22:00,11.2,94,994.2
2026-02-03T23:00,10.7,94,994.1
2026-02-04T00:00,10.9,95,994.3
2026-02-04T01:00,11.0,94,994.7
2026-02-04T02:00,11.0,93,994.9
2026-02-04T03:00,12.1,91,995.2
2026-02-04T04:00,14.3,86,996.1
2026-02-04T05:00,16.7,78,996.6
2026-02-04T06:00,18.2,69,996.3
2026-02-04T07:00,19.4,61,995.6
2026-02-04T08:00,20.1,55,994.5
2026-02-04T09:00,20.4,53,993.7
2026-02-04T10:00,20.3,55,993.4
2026-02-04T11:00,19.7,56,993.2
2026-02-04T12:00,18.8,62,992.8
2026-02-04T13:00,16.9,72,992.8
2026-02-04T14:00,16.1,77,992.9
2026-02-04T15:00,15.4,79,993.1
2026-02-04T16:00,14.9,81,993.3
2026-02-04T17:00,14.1,83,993.1
2026-02-04T18:00,13.8,86,993.0
2026-02-04T19:00,13.2,88,992.7
2026-02-04T20:00,12.8,89,992.6
2026-02-04T21:00,12.4,90,992.3
2026-02-04T22:00,12.1,90,991.9
2026-02-04T23:00,11.7,90,991.8
2026-02-05T00:00,11.3,88,992.1
2026-02-05T01:00,10.8,89,992.5
2026-02-05T02:00,10.6,89,992.9
2026-02-05T03:00,11.8,85,993.5
2026-02-05T04:00,13.9,78,994.4
2026-02-05T05:00,16.1,72,994.8
2026-02-05T06:00,18.5,64,994.3
2026-02-05T07:00,20.1,55,993.8
2026-02-05T08:00,21.0,47,992.7
2026-02-05T09:00,21.4,43,992.3
2026-02-05T10:00,21.2,44,992.0
2026-02-05T11:00,20.5,47,991.9
2026-02-05T12:00,19.3,54,991.7
2026-02-05T13:00,17.3,65,992.0
2026-02-05T14:00,16.4,70,992.3
2026-02-05T15:00,15.5,73,992.5
2026-02-05T16:00,15.0,73,992.7
2026-02-05T17:00,14.3,75,992.5
2026-02-05T18:00,13.9,77,992.6
2026-02-05T19:00,13.3,79,992.3
2026-02-05T20:00,12.7,81,992.0
2026-02-05T21:00,12.2,81,991.4
2026-02-05T22:00,12.0,81,991.2
2026-02-05T23:00,11.7,81,990.7
2026-02-06T00:00,11.6,82,990.8
2026-02-06T01:00,11.3,83,991.7
2026-02-06T02:00,11.2,82,992.2
2026-02-06T03:00,12.8,75,993.2
2026-02-06T04:00,14.9,70,993.9
2026-02-06T05:00,17.4,62,994.2
2026-02-06T06:00,20.2,54,994.0
2026-02-06T07:00,22.1,46,993.1
2026-02-06T08:00,22.8,42,992.1
2026-02-06T09:00,23.0,42,991.2
2026-02-06T10:00,22.7,46,990.6
2026-02-06T11:00,22.1,48,990.3
2026-02-06T12:00,20.9,53,990.0
2026-02-06T13:00,19.0,62,990.3
2026-02-06T14:00,18.0,69,990.6
2026-02-06T15:00,17.5,70,991.1
2026-02-06T16:00,17.1,69,991.3
2026-02-06T17:00,16.7,69,991.3
2026-02-06T18:00,16.3,71,991.3
2026-02-06T19:00,15.7,72,990.7
2026-02-06T20:00,15.0,75,990.5
2026-02-06T21:00,14.4,77,990.1
2026-02-06T22:00,13.8,79,989.6
2026-02-06T23:00,13.3,81,989.0
2026-02-07T00:00,13.2,83,989.3
2026-02-07T01:00,12.8,84,989.7
2026-02-07T02:00,12.8,84,990.1
2026-02-07T03:00,14.3,78,990.8
2026-02-07T04:00,16.3,71,991.5
2026-02-07T05:00,18.7,63,991.5
2026-02-07T06:00,21.0,55,991.2
2026-02-07T07:00,22.7,49,990.5
2026-02-07T08:00,23.6,44,989.4
2026-02-07T09:00,24.1,43,988.5
2026-02-07T10:00,24.0,41,988.1
2026-02-07T11:00,23.3,45,988.0
2026-02-07T12:00,22.2,49,987.5
2026-02-07T13:00,20.8,56,987.8
2026-02-07T14:00,19.8,61,988.1
2026-02-07T15:00,19.0,62,988.7
2026-02-07T16:00,18.1,65,989.3
2026-02-07T17:00,17.3,71,989.5
2026-02-07T18:00,16.8,76,989.4
2026-02-07T19:00,16.0,75,988.9
2026-02-07T20:00,15.4,72,988.9
2026-02-07T21:00,14.7,71,988.7
2026-02-07T22:00,14.0,72,988.5
2026-02-07T23:00,13.3,73,988.0
2026-02-08T00:00,12.8,75,987.8
2026-02-08T01:00,12.1,77,988.1
2026-02-08T02:00,11.8,76,988.5
2026-02-08T03:00,13.3,70,989.0
2026-02-08T04:00,15.6,60,990.1
2026-02-08T05:00,18.3,48,990.8
2026-02-08T06:00,21.1,39,990.5
2026-02-08T07:00,22.6,33,990.2
2026-02-08T08:00,23.4,29,989.2
2026-02-08T09:00,23.6,30,988.3
2026-02-08T10:00,23.2,32,987.7
2026-02-08T11:00,22.5,35,987.4
2026-02-08T12:00,21.3,39,987.1
2026-02-08T13:00,19.9,43,987.0
2026-02-08T14:00,19.0,48,987.5
2026-02-08T15:00,18.2,52,987.9
2026-02-08T16:00,17.5,55,988.1
2026-02-08T17:00,16.4,59,987.8
2026-02-08T18:00,16.3,64,988.2
2026-02-08T19:00,15.2,67,987.7
2026-02-08T20:00,14.4,70,987.3
2026-02-08T21:00,13.5,74,987.3
2026-02-08T22:00,12.4,80,986.8
2026-02-08T23:00,11.5,84,986.1
2026-02-09T00:00,11.4,90,986.4
2026-02-09T01:00,11.6,87,987.1
2026-02-09T02:00,12.0,83,987.9
2026-02-09T03:00,13.4,75,989.1
2026-02-09T04:00,16.3,62,990.2
2026-02-09T05:00,19.1,48,991.0
2026-02-09T06:00,21.5,37,990.9
2026-02-09T07:00,23.2,31,990.3
2026-02-09T08:00,23.9,31,989.3
2026-02-09T09:00,24.1,31,988.4
2026-02-09T10:00,24.0,32,988.1
2026-02-09T11:00,23.5,35,988.0
2026-02-09T12:00,22.6,35,987.6
2026-02-09T13:00,20.7,45,987.8
2026-02-09T14:00,19.2,53,988.5
2026-02-09T15:00,18.2,58,988.9
2026-02-09T16:00,17.6,60,989.2
2026-02-09T17:00,16.5,63,989.0
2026-02-09T18:00,15.7,67,988.7
2026-02-09T19:00,14.9,71,988.4
2026-02-09T20:00,14.2,74,988.1
2026-02-09T21:00,13.4,77,987.7
2026-02-09T22:00,12.9,80,987.4
2026-02-09T23:00,12.4,84,987.0
2026-02-10T00:00,12.1,89,987.7
2026-02-10T01:00,11.8,90,988.1
2026-02-10T02:00,11.7,90,989.1
2026-02-10T03:00,13.4,80,990.0
2026-02-10T04:00,16.3,66,990.8
2026-02-10T05:00,19.6,54,991.2
2026-02-10T06:00,22.3,44,991.2
2026-02-10T07:00,24.5,38,990.7
2026-02-10T08:00,25.9,33,989.8
2026-02-10T09:00,26.7,30,988.7
2026-02-10T10:00,27.1,27,988.3
2026-02-10T11:00,26.3,29,988.3
2026-02-10T12:00,23.8,45,988.5
2026-02-10T13:00,22.5,51,989.1
2026-02-10T14:00,21.4,56,990.0
2026-02-10T15:00,20.2,62,990.9
2026-02-10T16:00,19.1,66,991.4
2026-02-10T17:00,18.1,70,991.7
2026-02-10T18:00,17.5,75,991.6
2026-02-10T19:00,16.5,79,991.3
2026-02-10T20:00,16.1,81,991.1
2026-02-10T21:00,15.4,84,990.7
2026-02-10T22:00,15.0,86,990.8
2026-02-10T23:00,14.6,87,990.3
2026-02-11T00:00,15.3,80,990.8
2026-02-11T01:00,14.7,82,991.2
2026-02-11T02:00,15.0,80,992.0
2026-02-11T03:00,16.8,72,992.7
2026-02-11T04:00,19.6,60,993.9
2026-02-11T05:00,22.6,47,994.6
2026-02-11T06:00,24.8,38,994.1
2026-02-11T07:00,26.0,36,993.2
2026-02-11T08:00,26.5,35,992.4
2026-02-11T09:00,26.7,34,991.7
2026-02-11T10:00,26.4,36,991.4
2026-02-11T11:00,25.6,39,991.1
2026-02-11T12:00,24.5,40,990.9
2026-02-11T13:00,23.0,49,991.4
2026-02-11T14:00,22.0,55,991.9
2026-02-11T15:00,20.8,59,992.0
2026-02-11T16:00,19.7,60,992.2
2026-02-11T17:00,18.7,61,992.0
2026-02-11T18:00,18.1,64,991.9
2026-02-11T19:00,17.3,65,991.5
2026-02-11T20:00,16.7,66,991.5
2026-02-11T21:00,16.1,66,991.3
2026-02-11T22:00,15.5,65,990.7
2026-02-11T23:00,14.9,65,990.1
2026-02-12T00:00,14.7,72,990.5
2026-02-12T01:00,13.8,77,990.8
2026-02-12T02:00,13.3,79,991.1
2026-02-12T03:00,14.7,72,992.0
2026-02-12T04:00,17.2,62,992.9
2026-02-12T05:00,19.9,51,993.5
2026-02-12T06:00,22.5,42,993.4
2026-02-12T07:00,24.2,33,992.5
2026-02-12T08:00,25.1,28,991.6
2026-02-12T09:00,25.3,26,990.8
2026-02-12T10:00,25.1,28,990.4
2026-02-12T11:00,24.3,30,990.1
2026-02-12T12:00,22.8,38,989.8
2026-02-12T13:00,21.5,43,989.8
2026-02-12T14:00,20.5,48,990.0
2026-02-12T15:00,19.6,53,990.4
2026-02-12T16:00,18.6,57,990.5
2026-02-12T17:00,17.8,59,990.1
2026-02-12T18:00,17.8,58,989.8
2026-02-12T19:00,17.2,59,989.6
2026-02-12T20:00,16.9,58,989.2
2026-02-12T21:00,16.0,60,988.6
2026-02-12T22:00,15.3,62,988.5
2026-02-12T23:00,14.4,65,987.7
2026-02-13T00:00,13.8,73,988.0
2026-02-13T01:00,13.2,75,988.2
2026-02-13T02:00,13.0,75,988.7
2026-02-13T03:00,14.6,67,989.5
2026-02-13T04:00,17.4,55,990.4
2026-02-13T05:00,20.4,43,990.9
2026-02-13T06:00,22.9,35,991.0
2026-02-13T07:00,24.5,29,990.3
2026-02-13T08:00,25.5,27,989.5
2026-02-13T09:00,25.7,27,988.7
2026-02-13T10:00,25.6,29,988.4
2026-02-13T11:00,25.0,31,987.9
2026-02-13T12:00,23.8,32,987.8
2026-02-13T13:00,22.3,37,988.0
2026-02-13T14:00,21.1,42,988.6
2026-02-13T15:00,20.3,46,989.1
2026-02-13T16:00,19.4,56,989.4
2026-02-13T17:00,18.3,52,989.3
2026-02-13T18:00,18.2,63,989.4
2026-02-13T19:00,17.2,62,988.9
2026-02-13T20:00,16.7,65,988.7
2026-02-13T21:00,15.6,69,988.1
2026-02-13T22:00,14.8,72,987.7
2026-02-13T23:00,13.9,74,987.2
2026-02-14T00:00,13.1,84,987.4
2026-02-14T01:00,13.0,83,987.8
2026-02-14T02:00,13.4,79,988.3
2026-02-14T03:00,15.2,69,989.0
2026-02-14T04:00,18.4,54,989.9
2026-02-14T05:00,21.9,40,990.0
2026-02-14T06:00,24.4,31,989.8
2026-02-14T07:00,26.1,26,989.0
2026-02-14T08:00,26.9,25,988.2
2026-02-14T09:00,27.2,24,987.6
2026-02-14T10:00,26.8,28,987.2
2026-02-14T11:00,26.1,30,986.7
2026-02-14T12:00,25.0,33,986.6
2026-02-14T13:00,23.6,37,986.7
2026-02-14T14:00,22.7,42,987.2
2026-02-14T15:00,21.4,47,987.3
2026-02-14T16:00,20.6,51,987.4
2026-02-14T17:00,20.0,54,987.1
2026-02-14T18:00,20.0,57,987.5
2026-02-14T19:00,18.2,64,987.1
2026-02-14T20:00,17.1,70,986.6
2026-02-14T21:00,16.2,73,986.5
2026-02-14T22:00,15.7,73,986.3
2026-02-14T23:00,15.3,74,986.1
2026-02-15T00:00,14.9,81,986.1
2026-02-15T01:00,14.8,81,986.8
2026-02-15T02:00,14.9,80,987.3
2026-02-15T03:00,16.8,70,987.9
2026-02-15T04:00,19.9,57,989.0
2026-02-15T05:00,23.1,46,989.2
2026-02-15T06:00,25.6,38,989.0
2026-02-15T07:00,27.2,31,988.5
2026-02-15T08:00,28.1,26,987.6
2026-02-15T09:00,28.5,23,987.0
2026-02-15T10:00,28.3,22,986.5
2026-02-15T11:00,27.7,23,986.2
2026-02-15T12:00,26.7,25,986.4
2026-02-15T13:00,24.4,33,986.5
2026-02-15T14:00,22.8,43,986.8
2026-02-15T15:00,21.8,50,987.1
2026-02-15T16:00,20.7,56,987.4
2026-02-15T17:00,19.8,61,987.5
2026-02-15T18:00,19.4,62,987.5
2026-02-15T19:00,18.3,62,987.1
2026-02-15T20:00,17.9,62,986.7
2026-02-15T21:00,17.5,64,986.1
2026-02-15T22:00,16.2,70,985.7
2026-02-15T23:00,15.2,76,985.3
2026-02-16T00:00,14.7,85,985.8
2026-02-16T01:00,14.5,85,986.0
2026-02-16T02:00,14.6,84,986.8
2026-02-16T03:00,16.9,72,987.6
2026-02-16T04:00,21.0,54,988.7
2026-02-16T05:00,24.4,40,989.2
2026-02-16T06:00,26.4,33,989.0
2026-02-16T07:00,28.6,25,988.4
2026-02-16T08:00,29.5,22,987.2
2026-02-16T09:00,29.8,21,985.9
2026-02-16T10:00,29.3,24,985.3
2026-02-16T11:00,27.4,33,985.2
2026-02-16T12:00,25.5,38,985.1
2026-02-16T13:00,24.4,41,985.2
2026-02-16T14:00,23.6,45,985.7
2026-02-16T15:00,22.5,49,986.2
2026-02-16T16:00,21.6,53,986.9
2026-02-16T17:00,20.6,58,986.9
2026-02-16T18:00,20.0,62,987.1
2026-02-16T19:00,18.9,66,987.1
2026-02-16T20:00,17.9,69,987.2
2026-02-16T21:00,17.2,71,987.0
2026-02-16T22:00,16.5,74,987.1
2026-02-16T23:00,15.9,77,987.0
2026-02-17T00:00,16.0,74,987.4
2026-02-17T01:00,15.6,76,987.9
2026-02-17T02:00,15.6,77,988.6
2026-02-17T03:00,17.1,70,989.4
2026-02-17T04:00,19.8,59,990.3
2026-02-17T05:00,22.8,48,990.4
2026-02-17T06:00,25.6,38,990.1
2026-02-17T07:00,27.6,32,989.7
2026-02-17T08:00,28.6,28,988.7
2026-02-17T09:00,29.1,26,987.4
2026-02-17T10:00,28.9,27,986.7
2026-02-17T11:00,28.1,31,986.5
2026-02-17T12:00,26.7,35,986.4
2026-02-17T13:00,25.0,45,986.6
2026-02-17T14:00,23.9,51,987.1
2026-02-17T15:00,22.7,57,987.7
2026-02-17T16:00,21.7,63,987.8
2026-02-17T17:00,20.7,67,987.6
2026-02-17T18:00,19.8,74,987.6
2026-02-17T19:00,18.9,77,986.8
2026-02-17T20:00,18.2,80,986.9
2026-02-17T21:00,17.7,80,986.5
2026-02-17T22:00,16.8,83,986.7
2026-02-17T23:00,16.9,83,986.9
2026-02-18T00:00,17.7,83,987.7
2026-02-18T01:00,18.6,78,988.5
2026-02-18T02:00,18.3,79,989.5
2026-02-18T03:00,18.0,80,990.5
2026-02-18T04:00,17.9,80,990.9
2026-02-18T05:00,19.0,73,991.4
2026-02-18T06:00,19.1,75,991.2
2026-02-18T07:00,21.7,56,991.3
2026-02-18T08:00,23.4,42,990.5
2026-02-18T09:00,23.8,40,989.7
2026-02-18T10:00,22.8,46,989.1
2026-02-18T11:00,21.7,53,988.7
2026-02-18T12:00,18.3,75,988.0
2026-02-18T13:00,18.1,79,988.6
2026-02-18T14:00,17.9,81,988.7
2026-02-18T15:00,17.2,84,989.0
2026-02-18T16:00,17.1,84,989.4
2026-02-18T17:00,16.8,87,989.8
2026-02-18T18:00,17.0,91,989.5
2026-02-18T19:00,16.8,92,989.5
2026-02-18T20:00,16.4,94,989.6
2026-02-18T21:00,15.3,95,989.4
2026-02-18T22:00,14.6,97,989.3
2026-02-18T23:00,14.6,95,989.3
2026-02-19T00:00,14.8,85,989.0
2026-02-19T01:00,14.5,85,989.6
2026-02-19T02:00,14.8,83,990.3
2026-02-19T03:00,16.7,75,991.0
2026-02-19T04:00,19.9,62,991.7
2026-02-19T05:00,22.8,48,992.2
2026-02-19T06:00,24.6,39,991.9
2026-02-19T07:00,26.3,33,991.4
2026-02-19T08:00,26.7,31,990.4
2026-02-19T09:00,26.9,30,989.7
2026-02-19T10:00,26.8,28,989.4
2026-02-19T11:00,25.8,30,989.4
2026-02-19T12:00,24.3,49,989.2
2026-02-19T13:00,23.6,52,989.6
2026-02-19T14:00,22.9,57,990.3
2026-02-19T15:00,21.9,63,991.0
2026-02-19T16:00,20.8,66,991.4
2026-02-19T17:00,19.8,70,991.3
2026-02-19T18:00,19.1,78,991.7
2026-02-19T19:00,17.9,84,991.7
2026-02-19T20:00,17.3,87,991.6
2026-02-19T21:00,16.8,89,991.2
2026-02-19T22:00,16.5,89,991.0
2026-02-19T23:00,16.0,89,990.9
2026-02-20T00:00,15.3,95,990.9
2026-02-20T01:00,15.4,93,991.4
2026-02-20T02:00,15.5,90,992.1
2026-02-20T03:00,17.3,80,993.2
2026-02-20T04:00,20.3,65,994.1
2026-02-20T05:00,23.5,49,994.6
2026-02-20T06:00,25.7,39,994.0
2026-02-20T07:00,27.5,33,993.3
2026-02-20T08:00,28.2,31,992.2
2026-02-20T09:00,28.3,32,991.2
2026-02-20T10:00,28.1,31,990.4
2026-02-20T11:00,27.2,34,990.0
2026-02-20T12:00,26.0,37,989.3
2026-02-20T13:00,24.5,45,989.6
2026-02-20T14:00,23.4,52,990.0
2026-02-20T15:00,22.4,57,990.1
2026-02-20T16:00,21.5,60,990.0
2026-02-20T17:00,20.7,61,989.5
2026-02-20T18:00,20.5,62,989.3
2026-02-20T19:00,19.7,63,989.1
2026-02-20T20:00,18.9,65,988.8
2026-02-20T21:00,18.0,68,988.1
2026-02-20T22:00,17.4,71,987.7
2026-02-20T23:00,16.9,73,987.5
2026-02-21T00:00,16.3,81,987.2
2026-02-21T01:00,16.0,83,987.4
2026-02-21T02:00,16.0,83,987.9
2026-02-21T03:00,17.6,74,988.6
2026-02-21T04:00,20.4,62,989.2
2026-02-21T05:00,23.3,52,989.4
2026-02-21T06:00,25.4,46,989.2
2026-02-21T07:00,26.6,41,988.4
2026-02-21T08:00,27.3,37,987.4
2026-02-21T09:00,27.6,36,986.0
2026-02-21T10:00,27.4,37,985.2
2026-02-21T11:00,26.8,37,984.5
2026-02-21T12:00,25.9,37,984.0
2026-02-21T13:00,24.6,42,984.2
2026-02-21T14:00,23.6,47,984.4
2026-02-21T15:00,22.5,53,984.3
2026-02-21T16:00,21.4,57,984.5
2026-02-21T17:00,20.9,59,984.1
2026-02-21T18:00,20.6,67,984.1
2026-02-21T19:00,19.4,69,983.8
2026-02-21T20:00,18.5,72,983.5
2026-02-21T21:00,17.4,76,982.9
2026-02-21T22:00,16.5,80,982.4
2026-02-21T23:00,16.0,81,982.3
2026-02-22T00:00,15.8,83,982.6
2026-02-22T01:00,15.5,83,982.9
2026-02-22T02:00,15.7,81,983.5
2026-02-22T03:00,18.0,70,984.3
2026-02-22T04:00,21.6,55,984.9
2026-02-22T05:00,24.9,41,985.4
2026-02-22T06:00,26.9,30,985.1
2026-02-22T07:00,27.9,26,984.6
2026-02-22T08:00,28.5,24,983.8
2026-02-22T09:00,28.7,24,982.8
2026-02-22T10:00,28.5,25,982.3
2026-02-22T11:00,27.8,26,982.1
2026-02-22T12:00,26.6,35,981.9
2026-02-22T13:00,24.9,43,982.1
2026-02-22T14:00,23.6,51,982.8
2026-02-22T15:00,22.3,59,983.2
2026-02-22T16:00,20.8,67,983.3
2026-02-22T17:00,19.6,71,983.2
2026-02-22T18:00,19.4,76,982.9
2026-02-22T19:00,18.7,77,982.5
2026-02-22T20:00,18.5,78,982.1
2026-02-22T21:00,17.9,79,981.9
2026-02-22T22:00,17.4,81,981.5
2026-02-22T23:00,16.5,85,981.5
2026-02-23T00:00,16.0,86,981.7
2026-02-23T01:00,15.6,87,982.2
2026-02-23T02:00,16.0,84,983.2
2026-02-23T03:00,18.7,69,984.4
2026-02-23T04:00,22.1,55,985.4
2026-02-23T05:00,25.0,42,985.7
2026-02-23T06:00,26.7,32,985.6
2026-02-23T07:00,28.8,25,984.9
2026-02-23T08:00,29.6,21,984.1
2026-02-23T09:00,29.6,20,983.3
2026-02-23T10:00,29.1,22,982.9
2026-02-23T11:00,28.2,24,982.4
2026-02-23T12:00,27.3,31,982.4
2026-02-23T13:00,25.4,40,982.7
2026-02-23T14:00,23.9,46,983.2
2026-02-23T15:00,22.4,52,983.9
2026-02-23T16:00,21.4,57,984.4
2026-02-23T17:00,20.5,59,984.4
2026-02-23T18:00,19.7,65,984.5
2026-02-23T19:00,18.9,68,984.1
2026-02-23T20:00,18.0,71,983.9
2026-02-23T21:00,17.7,72,983.5
2026-02-23T22:00,16.9,76,983.3
2026-02-23T23:00,16.4,78,983.2
2026-02-24T00:00,16.2,82,983.4
2026-02-24T01:00,15.9,83,983.8
2026-02-24T02:00,16.4,82,985.2
2026-02-24T03:00,18.6,70,986.4
2026-02-24T04:00,21.8,57,987.2
2026-02-24T05:00,24.7,44,987.6
2026-02-24T06:00,26.5,35,987.4
2026-02-24T07:00,28.6,27,987.1
2026-02-24T08:00,29.3,23,986.2
2026-02-24T09:00,29.4,20,985.4
2026-02-24T10:00,28.9,21,985.1
2026-02-24T11:00,28.2,23,984.8
2026-02-24T12:00,26.9,31,984.7
2026-02-24T13:00,25.3,41,985.2
2026-02-24T14:00,24.1,49,985.7
2026-02-24T15:00,22.7,55,986.1
2026-02-24T16:00,21.7,60,986.4
2026-02-24T17:00,20.7,64,986.2
2026-02-24T18:00,19.9,70,986.3
2026-02-24T19:00,18.9,77,985.9
2026-02-24T20:00,18.6,76,985.7
2026-02-24T21:00,17.9,78,985.6
2026-02-24T22:00,17.1,78,985.5
2026-02-24T23:00,16.2,77,985.0
2026-02-25T00:00,16.2,77,985.5
2026-02-25T01:00,16.3,74,986.0
2026-02-25T02:00,16.4,73,986.6
2026-02-25T03:00,18.5,63,987.7
2026-02-25T04:00,21.8,50,988.6
2026-02-25T05:00,25.1,35,988.8
2026-02-25T06:00,27.5,22,988.3
2026-02-25T07:00,28.8,17,987.6
2026-02-25T08:00,29.5,15,986.8
2026-02-25T09:00,29.6,15,985.9
2026-02-25T10:00,29.1,17,985.4
2026-02-25T11:00,28.4,19,985.2
2026-02-25T12:00,28.0,15,985.0
2026-02-25T13:00,26.1,20,985.2
2026-02-25T14:00,24.8,24,985.7
2026-02-25T15:00,23.5,28,986.1
2026-02-25T16:00,22.8,31,986.3
2026-02-25T17:00,21.7,36,986.2
2026-02-25T18:00,21.9,47,986.2
2026-02-25T19:00,20.8,52,986.2
2026-02-25T20:00,19.1,57,986.1
2026-02-25T21:00,18.1,60,985.4
2026-02-25T22:00,17.5,62,985.0
2026-02-25T23:00,17.2,63,984.5
2026-02-26T00:00,17.0,69,984.3
2026-02-26T01:00,16.7,70,984.5
2026-02-26T02:00,17.1,69,985.0
2026-02-26T03:00,19.1,60,985.7
2026-02-26T04:00,22.4,49,986.2
2026-02-26T05:00,25.4,40,986.1
2026-02-26T06:00,27.9,29,985.6
2026-02-26T07:00,29.5,20,984.7
2026-02-26T08:00,30.1,16,983.9
2026-02-26T09:00,30.2,15,983.1
2026-02-26T10:00,29.8,16,982.5
2026-02-26T11:00,29.0,19,982.0
2026-02-26T12:00,28.5,20,981.5
2026-02-26T13:00,26.9,24,981.5
2026-02-26T14:00,25.6,29,982.0
2026-02-26T15:00,24.4,33,982.4
2026-02-26T16:00,23.5,36,982.7
2026-02-26T17:00,23.1,38,982.7
2026-02-26T18:00,22.8,42,982.6
2026-02-26T19:00,21.3,46,982.1
2026-02-26T20:00,19.2,54,982.0
2026-02-26T21:00,18.3,57,981.5
2026-02-26T22:00,17.9,60,981.3
2026-02-26T23:00,17.2,63,980.7
2026-02-27T00:00,17.6,68,980.9
2026-02-27T01:00,17.5,66,981.3
2026-02-27T02:00,17.7,64,982.2
2026-02-27T03:00,19.7,55,983.1
2026-02-27T04:00,23.2,42,984.0
2026-02-27T05:00,26.6,32,984.1
2026-02-27T06:00,28.9,24,983.8
2026-02-27T07:00,30.6,18,983.3
2026-02-27T08:00,31.4,16,982.2
2026-02-27T09:00,31.4,15,981.2
2026-02-27T10:00,31.2,16,980.8
2026-02-27T11:00,30.5,17,980.4
2026-02-27T12:00,29.8,15,980.1
2026-02-27T13:00,27.4,26,980.2
2026-02-27T14:00,25.7,42,980.6
2026-02-27T15:00,24.4,51,980.9
2026-02-27T16:00,23.2,55,981.1
2026-02-27T17:00,22.5,57,980.7
2026-02-27T18:00,22.4,62,981.0
2026-02-27T19:00,22.2,62,980.7
2026-02-27T20:00,20.8,67,980.6
2026-02-27T21:00,21.4,61,980.3
2026-02-27T22:00,21.0,64,980.2
2026-02-27T23:00,20.2,67,979.9
2026-02-28T00:00,21.1,64,980.1
2026-02-28T01:00,21.8,57,980.4
2026-02-28T02:00,21.5,59,980.9
2026-02-28T03:00,23.0,52,981.8
2026-02-28T04:00,26.0,42,982.8
2026-02-28T05:00,28.8,30,982.9
2026-02-28T06:00,30.9,19,982.7
2026-02-28T07:00,31.8,17,982.1
2026-02-28T08:00,32.0,16,981.2
2026-02-28T09:00,31.7,16,980.4
2026-02-28T10:00,31.3,18,980.2
2026-02-28T11:00,30.5,21,980.0
2026-02-28T12:00,29.5,25,979.9
2026-02-28T13:00,28.0,35,980.3
2026-02-28T14:00,26.9,40,981.1
2026-02-28T15:00,25.5,46,981.5
2026-02-28T16:00,24.5,49,982.1
2026-02-28T17:00,23.9,50,982.1
2026-02-28T18:00,22.9,55,982.1
2026-02-28T19:00,21.2,58,982.0
2026-02-28T20:00,20.2,61,981.8
2026-02-28T21:00,19.9,61,981.5
2026-02-28T22:00,19.3,62,981.1
2026-02-28T23:00,18.7,65,980.8
2026-03-01T00:00,18.5,72,980.9
2026-03-01T01:00,18.2,73,981.4
2026-03-01T02:00,18.4,70,982.0
2026-03-01T03:00,20.3,61,983.1
2026-03-01T04:00,23.3,51,984.0
2026-03-01T05:00,26.4,40,984.1
2026-03-01T06:00,29.3,25,983.9
2026-03-01T07:00,30.6,19,983.7
2026-03-01T08:00,31.0,19,982.8
2026-03-01T09:00,30.9,20,982.3
2026-03-01T10:00,30.5,21,981.9
2026-03-01T11:00,29.8,23,981.8
2026-03-01T12:00,28.9,25,981.7
2026-03-01T13:00,27.4,30,981.8
2026-03-01T14:00,26.6,33,982.6
2026-03-01T15:00,25.6,35,983.2
2026-03-01T16:00,24.3,40,983.8
2026-03-01T17:00,23.1,43,984.1
2026-03-01T18:00,22.3,50,984.2
2026-03-01T19:00,21.3,51,983.8
2026-03-01T20:00,20.3,53,983.8
2026-03-01T21:00,19.6,54,983.1
2026-03-01T22:00,19.3,55,982.7
2026-03-01T23:00,18.8,57,982.7
2026-03-02T00:00,18.5,65,982.9
2026-03-02T01:00,18.2,67,983.7
2026-03-02T02:00,18.4,66,984.4
2026-03-02T03:00,20.1,59,985.1
2026-03-02T04:00,23.1,48,985.9
2026-03-02T05:00,26.2,38,986.3
2026-03-02T06:00,28.8,29,986.4
2026-03-02T07:00,30.3,23,986.1
2026-03-02T08:00,30.9,20,985.5
2026-03-02T09:00,30.9,20,985.0
2026-03-02T10:00,30.6,20,984.4
2026-03-02T11:00,29.6,26,984.1
2026-03-02T12:00,28.7,29,983.9
2026-03-02T13:00,27.6,33,984.1
2026-03-02T14:00,26.8,36,984.6
2026-03-02T15:00,25.7,40,985.1
2026-03-02T16:00,24.2,44,985.7
2026-03-02T17:00,23.2,46,985.9
2026-03-02T18:00,22.6,49,985.8
2026-03-02T19:00,21.8,48,985.5
2026-03-02T20:00,21.6,46,985.0
2026-03-02T21:00,21.2,48,984.7
2026-03-02T22:00,20.2,52,984.0
2026-03-02T23:00,19.3,55,983.6
2026-03-03T00:00,18.8,60,983.8
2026-03-03T01:00,18.4,61,984.2
2026-03-03T02:00,18.6,60,984.8
2026-03-03T03:00,20.3,54,985.5
2026-03-03T04:00,23.2,45,986.2
2026-03-03T05:00,26.2,37,986.6
2026-03-03T06:00,29.1,29,986.6
2026-03-03T07:00,30.7,24,986.1
2026-03-03T08:00,31.5,23,985.4
2026-03-03T09:00,31.8,22,984.5
2026-03-03T10:00,31.7,22,984.2
2026-03-03T11:00,30.6,29,983.7
2026-03-03T12:00,29.7,28,983.8
2026-03-03T13:00,28.6,31,984.3
2026-03-03T14:00,27.9,32,984.7
2026-03-03T15:00,27.0,34,985.3
2026-03-03T16:00,26.0,35,985.9
2026-03-03T17:00,25.0,36,986.1
2026-03-03T18:00,24.3,39,986.2
2026-03-03T19:00,23.0,41,985.9
2026-03-03T20:00,21.9,45,985.8
2026-03-03T21:00,20.8,49,985.6
2026-03-03T22:00,20.0,53,985.3
2026-03-03T23:00,19.5,56,985.0
2026-03-04T00:00,19.4,60,985.3
2026-03-04T01:00,19.1,61,986.0
2026-03-04T02:00,19.4,60,986.8
2026-03-04T03:00,21.4,54,987.5
2026-03-04T04:00,24.6,45,988.3
2026-03-04T05:00,27.6,37,988.4
2026-03-04T06:00,30.0,32,988.1
2026-03-04T07:00,31.9,28,987.5
2026-03-04T08:00,32.9,26,986.5
2026-03-04T09:00,33.3,27,985.4
2026-03-04T10:00,33.2,26,984.8
2026-03-04T11:00,32.4,30,984.5
2026-03-04T12:00,31.7,33,983.7
2026-03-04T13:00,30.6,36,983.8
2026-03-04T14:00,29.8,37,984.4
2026-03-04T15:00,29.0,37,984.9
2026-03-04T16:00,28.2,37,985.4
2026-03-04T17:00,27.2,40,985.4
2026-03-04T18:00,26.4,46,985.2
2026-03-04T19:00,25.1,50,984.8
2026-03-04T20:00,24.2,53,984.4
2026-03-04T21:00,23.4,58,983.8
2026-03-04T22:00,22.7,61,983.3
2026-03-04T23:00,22.2,64,982.8
2026-03-05T00:00,21.7,65,983.0
2026-03-05T01:00,21.5,66,983.6
2026-03-05T02:00,21.8,65,984.2
2026-03-05T03:00,23.5,59,984.9
2026-03-05T04:00,25.9,50,985.4
2026-03-05T05:00,28.6,42,985.4
2026-03-05T06:00,30.9,36,985.4
2026-03-05T07:00,32.8,31,984.9
2026-03-05T08:00,33.8,27,983.9
2026-03-05T09:00,34.1,28,982.9
2026-03-05T10:00,33.8,31,982.2
2026-03-05T11:00,33.0,37,981.7
2026-03-05T12:00,32.5,35,981.5
2026-03-05T13:00,31.7,34,981.5
2026-03-05T14:00,30.6,36,981.8
2026-03-05T15:00,29.5,37,982.3
2026-03-05T16:00,28.6,37,982.7
2026-03-05T17:00,27.8,37,982.9
2026-03-05T18:00,26.9,41,983.0
2026-03-05T19:00,25.5,43,982.8
2026-03-05T20:00,23.8,49,982.7
2026-03-05T21:00,22.7,53,982.3
2026-03-05T22:00,22.2,55,982.1
2026-03-05T23:00,21.7,57,981.7
2026-03-06T00:00,20.7,66,982.0
2026-03-06T01:00,20.2,70,982.8
2026-03-06T02:00,20.9,67,983.6
2026-03-06T03:00,23.1,60,984.6
2026-03-06T04:00,26.0,52,985.2
2026-03-06T05:00,28.8,44,985.3
2026-03-06T06:00,31.2,37,985.2
2026-03-06T07:00,33.4,29,984.8
2026-03-06T08:00,34.4,24,983.9
2026-03-06T09:00,34.7,22,983.0
2026-03-06T10:00,34.5,21,982.5
2026-03-06T11:00,33.8,24,982.3
2026-03-06T12:00,32.2,33,982.2
2026-03-06T13:00,30.8,35,982.8
2026-03-06T14:00,29.2,40,983.3
2026-03-06T15:00,27.7,48,983.8
2026-03-06T16:00,26.9,57,984.2
2026-03-06T17:00,26.0,64,984.3
2026-03-06T18:00,25.4,68,984.4
2026-03-06T19:00,24.4,71,984.2
2026-03-06T20:00,23.7,73,984.1
2026-03-06T21:00,22.8,76,983.9
2026-03-06T22:00,22.1,80,983.6
2026-03-06T23:00,21.6,82,983.7
2026-03-07T00:00,20.5,90,983.9
2026-03-07T01:00,19.7,94,984.7
2026-03-07T02:00,20.2,91,985.6
2026-03-07T03:00,22.5,78,986.5
2026-03-07T04:00,25.5,65,987.0
2026-03-07T05:00,28.5,54,987.3
2026-03-07T06:00,31.0,41,986.9
2026-03-07T07:00,33.5,32,986.4
2026-03-07T08:00,35.0,25,985.4
2026-03-07T09:00,35.6,21,984.4
2026-03-07T10:00,35.3,23,984.1
2026-03-07T11:00,34.2,26,984.1
2026-03-07T12:00,32.7,29,983.9
2026-03-07T13:00,31.0,34,984.4
2026-03-07T14:00,29.6,40,984.9
2026-03-07T15:00,28.1,47,985.6
2026-03-07T16:00,26.7,56,986.2
2026-03-07T17:00,25.8,63,986.3
2026-03-07T18:00,25.7,66,986.2
2026-03-07T19:00,24.3,72,986.0
2026-03-07T20:00,23.4,76,985.5
2026-03-07T21:00,22.7,80,985.2
2026-03-07T22:00,22.1,82,985.0
2026-03-07T23:00,21.9,82,984.7
2026-03-08T00:00,21.6,84,984.9
2026-03-08T01:00,21.3,86,985.4
2026-03-08T02:00,21.7,84,986.0
2026-03-08T03:00,24.6,68,986.9
2026-03-08T04:00,27.9,52,987.5
2026-03-08T05:00,30.8,38,987.6
2026-03-08T06:00,33.0,29,987.4
2026-03-08T07:00,35.4,21,986.7
2026-03-08T08:00,36.1,19,985.8
2026-03-08T09:00,36.1,19,984.5
2026-03-08T10:00,35.8,19,983.9
2026-03-08T11:00,34.9,23,983.5
2026-03-08T12:00,33.6,26,983.6
2026-03-08T13:00,32.2,28,983.8
2026-03-08T14:00,30.6,34,984.5
2026-03-08T15:00,29.7,38,985.0
2026-03-08T16:00,28.9,40,985.4
2026-03-08T17:00,28.8,40,985.3
2026-03-08T18:00,28.1,44,985.5
2026-03-08T19:00,26.1,50,985.3
2026-03-08T20:00,24.9,54,984.8
2026-03-08T21:00,24.5,55,984.5
2026-03-08T22:00,23.6,58,984.0
2026-03-08T23:00,23.0,60,983.9
2026-03-09T00:00,22.2,66,984.4
2026-03-09T01:00,21.9,68,985.0
2026-03-09T02:00,22.2,67,985.8
2026-03-09T03:00,24.3,60,986.3
2026-03-09T04:00,27.1,52,986.9
2026-03-09T05:00,29.9,46,987.1
2026-03-09T06:00,32.5,37,986.8
2026-03-09T07:00,34.3,30,986.3
2026-03-09T08:00,35.3,26,985.4
2026-03-09T09:00,35.5,25,984.8
2026-03-09T10:00,35.3,27,984.2
2026-03-09T11:00,34.7,27,984.2
2026-03-09T12:00,33.0,34,984.5
2026-03-09T13:00,31.6,39,985.0
2026-03-09T14:00,30.7,44,985.6
2026-03-09T15:00,29.4,49,986.2
2026-03-09T16:00,28.1,55,986.6
2026-03-09T17:00,27.1,61,986.5
2026-03-09T18:00,26.2,67,987.2
2026-03-09T19:00,25.0,72,987.0
2026-03-09T20:00,24.2,76,986.7
2026-03-09T21:00,23.6,79,986.6
2026-03-09T22:00,23.5,80,986.9
2026-03-09T23:00,23.2,81,986.5
2026-03-10T00:00,21.8,91,987.0
2026-03-10T01:00,21.4,93,987.5
2026-03-10T02:00,21.3,93,988.4
2026-03-10T03:00,23.8,80,989.3
2026-03-10T04:00,26.8,65,990.3
2026-03-10T05:00,29.5,53,990.4
2026-03-10T06:00,31.6,43,989.9
2026-03-10T07:00,33.8,35,989.4
2026-03-10T08:00,34.8,31,988.5
2026-03-10T09:00,35.2,28,987.2
2026-03-10T10:00,35.1,27,986.5
2026-03-10T11:00,34.3,29,986.2
2026-03-10T12:00,33.3,29,985.8
2026-03-10T13:00,31.5,37,986.1
2026-03-10T14:00,30.1,45,986.5
2026-03-10T15:00,28.7,52,987.0
2026-03-10T16:00,27.6,56,987.2
2026-03-10T17:00,27.0,56,987.1
2026-03-10T18:00,26.9,59,987.1
2026-03-10T19:00,26.1,63,987.0
2026-03-10T20:00,25.0,67,986.7
2026-03-10T21:00,24.1,67,986.6
2026-03-10T22:00,23.4,69,986.1
2026-03-10T23:00,22.7,72,985.9
2026-03-11T00:00,21.6,75,986.1
2026-03-11T01:00,21.2,76,986.5
2026-03-11T02:00,22.2,71,987.0
2026-03-11T03:00,24.7,60,987.9
2026-03-11T04:00,28.6,45,988.5
2026-03-11T05:00,32.1,30,988.7
2026-03-11T06:00,34.6,21,987.9
2026-03-11T07:00,36.4,13,987.3
2026-03-11T08:00,36.6,12,986.0
2026-03-11T09:00,36.7,12,984.9
2026-03-11T10:00,36.2,14,983.9
2026-03-11T11:00,35.5,15,983.5
2026-03-11T12:00,34.2,17,983.1
2026-03-11T13:00,32.4,22,983.4
2026-03-11T14:00,31.0,26,983.7
2026-03-11T15:00,29.8,28,984.1
2026-03-11T16:00,29.3,28,984.1
2026-03-11T17:00,28.1,29,983.9
2026-03-11T18:00,27.2,36,984.2
2026-03-11T19:00,25.9,37,983.8
2026-03-11T20:00,24.7,41,983.3
2026-03-11T21:00,23.7,44,982.6
2026-03-11T22:00,23.0,46,982.0
2026-03-11T23:00,22.5,47,981.4
2026-03-12T00:00,22.2,61,981.4
2026-03-12T01:00,22.0,62,981.7
2026-03-12T02:00,23.1,58,982.1
2026-03-12T03:00,25.7,48,983.1
2026-03-12T04:00,29.1,34,983.6
2026-03-12T05:00,31.9,25,983.8
2026-03-12T06:00,34.8,14,983.8
2026-03-12T07:00,35.9,10,983.1
2026-03-12T08:00,36.2,9,982.0
2026-03-12T09:00,36.2,9,981.0
2026-03-12T10:00,35.8,11,980.5
2026-03-12T11:00,34.8,12,980.4
2026-03-12T12:00,32.7,19,980.7
2026-03-12T13:00,31.3,24,981.3
2026-03-12T14:00,30.0,28,981.5
2026-03-12T15:00,28.6,32,981.8
2026-03-12T16:00,28.2,32,982.3
2026-03-12T17:00,27.0,35,982.3
2026-03-12T18:00,26.8,43,982.7
2026-03-12T19:00,25.9,47,982.7
2026-03-12T20:00,25.2,50,982.4
2026-03-12T21:00,24.4,54,982.1
2026-03-12T22:00,23.4,60,982.2
2026-03-12T23:00,22.6,68,981.8
2026-03-13T00:00,22.1,76,981.8
2026-03-13T01:00,21.8,78,982.2
2026-03-13T02:00,22.3,76,982.8
2026-03-13T03:00,24.1,66,983.6
2026-03-13T04:00,26.5,55,984.4
2026-03-13T05:00,29.1,41,984.4
2026-03-13T06:00,31.0,29,984.0
2026-03-13T07:00,32.4,25,983.5
2026-03-13T08:00,32.8,23,982.8
2026-03-13T09:00,32.8,22,981.9
2026-03-13T10:00,32.7,21,981.4
2026-03-13T11:00,32.1,21,981.4
2026-03-13T12:00,30.5,24,981.3
2026-03-13T13:00,29.3,28,981.5
2026-03-13T14:00,28.6,30,981.9
2026-03-13T15:00,27.6,34,982.6
2026-03-13T16:00,26.6,37,983.0
2026-03-13T17:00,26.1,35,983.0
2026-03-13T18:00,25.2,42,982.8
2026-03-13T19:00,24.4,41,982.8
2026-03-13T20:00,23.8,42,982.1
2026-03-13T21:00,23.0,45,981.7
2026-03-13T22:00,22.2,48,981.7
2026-03-13T23:00,21.8,50,981.3
2026-03-14T00:00,21.0,59,981.2
2026-03-14T01:00,20.4,62,981.9
2026-03-14T02:00,21.0,60,982.7
2026-03-14T03:00,22.8,54,983.8
2026-03-14T04:00,25.9,42,984.3
2026-03-14T05:00,29.0,29,984.5
2026-03-14T06:00,31.4,21,984.3
2026-03-14T07:00,32.7,17,983.8
2026-03-14T08:00,32.4,17,982.6
2026-03-14T09:00,32.7,17,981.8
2026-03-14T10:00,33.2,18,981.1
2026-03-14T11:00,32.7,19,980.8
2026-03-14T12:00,31.6,16,980.2
2026-03-14T13:00,30.0,20,980.9
2026-03-14T14:00,28.9,28,981.2
2026-03-14T15:00,27.6,30,982.0
2026-03-14T16:00,26.5,33,982.6
2026-03-14T17:00,25.6,36,982.7
2026-03-14T18:00,24.7,45,982.4
2026-03-14T19:00,23.5,48,982.0
2026-03-14T20:00,22.8,51,981.4
2026-03-14T21:00,22.8,51,980.9
2026-03-14T22:00,19.2,75,984.5
2026-03-14T23:00,18.6,80,982.4
2026-03-15T00:00,18.9,80,984.9
2026-03-15T01:00,18.8,85,984.0
2026-03-15T02:00,19.5,79,984.6
2026-03-15T03:00,20.4,68,984.1
2026-03-15T04:00,23.2,54,984.3
2026-03-15T05:00,25.7,42,984.7
2026-03-15T06:00,26.0,45,984.7
2026-03-15T07:00,26.6,45,984.2
2026-03-15T08:00,27.2,43,983.3
2026-03-15T09:00,26.5,47,982.3
2026-03-15T10:00,26.6,45,982.3
2026-03-15T11:00,26.3,44,981.3
2026-03-15T12:00,27.4,34,980.7
2026-03-15T13:00,25.8,39,981.2
2026-03-15T14:00,24.7,44,981.6
2026-03-15T15:00,23.2,49,982.6
2026-03-15T16:00,21.8,56,983.1
2026-03-15T17:00,21.0,59,983.2
2026-03-15T18:00,21.4,63,983.2
2026-03-15T19:00,20.6,65,983.9
2026-03-15T20:00,18.9,68,983.8
2026-03-15T21:00,18.6,67,982.3
2026-03-15T22:00,18.3,68,981.8
2026-03-15T23:00,17.6,70,982.0
2026-03-16T00:00,17.3,73,981.6
2026-03-16T01:00,17.5,72,982.1
2026-03-16T02:00,18.1,69,982.6
2026-03-16T03:00,20.2,58,983.5
2026-03-16T04:00,22.9,47,983.8
2026-03-16T05:00,25.4,41,983.8
2026-03-16T06:00,27.8,35,983.5
2026-03-16T07:00,29.3,33,982.4
2026-03-16T08:00,30.5,29,980.9
2026-03-16T09:00,30.9,24,980.5
2026-03-16T10:00,30.3,19,979.9
2026-03-16T11:00,30.4,20,979.5
2026-03-16T12:00,26.6,36,979.5
2026-03-16T13:00,25.6,41,979.7
2026-03-16T14:00,24.0,50,980.4
2026-03-16T15:00,22.9,54,981.0
2026-03-16T16:00,21.7,58,982.4
2026-03-16T17:00,21.1,57,982.6
2026-03-16T18:00,21.3,61,983.0
2026-03-16T19:00,20.2,67,982.9
2026-03-16T20:00,19.5,73,982.7
2026-03-16T21:00,18.8,74,982.2
2026-03-16T22:00,18.4,73,981.7
2026-03-16T23:00,18.1,71,981.3
2026-03-17T00:00,17.2,74,981.0
2026-03-17T01:00,17.0,74,981.8
2026-03-17T02:00,17.7,70,982.2
2026-03-17T03:00,19.9,59,983.0
2026-03-17T04:00,23.7,44,983.9
2026-03-17T05:00,27.0,33,984.1
2026-03-17T06:00,28.6,36,983.9
2026-03-17T07:00,29.7,35,983.5
2026-03-17T08:00,30.4,34,982.6
2026-03-17T09:00,31.1,31,981.9
2026-03-17T10:00,30.5,31,981.4
2026-03-17T11:00,30.3,31,981.3
2026-03-17T12:00,28.4,39,981.4
2026-03-17T13:00,26.9,43,982.2
2026-03-17T14:00,25.7,47,982.7
2026-03-17T15:00,24.6,52,983.2
2026-03-17T16:00,23.6,56,983.3
2026-03-17T17:00,22.6,60,983.2
2026-03-17T18:00,22.3,66,983.4
2026-03-17T19:00,21.4,70,983.1
2026-03-17T20:00,20.7,74,982.6
2026-03-17T21:00,19.9,79,982.2
2026-03-17T22:00,19.6,80,982.5
2026-03-17T23:00,20.0,78,982.7
2026-03-18T00:00,19.4,80,982.7
2026-03-18T01:00,19.0,82,983.2
2026-03-18T02:00,19.5,79,983.7
2026-03-18T03:00,21.6,69,984.7
2026-03-18T04:00,25.1,54,985.8
2026-03-18T05:00,27.6,45,986.2
2026-03-18T06:00,29.0,41,986.2
2026-03-18T07:00,30.9,35,985.3
2026-03-18T08:00,31.8,29,984.6
2026-03-18T09:00,29.9,34,984.0
2026-03-18T10:00,29.2,37,983.4
2026-03-18T11:00,28.7,37,983.3
2026-03-18T12:00,29.3,34,983.4
2026-03-18T13:00,20.5,73,985.6
2026-03-18T14:00,21.5,74,986.5
2026-03-18T15:00,20.9,75,987.1
2026-03-18T16:00,20.9,76,987.3
2026-03-18T17:00,20.3,81,986.6
2026-03-18T18:00,21.5,81,985.7
2026-03-18T19:00,21.6,64,985.4
2026-03-18T20:00,21.4,63,984.9
2026-03-18T21:00,21.4,58,984.7
2026-03-18T22:00,21.1,60,984.7
2026-03-18T23:00,20.2,60,984.4
2026-03-19T00:00,21.2,69,984.3
2026-03-19T01:00,21.7,68,984.6
2026-03-19T02:00,22.0,65,985.8
2026-03-19T03:00,22.3,64,986.4
2026-03-19T04:00,24.3,56,987.0
2026-03-19T05:00,27.4,42,987.5
2026-03-19T06:00,27.2,47,988.0
2026-03-19T07:00,26.4,50,986.9
2026-03-19T08:00,25.7,55,986.3
2026-03-19T09:00,26.5,48,985.5
2026-03-19T10:00,24.4,57,985.0
2026-03-19T11:00,24.0,59,984.4
2026-03-19T12:00,21.3,74,984.0
2026-03-19T13:00,19.2,83,984.1
2026-03-19T14:00,18.9,87,984.6
2026-03-19T15:00,18.8,88,985.6
2026-03-19T16:00,18.4,87,985.6
2026-03-19T17:00,18.2,85,985.4
2026-03-19T18:00,18.2,84,984.8
2026-03-19T19:00,17.7,88,985.0
2026-03-19T20:00,17.1,92,984.4
2026-03-19T21:00,16.8,93,983.6
2026-03-19T22:00,16.9,93,983.4
2026-03-19T23:00,16.7,93,982.8
2026-03-20T00:00,16.9,96,983.1
2026-03-20T01:00,17.0,95,983.7
2026-03-20T02:00,17.3,93,985.0
2026-03-20T03:00,17.5,93,986.0
2026-03-20T04:00,17.7,92,986.1
2026-03-20T05:00,18.1,88,986.1
2026-03-20T06:00,18.5,85,986.5
2026-03-20T07:00,18.8,79,985.9
2026-03-20T08:00,19.1,78,985.1
2026-03-20T09:00,19.7,76,984.4
2026-03-20T10:00,20.2,74,983.4
2026-03-20T11:00,20.2,73,983.1
2026-03-20T12:00,19.9,73,983.5
2026-03-20T13:00,18.6,81,983.6
2026-03-20T14:00,17.7,86,983.9
2026-03-20T15:00,17.2,89,984.4
2026-03-20T16:00,16.5,93,985.1
2026-03-20T17:00,15.9,94,985.2
2026-03-20T18:00,16.0,97,985.6
2026-03-20T19:00,16.0,97,985.2
2026-03-20T20:00,15.5,99,984.5
2026-03-20T21:00,15.2,100,984.7
2026-03-20T22:00,15.3,99,985.0
2026-03-20T23:00,15.1,100,984.6
2026-03-21T00:00,15.1,99,985.1
2026-03-21T01:00,14.8,100,986.1
2026-03-21T02:00,14.9,99,986.9
2026-03-21T03:00,15.3,99,987.8
2026-03-21T04:00,17.7,87,988.3
2026-03-21T05:00,20.0,79,988.5
2026-03-21T06:00,22.3,69,987.8
2026-03-21T07:00,23.8,61,987.8
2026-03-21T08:00,24.8,54,987.0
2026-03-21T09:00,25.4,47,986.2
2026-03-21T10:00,25.3,47,985.5
2026-03-21T11:00,25.0,47,985.1
2026-03-21T12:00,24.4,53,985.7
2026-03-21T13:00,22.3,67,985.8
2026-03-21T14:00,21.6,73,986.3
2026-03-21T15:00,21.0,74,987.0
2026-03-21T16:00,20.3,76,987.6
2026-03-21T17:00,20.1,78,987.2
2026-03-21T18:00,20.4,74,987.4
2026-03-21T19:00,19.2,77,987.4
2026-03-21T20:00,18.2,81,986.7
2026-03-21T21:00,17.4,83,985.9
2026-03-21T22:00,17.1,83,986.2
2026-03-21T23:00,16.8,83,986.2
2026-03-22T00:00,16.6,84,985.8
2026-03-22T01:00,16.5,86,986.1
2026-03-22T02:00,17.4,84,986.5
2026-03-22T03:00,19.1,79,987.3
2026-03-22T04:00,21.2,70,988.1
2026-03-22T05:00,23.0,60,988.2
2026-03-22T06:00,24.9,53,987.8
2026-03-22T07:00,26.0,48,987.4
2026-03-22T08:00,26.6,47,986.5
2026-03-22T09:00,27.1,46,985.3
2026-03-22T10:00,27.2,44,984.6
2026-03-22T11:00,26.9,45,984.4
2026-03-22T12:00,26.2,49,984.3
2026-03-22T13:00,23.7,62,984.3
2026-03-22T14:00,22.5,68,984.6
2026-03-22T15:00,21.9,72,985.3
2026-03-22T16:00,21.2,73,985.5
2026-03-22T17:00,20.7,76,985.1
2026-03-22T18:00,21.3,72,985.2
2026-03-22T19:00,20.7,72,984.9
2026-03-22T20:00,20.0,74,984.6
2026-03-22T21:00,19.4,77,984.4
2026-03-22T22:00,19.0,78,984.9
2026-03-22T23:00,18.7,81,985.4
2026-03-23T00:00,18.4,85,985.3
2026-03-23T01:00,18.1,87,985.5
2026-03-23T02:00,18.1,88,986.6
2026-03-23T03:00,18.0,88,987.1
2026-03-23T04:00,18.3,90,987.6
2026-03-23T05:00,20.5,83,987.4
2026-03-23T06:00,22.7,70,987.0
2026-03-23T07:00,23.7,65,986.6
2026-03-23T08:00,24.4,61,985.5
2026-03-23T09:00,26.0,54,984.6
2026-03-23T10:00,26.5,51,983.8
2026-03-23T11:00,26.4,51,983.3
2026-03-23T12:00,27.1,48,983.3
2026-03-23T13:00,25.0,66,983.6
2026-03-23T14:00,23.4,72,984.0
2026-03-23T15:00,22.5,74,984.6
2026-03-23T16:00,22.1,72,985.4
2026-03-23T17:00,21.3,75,985.0
2026-03-23T18:00,20.9,83,985.0
2026-03-23T19:00,20.5,85,985.0
2026-03-23T20:00,20.0,86,985.1
2026-03-23T21:00,19.1,91,984.8
2026-03-23T22:00,18.7,92,984.7
2026-03-23T23:00,18.3,93,983.6
2026-03-24T00:00,18.4,90,984.0
2026-03-24T01:00,18.7,89,984.2
2026-03-24T02:00,19.8,85,985.0
2026-03-24T03:00,21.8,78,985.5
2026-03-24T04:00,24.3,67,986.3
2026-03-24T05:00,26.5,55,986.7
2026-03-24T06:00,28.3,43,986.0
2026-03-24T07:00,29.2,37,985.1
2026-03-24T08:00,29.8,34,984.4
2026-03-24T09:00,29.9,33,983.5
2026-03-24T10:00,29.6,33,982.7
2026-03-24T11:00,29.0,34,982.4
2026-03-24T12:00,28.4,35,982.4
2026-03-24T13:00,26.1,48,982.2
2026-03-24T14:00,24.7,56,982.3
2026-03-24T15:00,23.9,58,983.1
2026-03-24T16:00,23.0,56,983.5
2026-03-24T17:00,21.8,54,983.4
2026-03-24T18:00,21.7,59,983.3
2026-03-24T19:00,20.9,63,982.8
2026-03-24T20:00,20.2,67,982.7
2026-03-24T21:00,19.4,72,982.3
2026-03-24T22:00,19.0,72,982.5
2026-03-24T23:00,18.4,75,982.1
2026-03-25T00:00,18.8,76,982.4
2026-03-25T01:00,18.7,76,983.0
2026-03-25T02:00,19.7,73,984.0
2026-03-25T03:00,21.9,67,984.9
2026-03-25T04:00,24.9,55,985.4
2026-03-25T05:00,27.4,43,985.7
2026-03-25T06:00,29.3,33,985.5
2026-03-25T07:00,30.5,30,985.1
2026-03-25T08:00,31.3,27,984.3
2026-03-25T09:00,31.7,26,983.4
2026-03-25T10:00,31.6,26,982.7
2026-03-25T11:00,31.1,28,982.4
2026-03-25T12:00,30.6,28,982.4
2026-03-25T13:00,28.9,33,982.6
2026-03-25T14:00,27.8,38,983.0
2026-03-25T15:00,26.7,42,983.3
2026-03-25T16:00,26.5,52,984.0
2026-03-25T17:00,25.2,46,984.4
2026-03-25T18:00,25.3,48,984.8
2026-03-25T19:00,24.5,50,984.9
2026-03-25T20:00,23.3,56,984.9
2026-03-25T21:00,23.4,55,984.9
2026-03-25T22:00,22.3,58,985.0
2026-03-25T23:00,21.6,61,984.7
2026-03-26T00:00,21.6,66,984.5
2026-03-26T01:00,21.2,71,985.4
2026-03-26T02:00,22.5,65,985.9
2026-03-26T03:00,24.8,56,986.7
2026-03-26T04:00,27.5,47,987.5
2026-03-26T05:00,29.6,41,987.9
2026-03-26T06:00,33.0,27,987.4
2026-03-26T07:00,34.6,21,986.2
2026-03-26T08:00,34.8,19,985.1
2026-03-26T09:00,34.8,20,984.4
2026-03-26T10:00,33.0,25,983.6
2026-03-26T11:00,32.3,27,983.6
2026-03-26T12:00,31.9,25,983.5
2026-03-26T13:00,30.6,32,983.8
2026-03-26T14:00,29.3,39,984.1
2026-03-26T15:00,28.6,41,984.7
2026-03-26T16:00,28.2,41,985.3
2026-03-26T17:00,27.8,40,985.6
2026-03-26T18:00,26.9,45,985.2
2026-03-26T19:00,26.3,46,984.5
2026-03-26T20:00,24.9,52,983.8
2026-03-26T21:00,23.9,57,983.1
2026-03-26T22:00,23.1,60,982.4
2026-03-26T23:00,22.4,62,982.0
2026-03-27T00:00,22.6,65,981.7
2026-03-27T01:00,22.3,66,982.8
2026-03-27T02:00,22.6,66,983.3
2026-03-27T03:00,23.3,63,984.0
2026-03-27T04:00,25.3,53,984.6
2026-03-27T05:00,26.7,48,984.7
2026-03-27T06:00,25.3,57,984.7
2026-03-27T07:00,25.7,52,984.4
2026-03-27T08:00,28.6,40,983.1
2026-03-27T09:00,29.2,36,981.9
2026-03-27T10:00,28.8,38,980.9
2026-03-27T11:00,28.9,37,980.3
2026-03-27T12:00,28.2,37,979.4
2026-03-27T13:00,27.7,38,979.8
2026-03-27T14:00,27.1,40,980.2
2026-03-27T15:00,26.4,43,981.0
2026-03-27T16:00,25.7,46,981.1
2026-03-27T17:00,24.9,48,981.2
2026-03-27T18:00,24.0,61,981.2
2026-03-27T19:00,23.3,63,980.7
2026-03-27T20:00,22.7,63,980.0
2026-03-27T21:00,22.4,63,979.5
2026-03-27T22:00,22.1,63,979.0
2026-03-27T23:00,21.3,66,978.6
2026-03-28T00:00,21.5,66,978.9
2026-03-28T01:00,21.5,66,979.7
2026-03-28T02:00,22.4,62,980.2
2026-03-28T03:00,24.7,53,981.0
2026-03-28T04:00,27.2,43,981.6
2026-03-28T05:00,29.1,37,981.3
2026-03-28T06:00,30.4,34,980.9
2026-03-28T07:00,31.9,30,980.5
2026-03-28T08:00,32.8,27,979.7
2026-03-28T09:00,33.1,26,978.6
2026-03-28T10:00,33.2,24,978.0
2026-03-28T11:00,32.5,25,977.6
2026-03-28T12:00,32.0,22,977.6
2026-03-28T13:00,30.6,28,978.1
2026-03-28T14:00,29.3,36,978.5
2026-03-28T15:00,28.3,41,978.8
2026-03-28T16:00,27.7,41,979.2
2026-03-28T17:00,26.7,43,978.9
2026-03-28T18:00,26.3,45,979.1
2026-03-28T19:00,25.5,47,978.9
2026-03-28T20:00,24.7,51,978.7
2026-03-28T21:00,24.0,56,978.7
2026-03-28T22:00,23.5,58,978.3
2026-03-28T23:00,23.1,59,978.0
2026-03-29T00:00,23.2,62,978.5
2026-03-29T01:00,23.2,62,979.3
2026-03-29T02:00,24.1,58,980.5
2026-03-29T03:00,26.1,51,981.3
2026-03-29T04:00,28.1,45,982.0
2026-03-29T05:00,31.1,35,982.2
2026-03-29T06:00,32.7,33,981.9
2026-03-29T07:00,33.0,33,981.5
2026-03-29T08:00,34.3,31,980.8
2026-03-29T09:00,34.6,30,979.8
2026-03-29T10:00,34.6,30,979.0
2026-03-29T11:00,31.5,36,979.1
2026-03-29T12:00,30.0,51,978.1
2026-03-29T13:00,31.3,38,978.8
2026-03-29T14:00,28.9,48,979.1
2026-03-29T15:00,27.5,52,979.8
2026-03-29T16:00,26.6,53,980.3
2026-03-29T17:00,26.3,51,980.4
2026-03-29T18:00,26.4,52,980.6
2026-03-29T19:00,25.5,54,980.2
2026-03-29T20:00,24.7,56,979.9
2026-03-29T21:00,24.1,59,979.6
2026-03-29T22:00,23.7,60,979.5
2026-03-29T23:00,23.2,62,979.5
2026-03-30T00:00,22.5,69,979.6
2026-03-30T01:00,22.3,70,980.0
2026-03-30T02:00,23.3,66,981.2
2026-03-30T03:00,26.2,54,982.3
2026-03-30T04:00,30.0,34,983.0
2026-03-30T05:00,32.6,26,983.3
2026-03-30T06:00,34.4,19,983.4
2026-03-30T07:00,35.7,18,982.8
2026-03-30T08:00,34.4,21,983.2
2026-03-30T09:00,32.3,24,983.0
2026-03-30T10:00,30.0,36,982.6
2026-03-30T11:00,30.4,33,982.0
2026-03-30T12:00,27.9,44,982.3
2026-03-30T13:00,27.4,46,981.9
2026-03-30T14:00,27.0,48,982.3
2026-03-30T15:00,26.9,48,983.1
2026-03-30T16:00,26.5,49,983.7
2026-03-30T17:00,25.4,55,983.8
2026-03-30T18:00,24.6,64,983.6
2026-03-30T19:00,23.9,68,983.1
2026-03-30T20:00,23.6,69,982.9
2026-03-30T21:00,23.0,70,982.4
2026-03-30T22:00,22.5,70,982.3
2026-03-30T23:00,22.0,71,982.4
2026-03-31T00:00,22.1,72,982.0
2026-03-31T01:00,21.9,73,982.5
2026-03-31T02:00,23.4,66,983.7
2026-03-31T03:00,26.4,53,984.6
2026-03-31T04:00,29.6,36,985.2
2026-03-31T05:00,31.4,30,985.4
2026-03-31T06:00,33.2,26,985.1
2026-03-31T07:00,34.6,24,984.7
2026-03-31T08:00,32.5,26,983.7
2026-03-31T09:00,30.6,34,983.8
2026-03-31T10:00,30.4,35,983.1
2026-03-31T11:00,30.2,30,982.6
2026-03-31T12:00,25.6,54,983.7
2026-03-31T13:00,24.5,61,982.9
2026-03-31T14:00,24.5,61,983.2
2026-03-31T15:00,24.1,66,984.3
2026-03-31T16:00,23.5,68,984.7
2026-03-31T17:00,23.1,69,985.0
2026-03-31T18:00,22.8,72,984.6
2026-03-31T19:00,22.0,69,984.1
2026-03-31T20:00,21.6,68,983.5
2026-03-31T21:00,20.7,71,983.3
2026-03-31T22:00,19.8,78,983.5
2026-03-31T23:00,19.4,81,983.7
2026-04-01T00:00,19.5,83,983.3
2026-04-01T01:00,19.6,83,983.6
2026-04-01T02:00,21.0,71,984.3
2026-04-01T03:00,23.7,60,985.1
2026-04-01T04:00,26.8,47,986.0
2026-04-01T05:00,29.8,35,986.3
2026-04-01T06:00,31.7,31,986.4
2026-04-01T07:00,32.8,28,985.8
2026-04-01T08:00,33.6,25,984.7
2026-04-01T09:00,32.5,25,983.9
2026-04-01T10:00,32.8,24,983.2
2026-04-01T11:00,31.9,26,982.3
2026-04-01T12:00,30.8,34,981.8
2026-04-01T13:00,29.6,39,982.6
2026-04-01T14:00,28.4,44,982.9
2026-04-01T15:00,27.6,45,983.2
2026-04-01T16:00,26.8,46,983.7
2026-04-01T17:00,26.0,48,983.7
2026-04-01T18:00,26.0,53,983.4
2026-04-01T19:00,25.0,56,983.2
2026-04-01T20:00,23.7,62,982.8
2026-04-01T21:00,23.1,64,982.6
2026-04-01T22:00,22.9,62,982.6
2026-04-01T23:00,22.2,63,982.5
2026-04-02T00:00,21.9,69,982.1
2026-04-02T01:00,21.7,71,982.6
2026-04-02T02:00,23.0,66,983.7
2026-04-02T03:00,25.7,56,984.4
2026-04-02T04:00,28.9,44,985.3
2026-04-02T05:00,32.3,33,985.9
2026-04-02T06:00,33.9,24,986.1
2026-04-02T07:00,33.8,25,985.0
2026-04-02T08:00,35.1,23,984.3
2026-04-02T09:00,33.3,26,983.9
2026-04-02T10:00,33.7,25,982.7
2026-04-02T11:00,33.7,25,982.2
2026-04-02T12:00,33.7,29,981.8
2026-04-02T13:00,32.8,30,981.4
2026-04-02T14:00,31.5,34,981.3
2026-04-02T15:00,30.6,36,981.2
2026-04-02T16:00,28.7,42,981.8
2026-04-02T17:00,27.1,50,982.4
2026-04-02T18:00,26.6,56,982.0
2026-04-02T19:00,26.4,56,981.7
2026-04-02T20:00,26.1,56,981.3
2026-04-02T21:00,25.3,57,981.0
2026-04-02T22:00,25.3,59,981.4
2026-04-02T23:00,24.4,61,980.9
2026-04-03T00:00,24.2,64,981.1
2026-04-03T01:00,23.2,62,982.2
2026-04-03T02:00,22.9,60,983.5
2026-04-03T03:00,23.7,58,984.6
2026-04-03T04:00,26.0,51,985.6
2026-04-03T05:00,28.5,42,985.8
2026-04-03T06:00,30.0,37,985.9
2026-04-03T07:00,31.2,33,985.4
2026-04-03T08:00,31.7,32,984.3
2026-04-03T09:00,32.2,31,983.0
2026-04-03T10:00,27.4,43,984.2
2026-04-03T11:00,27.1,47,983.1
2026-04-03T12:00,30.7,29,981.5
2026-04-03T13:00,26.8,49,982.6
2026-04-03T14:00,26.1,52,983.7
2026-04-03T15:00,25.0,54,985.4
2026-04-03T16:00,23.8,57,984.5
2026-04-03T17:00,23.2,60,985.2
2026-04-03T18:00,22.6,77,985.0
2026-04-03T19:00,22.5,77,984.4
2026-04-03T20:00,22.3,77,983.4
2026-04-03T21:00,21.7,78,983.0
2026-04-03T22:00,21.1,80,983.0
2026-04-03T23:00,21.2,79,983.1
2026-04-04T00:00,21.5,81,982.7
2026-04-04T01:00,21.6,81,983.7
2026-04-04T02:00,22.3,77,984.1
2026-04-04T03:00,23.9,68,984.7
2026-04-04T04:00,25.9,55,985.2
2026-04-04T05:00,27.3,42,985.6
2026-04-04T06:00,30.3,32,985.3
2026-04-04T07:00,30.7,33,984.5
2026-04-04T08:00,29.3,39,984.1
2026-04-04T09:00,25.0,53,984.7
2026-04-04T10:00,26.0,51,982.5
2026-04-04T11:00,27.5,45,982.1
2026-04-04T12:00,25.9,63,980.8
2026-04-04T13:00,25.3,69,981.4
2026-04-04T14:00,24.9,69,982.0
2026-04-04T15:00,24.5,69,982.3
2026-04-04T16:00,23.7,73,982.4
2026-04-04T17:00,22.9,77,982.7
2026-04-04T18:00,23.2,68,981.8
2026-04-04T19:00,22.9,67,982.4
2026-04-04T20:00,21.7,75,982.2
2026-04-04T21:00,21.4,73,981.6
2026-04-04T22:00,20.8,71,981.7
2026-04-04T23:00,19.7,76,982.0
2026-04-05T00:00,20.6,81,981.3
2026-04-05T01:00,20.8,78,981.9
2026-04-05T02:00,21.1,72,983.5
2026-04-05T03:00,21.2,76,983.3
2026-04-05T04:00,23.9,66,984.4
2026-04-05T05:00,25.1,60,984.3
2026-04-05T06:00,27.8,44,984.0
2026-04-05T07:00,28.9,35,983.1
2026-04-05T08:00,28.9,33,982.3
2026-04-05T09:00,27.8,36,981.8
2026-04-05T10:00,28.8,32,980.9
2026-04-05T11:00,28.6,32,980.5
2026-04-05T12:00,25.9,56,980.0
2026-04-05T13:00,24.7,64,980.5
2026-04-05T14:00,23.1,70,980.7
2026-04-05T15:00,22.9,71,981.5
2026-04-05T16:00,22.6,70,981.9
2026-04-05T17:00,21.8,76,982.0
2026-04-05T18:00,23.2,49,982.7
2026-04-05T19:00,22.0,54,982.3
2026-04-05T20:00,21.6,55,981.8
2026-04-05T21:00,20.7,62,981.4
2026-04-05T22:00,19.9,67,981.7
2026-04-05T23:00,19.6,68,981.6
2026-04-06T00:00,19.9,71,981.4
2026-04-06T01:00,20.2,72,982.2
2026-04-06T02:00,21.6,67,983.1
2026-04-06T03:00,23.6,60,983.8
2026-04-06T04:00,25.9,51,984.4
2026-04-06T05:00,28.4,37,984.8
2026-04-06T06:00,29.7,25,984.9
2026-04-06T07:00,30.4,25,984.2
2026-04-06T08:00,30.7,25,983.4
2026-04-06T09:00,30.7,24,982.3
2026-04-06T10:00,30.6,23,981.1
2026-04-06T11:00,30.5,23,980.6
2026-04-06T12:00,30.9,20,980.0
2026-04-06T13:00,27.2,33,980.8
2026-04-06T14:00,26.0,43,981.1
2026-04-06T15:00,25.5,47,982.0
2026-04-06T16:00,24.8,47,982.8
2026-04-06T17:00,24.3,48,982.8
2026-04-06T18:00,24.7,39,982.9
2026-04-06T19:00,24.0,43,982.9
2026-04-06T20:00,23.9,44,982.7
2026-04-06T21:00,22.9,47,982.2
2026-04-06T22:00,21.8,50,981.7
2026-04-06T23:00,21.1,52,980.9
2026-04-07T00:00,19.9,63,981.1
2026-04-07T01:00,19.9,63,981.8
2026-04-07T02:00,21.1,59,982.3
2026-04-07T03:00,23.4,51,982.6
2026-04-07T04:00,26.4,42,983.3
2026-04-07T05:00,28.3,36,983.4
2026-04-07T06:00,28.2,35,983.2
2026-04-07T07:00,27.5,36,983.0
2026-04-07T08:00,25.2,46,982.6
2026-04-07T09:00,22.9,61,981.8
2026-04-07T10:00,21.8,68,981.3
2026-04-07T11:00,20.6,78,980.5
2026-04-07T12:00,21.9,70,979.1
2026-04-07T13:00,20.9,73,979.8
2026-04-07T14:00,20.0,77,980.2
2026-04-07T15:00,19.4,79,980.4
2026-04-07T16:00,18.1,88,982.4
2026-04-07T17:00,17.9,91,980.8
2026-04-07T18:00,18.1,91,979.7
2026-04-07T19:00,17.6,92,980.2
2026-04-07T20:00,18.1,88,980.2
2026-04-07T21:00,17.3,90,980.1
2026-04-07T22:00,17.1,93,979.3
2026-04-07T23:00,17.1,91,979.0
2026-04-08T00:00,17.2,97,979.7
2026-04-08T01:00,17.2,91,980.9
2026-04-08T02:00,17.5,89,981.6
2026-04-08T03:00,18.3,88,981.7
2026-04-08T04:00,20.5,73,982.5
2026-04-08T05:00,21.8,65,983.0
2026-04-08T06:00,23.2,54,982.7
2026-04-08T07:00,24.5,52,983.0
2026-04-08T08:00,25.0,51,982.7
2026-04-08T09:00,25.7,47,982.0
2026-04-08T10:00,25.7,45,981.6
2026-04-08T11:00,25.1,45,981.6
2026-04-08T12:00,23.9,54,982.2
2026-04-08T13:00,22.0,59,982.6
2026-04-08T14:00,20.4,68,982.9
2026-04-08T15:00,19.8,72,983.7
2026-04-08T16:00,19.2,75,984.1
2026-04-08T17:00,18.5,77,984.4
2026-04-08T18:00,19.2,81,984.9
2026-04-08T19:00,18.6,81,985.1
2026-04-08T20:00,18.0,83,984.8
2026-04-08T21:00,17.4,86,984.5
2026-04-08T22:00,16.9,92,984.5
2026-04-08T23:00,16.5,96,984.9
2026-04-09T00:00,16.1,96,985.1
2026-04-09T01:00,16.8,97,986.0
2026-04-09T02:00,17.4,94,986.9
2026-04-09T03:00,18.9,87,987.7
2026-04-09T04:00,21.1,79,988.1
2026-04-09T05:00,23.3,69,988.3
2026-04-09T06:00,25.5,53,988.1
2026-04-09T07:00,27.1,41,987.8
2026-04-09T08:00,27.4,33,987.0
2026-04-09T09:00,27.9,29,986.1
2026-04-09T10:00,28.1,27,985.4
2026-04-09T11:00,28.0,26,984.9
2026-04-09T12:00,27.4,35,984.8
2026-04-09T13:00,25.7,51,985.1
2026-04-09T14:00,24.4,58,985.6
2026-04-09T15:00,23.5,59,986.4
2026-04-09T16:00,22.1,62,986.6
2026-04-09T17:00,21.4,53,987.5
2026-04-09T18:00,20.8,57,987.7
2026-04-09T19:00,19.6,65,987.5
2026-04-09T20:00,19.2,66,987.3
2026-04-09T21:00,18.7,68,987.1
2026-04-09T22:00,18.1,71,986.8
2026-04-09T23:00,17.8,71,986.5
2026-04-10T00:00,18.0,71,986.5
2026-04-10T01:00,18.0,71,987.0
2026-04-10T02:00,19.0,69,987.8
2026-04-10T03:00,20.9,61,988.4
2026-04-10T04:00,23.1,52,988.6
2026-04-10T05:00,25.1,43,988.6
2026-04-10T06:00,27.6,35,987.9
2026-04-10T07:00,29.2,30,987.4
2026-04-10T08:00,30.2,26,986.6
2026-04-10T09:00,30.9,23,985.5
2026-04-10T10:00,31.1,22,984.8
2026-04-10T11:00,30.8,21,984.1
2026-04-10T12:00,31.1,19,983.7
2026-04-10T13:00,30.0,20,983.9
2026-04-10T14:00,28.9,22,984.3
2026-04-10T15:00,27.6,26,984.6
2026-04-10T16:00,26.3,30,985.3
2026-04-10T17:00,25.5,33,985.4
2026-04-10T18:00,25.4,36,985.6
2026-04-10T19:00,24.8,37,985.5
2026-04-10T20:00,24.3,39,984.9
2026-04-10T21:00,23.5,42,984.5
2026-04-10T22:00,22.3,46,984.0
2026-04-10T23:00,21.6,49,983.9
2026-04-11T00:00,21.6,52,983.5
2026-04-11T01:00,21.4,54,984.2
2026-04-11T02:00,22.5,52,985.2
2026-04-11T03:00,24.7,45,986.1
2026-04-11T04:00,27.1,38,986.5
2026-04-11T05:00,29.0,33,986.3
2026-04-11T06:00,30.7,29,986.2
2026-04-11T07:00,32.6,24,985.7
2026-04-11T08:00,33.0,22,985.0
2026-04-11T09:00,33.0,20,983.8
2026-04-11T10:00,33.1,19,982.9
2026-04-11T11:00,32.7,20,982.5
2026-04-11T12:00,31.3,24,982.2
2026-04-11T13:00,29.8,29,982.3
2026-04-11T14:00,28.3,32,982.6
2026-04-11T15:00,27.7,34,982.7
2026-04-11T16:00,27.3,33,983.1
2026-04-11T17:00,26.8,34,983.2
2026-04-11T18:00,26.5,39,983.5
2026-04-11T19:00,25.1,42,983.2
2026-04-11T20:00,24.8,42,983.2
2026-04-11T21:00,24.2,42,981.9
2026-04-11T22:00,23.7,44,981.3
2026-04-11T23:00,22.7,47,980.9
2026-04-12T00:00,22.6,56,980.9
2026-04-12T01:00,22.6,56,981.3
2026-04-12T02:00,23.8,51,982.1
2026-04-12T03:00,25.9,43,982.9
2026-04-12T04:00,28.4,37,983.4
2026-04-12T05:00,30.6,28,983.2
2026-04-12T06:00,32.3,23,982.8
2026-04-12T07:00,33.3,21,982.3
2026-04-12T08:00,33.9,19,981.6
2026-04-12T09:00,34.1,19,980.6
2026-04-12T10:00,34.0,18,980.2
2026-04-12T11:00,33.8,18,979.6
2026-04-12T12:00,33.8,17,979.5
2026-04-12T13:00,32.1,20,980.1
2026-04-12T14:00,30.4,23,980.8
2026-04-12T15:00,28.8,25,981.7
2026-04-12T16:00,27.4,27,982.2
2026-04-12T17:00,26.2,29,982.3
2026-04-12T18:00,25.9,31,982.7
2026-04-12T19:00,25.0,33,982.4
2026-04-12T20:00,24.2,36,982.0
2026-04-12T21:00,23.3,38,981.7
2026-04-12T22:00,22.6,40,981.4
2026-04-12T23:00,22.0,41,981.1
2026-04-13T00:00,21.9,47,981.3
2026-04-13T01:00,22.0,46,982.1
2026-04-13T02:00,23.4,42,983.1
2026-04-13T03:00,25.8,36,983.7
2026-04-13T04:00,28.2,30,984.3
2026-04-13T05:00,30.4,23,984.4
2026-04-13T06:00,32.3,20,984.2
2026-04-13T07:00,33.8,17,983.7
2026-04-13T08:00,34.7,14,983.1
2026-04-13T09:00,35.1,13,982.1
2026-04-13T10:00,35.1,13,981.4
2026-04-13T11:00,34.6,14,981.1
2026-04-13T12:00,34.8,13,980.7
2026-04-13T13:00,33.7,14,981.1
2026-04-13T14:00,32.1,16,981.5
2026-04-13T15:00,31.0,19,982.1
2026-04-13T16:00,30.3,20,982.9
2026-04-13T17:00,28.7,21,983.2
2026-04-13T18:00,27.1,26,983.2
2026-04-13T19:00,25.3,31,982.8
2026-04-13T20:00,24.4,36,982.1
2026-04-13T21:00,23.6,42,981.5
2026-04-13T22:00,22.6,46,981.1
2026-04-13T23:00,22.2,48,980.9
2026-04-14T00:00,22.4,50,980.7
2026-04-14T01:00,22.7,49,981.4
2026-04-14T02:00,25.2,41,982.6
2026-04-14T03:00,28.3,33,983.5
2026-04-14T04:00,31.4,24,984.1
2026-04-14T05:00,34.1,17,984.0
2026-04-14T06:00,35.6,13,983.7
2026-04-14T07:00,36.9,13,983.0
2026-04-14T08:00,37.6,13,982.2
2026-04-14T09:00,38.0,12,981.0
2026-04-14T10:00,37.9,12,980.2
2026-04-14T11:00,37.4,12,979.4
2026-04-14T12:00,37.2,12,978.8
2026-04-14T13:00,35.8,13,979.4
2026-04-14T14:00,34.1,15,979.6
2026-04-14T15:00,33.2,18,979.9
2026-04-14T16:00,30.5,23,980.6
2026-04-14T17:00,29.0,25,980.5
2026-04-14T18:00,28.6,27,980.7
2026-04-14T19:00,27.0,30,980.2
2026-04-14T20:00,26.2,31,979.5
2026-04-14T21:00,25.1,33,978.8
2026-04-14T22:00,24.4,35,978.6
2026-04-14T23:00,23.8,36,978.5
2026-04-15T00:00,23.6,44,978.5
2026-04-15T01:00,23.7,43,979.0
2026-04-15T02:00,25.8,37,979.9
2026-04-15T03:00,28.8,30,980.4
2026-04-15T04:00,31.9,24,980.9
2026-04-15T05:00,34.7,18,980.8
2026-04-15T06:00,36.6,13,980.5
2026-04-15T07:00,37.9,12,980.2
2026-04-15T08:00,38.6,10,979.3
2026-04-15T09:00,38.7,10,978.4
2026-04-15T10:00,38.5,9,977.7
2026-04-15T11:00,37.9,10,977.2
2026-04-15T12:00,37.8,10,976.9
2026-04-15T13:00,36.4,12,977.3
2026-04-15T14:00,35.1,13,977.8
2026-04-15T15:00,34.2,14,978.3
2026-04-15T16:00,32.1,16,978.9
2026-04-15T17:00,30.8,19,979.1
2026-04-15T18:00,29.5,23,979.0
2026-04-15T19:00,27.1,28,979.1
2026-04-15T20:00,26.1,31,978.4
2026-04-15T21:00,25.4,36,978.2
2026-04-15T22:00,24.8,38,978.1
2026-04-15T23:00,24.6,38,978.3
2026-04-16T00:00,24.7,50,978.1
2026-04-16T01:00,24.4,46,979.1
2026-04-16T02:00,26.6,40,979.9
2026-04-16T03:00,30.5,29,981.0
2026-04-16T04:00,33.7,21,981.8
2026-04-16T05:00,36.0,16,982.4
2026-04-16T06:00,37.5,14,981.9
2026-04-16T07:00,39.4,11,981.8
2026-04-16T08:00,39.9,10,981.1
2026-04-16T09:00,39.8,11,980.0
2026-04-16T10:00,40.1,10,979.2
2026-04-16T11:00,39.2,11,978.6
2026-04-16T12:00,38.8,11,977.7
2026-04-16T13:00,36.8,16,978.3
2026-04-16T14:00,34.5,23,979.1
2026-04-16T15:00,33.3,23,980.2
2026-04-16T16:00,31.9,26,980.9
2026-04-16T17:00,30.8,29,980.9
2026-04-16T18:00,30.7,29,980.9
2026-04-16T19:00,29.4,31,980.6
2026-04-16T20:00,28.4,32,980.3
2026-04-16T21:00,28.4,32,980.1
2026-04-16T22:00,28.1,31,980.0
2026-04-16T23:00,27.0,34,980.3
2026-04-17T00:00,27.1,33,979.9
2026-04-17T01:00,28.2,31,981.1
2026-04-17T02:00,30.0,28,981.8
2026-04-17T03:00,32.7,23,983.1
2026-04-17T04:00,34.9,20,983.8
2026-04-17T05:00,37.1,16,984.1
2026-04-17T06:00,37.9,17,984.0
2026-04-17T07:00,38.2,17,983.5
2026-04-17T08:00,39.0,15,982.4
2026-04-17T09:00,40.4,12,981.3
2026-04-17T10:00,40.5,11,980.7
2026-04-17T11:00,38.5,15,980.6
2026-04-17T12:00,33.6,29,980.9
2026-04-17T13:00,31.9,31,981.1
2026-04-17T14:00,30.8,31,981.2
2026-04-17T15:00,29.9,33,981.9
2026-04-17T16:00,29.4,33,982.0
2026-04-17T17:00,28.6,35,981.4
2026-04-17T18:00,27.8,41,981.4
2026-04-17T19:00,27.0,42,980.8
2026-04-17T20:00,26.5,43,980.5
2026-04-17T21:00,26.1,43,980.0
2026-04-17T22:00,25.7,43,980.2
2026-04-17T23:00,25.0,45,980.1
2026-04-18T00:00,25.1,55,980.5
2026-04-18T01:00,24.6,57,981.2
2026-04-18T02:00,26.4,51,981.9
2026-04-18T03:00,29.6,41,982.5
2026-04-18T04:00,32.8,32,982.9
2026-04-18T05:00,35.4,25,983.0
2026-04-18T06:00,36.9,22,982.7
2026-04-18T07:00,39.0,17,982.4
2026-04-18T08:00,40.0,14,981.7
2026-04-18T09:00,40.6,13,980.7
2026-04-18T10:00,40.5,11,979.9
2026-04-18T11:00,39.9,12,979.3
2026-04-18T12:00,39.5,11,978.8
2026-04-18T13:00,37.9,13,978.7
2026-04-18T14:00,35.8,18,979.2
2026-04-18T15:00,34.6,19,979.6
2026-04-18T16:00,33.3,21,980.1
2026-04-18T17:00,32.6,21,979.9
2026-04-18T18:00,32.4,25,980.0
2026-04-18T19:00,30.6,27,979.8
2026-04-18T20:00,29.5,28,979.2
2026-04-18T21:00,28.6,29,978.6
2026-04-18T22:00,28.0,30,978.6
2026-04-18T23:00,27.0,33,978.3
2026-04-19T00:00,26.1,43,978.3
2026-04-19T01:00,26.7,42,979.0
2026-04-19T02:00,28.4,38,979.5
2026-04-19T03:00,31.5,32,980.2
2026-04-19T04:00,35.0,25,981.1
2026-04-19T05:00,37.3,21,981.3
2026-04-19T06:00,39.2,14,981.1
2026-04-19T07:00,40.0,13,980.6
2026-04-19T08:00,40.5,11,980.6
2026-04-19T09:00,39.6,11,979.3
2026-04-19T10:00,40.3,11,978.5
2026-04-19T11:00,39.3,11,978.1
2026-04-19T12:00,38.8,11,977.9
2026-04-19T13:00,37.8,11,978.2
2026-04-19T14:00,36.2,13,978.5
2026-04-19T15:00,34.3,17,978.7
2026-04-19T16:00,33.8,16,979.3
2026-04-19T17:00,31.5,19,979.4
2026-04-19T18:00,30.2,26,979.5
2026-04-19T19:00,29.4,27,978.9
2026-04-19T20:00,28.6,29,978.5
2026-04-19T21:00,28.0,30,978.2
2026-04-19T22:00,27.4,32,978.3
2026-04-19T23:00,26.8,34,978.4
2026-04-20T00:00,26.6,42,978.3
2026-04-20T01:00,26.7,42,979.1
2026-04-20T02:00,28.0,40,979.9
2026-04-20T03:00,30.4,35,980.8
2026-04-20T04:00,33.5,28,981.4
2026-04-20T05:00,36.4,19,981.6
2026-04-20T06:00,38.2,15,981.0
2026-04-20T07:00,39.2,13,980.4
2026-04-20T08:00,39.7,11,979.7
2026-04-20T09:00,39.4,11,978.7
2026-04-20T10:00,39.4,10,978.0
2026-04-20T11:00,38.8,11,977.6
2026-04-20T12:00,38.1,12,977.5
2026-04-20T13:00,36.9,13,978.0
2026-04-20T14:00,35.4,14,978.6
2026-04-20T15:00,33.9,14,979.3
2026-04-20T16:00,32.5,15,979.5
2026-04-20T17:00,31.5,16,979.6
2026-04-20T18:00,31.1,15,979.6
2026-04-20T19:00,30.1,15,979.2
2026-04-20T20:00,29.0,16,979.2
2026-04-20T21:00,28.2,17,978.7
2026-04-20T22:00,27.4,18,978.7
2026-04-20T23:00,26.6,20,978.4
2026-04-21T00:00,27.1,24,978.3
2026-04-21T01:00,26.7,26,978.5
2026-04-21T02:00,28.3,24,979.6
2026-04-21T03:00,30.7,21,980.4
2026-04-21T04:00,33.4,19,980.9
2026-04-21T05:00,35.8,16,981.1
2026-04-21T06:00,37.6,13,980.5
2026-04-21T07:00,38.6,12,980.0
2026-04-21T08:00,39.0,12,979.2
2026-04-21T09:00,39.0,12,978.2
2026-04-21T10:00,38.7,13,977.6
2026-04-21T11:00,38.4,14,977.5
2026-04-21T12:00,38.0,13,977.0
2026-04-21T13:00,36.9,15,977.0
2026-04-21T14:00,35.2,17,977.5
2026-04-21T15:00,34.1,18,978.0
2026-04-21T16:00,33.3,20,978.5
2026-04-21T17:00,32.5,21,978.5
2026-04-21T18:00,31.4,24,978.9
2026-04-21T19:00,29.5,28,978.3
2026-04-21T20:00,28.5,30,978.0
2026-04-21T21:00,27.9,30,977.7
2026-04-21T22:00,27.7,30,977.5
2026-04-21T23:00,27.4,30,977.6
2026-04-22T00:00,27.1,32,977.7
2026-04-22T01:00,26.9,33,978.4
2026-04-22T02:00,28.3,32,979.4
2026-04-22T03:00,30.6,28,980.3
2026-04-22T04:00,33.8,21,980.7
2026-04-22T05:00,36.4,17,980.8
2026-04-22T06:00,38.2,14,980.5
2026-04-22T07:00,39.6,12,979.9
2026-04-22T08:00,40.2,11,979.1
2026-04-22T09:00,40.6,11,978.1
2026-04-22T10:00,40.6,10,977.5
2026-04-22T11:00,40.0,11,976.9
2026-04-22T12:00,39.4,12,976.4
2026-04-22T13:00,38.2,13,976.7
2026-04-22T14:00,36.5,15,977.0
2026-04-22T15:00,35.3,16,977.4
2026-04-22T16:00,33.7,18,977.8
2026-04-22T17:00,32.1,21,978.0
2026-04-22T18:00,31.8,23,978.2
2026-04-22T19:00,30.1,25,978.6
2026-04-22T20:00,29.7,25,978.4
2026-04-22T21:00,28.9,27,978.4
2026-04-22T22:00,28.4,28,978.5
2026-04-22T23:00,28.2,27,978.7
2026-04-23T00:00,29.0,24,979.0
2026-04-23T01:00,29.0,20,979.8
2026-04-23T02:00,30.0,18,980.6
2026-04-23T03:00,31.9,16,981.4
2026-04-23T04:00,34.4,15,981.8
2026-04-23T05:00,36.9,13,981.8
2026-04-23T06:00,38.9,12,981.3
2026-04-23T07:00,40.5,11,980.7
2026-04-23T08:00,41.2,11,979.7
2026-04-23T09:00,41.4,11,978.7
2026-04-23T10:00,41.3,11,977.8
2026-04-23T11:00,40.7,11,977.1
2026-04-23T12:00,39.8,12,976.6
2026-04-23T13:00,39.0,13,977.0
2026-04-23T14:00,37.7,15,977.6
2026-04-23T15:00,36.3,17,978.1
2026-04-23T16:00,34.6,19,978.4
2026-04-23T17:00,33.5,21,978.3
2026-04-23T18:00,32.5,26,978.5
2026-04-23T19:00,30.7,28,978.4
2026-04-23T20:00,29.9,35,977.9
2026-04-23T21:00,29.4,30,977.7
2026-04-23T22:00,29.5,29,977.9
2026-04-23T23:00,29.3,29,978.1
2026-04-24T00:00,28.5,35,977.8
2026-04-24T01:00,29.0,31,978.7
2026-04-24T02:00,30.4,29,979.8
2026-04-24T03:00,32.6,26,980.2
2026-04-24T04:00,35.5,22,980.8
2026-04-24T05:00,38.1,18,980.7
2026-04-24T06:00,40.0,15,980.0
2026-04-24T07:00,41.7,13,979.6
2026-04-24T08:00,42.2,12,978.9
2026-04-24T09:00,41.9,13,977.8
2026-04-24T10:00,42.0,13,977.0
2026-04-24T11:00,41.6,13,976.6
2026-04-24T12:00,41.1,11,975.9
2026-04-24T13:00,39.5,14,976.8
2026-04-24T14:00,37.4,33,977.5
2026-04-24T15:00,36.3,25,978.2
2026-04-24T16:00,35.0,23,979.0
2026-04-24T17:00,33.4,23,979.5
2026-04-24T18:00,33.1,28,979.4
2026-04-24T19:00,32.3,30,979.4
2026-04-24T20:00,31.4,31,979.2
2026-04-24T21:00,30.8,29,979.4
2026-04-24T22:00,30.1,28,979.4
2026-04-24T23:00,29.6,29,979.5
2026-04-25T00:00,28.9,43,979.3
2026-04-25T01:00,29.7,36,980.2
2026-04-25T02:00,31.4,33,981.3
2026-04-25T03:00,33.4,29,981.9
2026-04-25T04:00,36.2,24,982.2
2026-04-25T05:00,39.1,19,982.0
2026-04-25T06:00,40.9,14,981.8
2026-04-25T07:00,41.8,13,981.2
2026-04-25T08:00,42.1,12,980.2
2026-04-25T09:00,42.2,13,979.2
2026-04-25T10:00,42.1,12,978.6
2026-04-25T11:00,41.3,13,978.5
2026-04-25T12:00,41.4,12,977.3
2026-04-25T13:00,40.0,13,977.8
2026-04-25T14:00,38.2,15,978.5
2026-04-25T15:00,37.0,16,979.1
2026-04-25T16:00,35.7,18,979.7
2026-04-25T17:00,34.4,20,979.7
2026-04-25T18:00,33.6,23,979.9
2026-04-25T19:00,32.9,25,979.4
2026-04-25T20:00,32.3,27,978.9
2026-04-25T21:00,31.4,30,978.4
2026-04-25T22:00,31.0,31,978.3
2026-04-25T23:00,30.2,33,978.5
2026-04-26T00:00,29.8,36,978.3
2026-04-26T01:00,30.1,35,978.9
2026-04-26T02:00,31.3,33,979.7
2026-04-26T03:00,33.6,29,980.4
2026-04-26T04:00,36.3,25,980.7
2026-04-26T05:00,38.5,21,980.5
2026-04-26T06:00,40.2,19,979.6
2026-04-26T07:00,41.3,17,979.1
2026-04-26T08:00,41.6,16,978.2
2026-04-26T09:00,41.6,15,977.0
2026-04-26T10:00,41.0,14,976.3
2026-04-26T11:00,39.9,16,975.7
2026-04-26T12:00,40.7,14,974.7
2026-04-26T13:00,39.7,15,975.0
2026-04-26T14:00,38.4,16,975.4
2026-04-26T15:00,37.2,17,976.0
2026-04-26T16:00,35.9,18,976.3
2026-04-26T17:00,34.5,21,976.3
2026-04-26T18:00,33.7,21,976.1
2026-04-26T19:00,31.4,25,976.0
2026-04-26T20:00,30.3,30,975.8
2026-04-26T21:00,29.6,32,975.6
2026-04-26T22:00,29.2,29,975.7
2026-04-26T23:00,28.6,31,975.6
2026-04-27T00:00,29.2,35,975.8
2026-04-27T01:00,30.2,28,976.2
2026-04-27T02:00,31.8,27,977.0
2026-04-27T03:00,34.3,23,977.4
2026-04-27T04:00,36.8,18,977.7
2026-04-27T05:00,38.9,14,977.6
2026-04-27T06:00,39.9,14,977.1
2026-04-27T07:00,41.3,13,976.5
2026-04-27T08:00,42.2,13,975.5
2026-04-27T09:00,42.5,14,974.3
2026-04-27T10:00,42.2,13,973.3
2026-04-27T11:00,41.5,13,972.9
2026-04-27T12:00,41.1,11,972.3
2026-04-27T13:00,40.3,12,972.7
2026-04-27T14:00,38.1,15,973.3
2026-04-27T15:00,38.2,14,974.2
2026-04-27T16:00,34.1,26,975.8
2026-04-27T17:00,33.8,26,976.1
2026-04-27T18:00,33.7,25,975.5
2026-04-27T19:00,32.6,28,975.1
2026-04-27T20:00,31.8,31,975.3
2026-04-27T21:00,31.3,33,975.4
2026-04-27T22:00,30.8,34,975.7
2026-04-27T23:00,30.6,34,975.9
2026-04-28T00:00,29.8,38,975.3
2026-04-28T01:00,30.5,37,976.6
2026-04-28T02:00,31.4,36,978.3
2026-04-28T03:00,33.1,34,978.7
2026-04-28T04:00,34.8,30,978.6
2026-04-28T05:00,36.6,25,978.6
2026-04-28T06:00,36.4,27,978.1
2026-04-28T07:00,37.5,25,977.7
2026-04-28T08:00,36.4,25,977.4
2026-04-28T09:00,37.8,22,976.6
2026-04-28T10:00,36.4,24,976.2
2026-04-28T11:00,36.2,25,975.4
2026-04-28T12:00,35.8,24,974.3
2026-04-28T13:00,34.9,26,974.7
2026-04-28T14:00,33.6,29,975.0
2026-04-28T15:00,32.7,32,975.5
2026-04-28T16:00,32.0,33,975.6
2026-04-28T17:00,31.2,35,976.0
2026-04-28T18:00,30.9,42,975.4
2026-04-28T19:00,30.9,43,975.3
2026-04-28T20:00,29.6,46,975.7
2026-04-28T21:00,29.1,45,974.6
2026-04-28T22:00,28.4,47,974.7
2026-04-28T23:00,27.5,51,975.2
2026-04-29T00:00,27.5,59,976.7
2026-04-29T01:00,27.4,59,977.5
2026-04-29T02:00,28.1,55,977.0
2026-04-29T03:00,29.8,48,977.5
2026-04-29T04:00,30.6,43,978.0
2026-04-29T05:00,32.9,33,978.2
2026-04-29T06:00,33.5,30,978.5
2026-04-29T07:00,35.0,24,977.7
2026-04-29T08:00,36.1,22,977.0
2026-04-29T09:00,36.5,22,976.0
2026-04-29T10:00,36.6,22,975.2
2026-04-29T11:00,36.6,22,974.5
2026-04-29T12:00,34.0,26,974.7
2026-04-29T13:00,33.5,27,974.7
2026-04-29T14:00,32.7,29,975.0
2026-04-29T15:00,31.8,31,975.2
2026-04-29T16:00,30.9,35,975.5
2026-04-29T17:00,30.2,37,975.7
2026-04-29T18:00,30.0,41,975.4
2026-04-29T19:00,28.7,49,975.2
2026-04-29T20:00,28.4,46,975.1
2026-04-29T21:00,28.0,52,975.2
2026-04-29T22:00,27.4,55,975.6
2026-04-29T23:00,26.8,57,976.2
2026-04-30T00:00,27.1,55,976.1
2026-04-30T01:00,28.1,51,976.9
2026-04-30T02:00,29.4,46,977.9
2026-04-30T03:00,31.8,40,978.1
2026-04-30T04:00,34.4,32,978.4
2026-04-30T05:00,35.9,27,978.3
2026-04-30T06:00,36.4,17,978.4
2026-04-30T07:00,37.7,16,978.3
2026-04-30T08:00,34.9,24,977.9
2026-04-30T09:00,34.8,23,977.1
2026-04-30T10:00,35.4,21,976.9
2026-04-30T11:00,36.0,19,976.3
2026-04-30T12:00,31.0,43,975.2
2026-04-30T13:00,29.3,50,976.0
2026-04-30T14:00,28.2,54,977.5
2026-04-30T15:00,27.9,56,977.7
2026-04-30T16:00,27.4,60,978.2
2026-04-30T17:00,26.9,62,978.3
2026-04-30T18:00,24.9,68,978.3
2026-04-30T19:00,24.0,70,978.2
2026-04-30T20:00,23.7,69,977.9
2026-04-30T21:00,23.4,69,977.5
2026-04-30T22:00,22.9,72,977.5
2026-04-30T23:00,22.3,76,977.5
2026-05-01T00:00,22.7,79,977.6
2026-05-01T01:00,22.7,80,978.5
2026-05-01T02:00,23.6,80,979.5
2026-05-01T03:00,25.2,74,979.8
2026-05-01T04:00,27.2,65,979.9
2026-05-01T05:00,29.1,57,980.0
2026-05-01T06:00,30.6,51,979.5
2026-05-01T07:00,32.0,46,979.0
2026-05-01T08:00,33.2,42,978.0
2026-05-01T09:00,33.9,39,977.0
2026-05-01T10:00,34.4,37,975.8
2026-05-01T11:00,34.8,35,975.0
2026-05-01T12:00,32.9,36,975.3
2026-05-01T13:00,32.0,40,975.4
2026-05-01T14:00,30.8,50,976.0
2026-05-01T15:00,30.4,44,975.8
2026-05-01T16:00,29.3,47,976.8
2026-05-01T17:00,28.5,50,977.2
2026-05-01T18:00,28.4,51,976.9
2026-05-01T19:00,27.8,53,976.6
2026-05-01T20:00,27.1,56,976.2
2026-05-01T21:00,26.7,57,975.9
2026-05-01T22:00,26.2,59,975.7
2026-05-01T23:00,25.9,59,975.4
2026-05-02T00:00,25.7,65,975.8
2026-05-02T01:00,26.5,62,976.8
2026-05-02T02:00,28.0,57,977.7
2026-05-02T03:00,30.1,51,977.8
2026-05-02T04:00,32.4,43,978.0
2026-05-02T05:00,34.2,37,978.0
2026-05-02T06:00,35.0,35,978.0
2026-05-02T07:00,34.4,35,977.9
2026-05-02T08:00,34.2,36,976.9
2026-05-02T09:00,34.5,35,975.6
2026-05-02T10:00,35.5,30,974.4
2026-05-02T11:00,35.7,29,973.5
2026-05-02T12:00,34.9,28,972.7
2026-05-02T13:00,34.0,31,973.1
2026-05-02T14:00,33.1,33,973.1
2026-05-02T15:00,32.1,36,974.0
2026-05-02T16:00,31.1,38,975.4
2026-05-02T17:00,30.4,40,975.9
2026-05-02T18:00,31.2,41,975.4
2026-05-02T19:00,30.1,43,975.2
2026-05-02T20:00,29.0,46,974.9
2026-05-02T21:00,28.5,47,974.8
2026-05-02T22:00,27.9,47,974.7
2026-05-02T23:00,27.0,49,974.5
2026-05-03T00:00,25.5,57,975.0
2026-05-03T01:00,25.7,58,975.6
2026-05-03T02:00,27.1,55,976.2
2026-05-03T03:00,29.4,51,976.8
2026-05-03T04:00,31.7,46,977.5
2026-05-03T05:00,33.8,40,977.9
2026-05-03T06:00,34.5,34,978.9
2026-05-03T07:00,33.6,37,978.9
2026-05-03T08:00,32.2,44,979.4
2026-05-03T09:00,32.6,43,977.9
2026-05-03T10:00,33.5,38,977.3
2026-05-03T11:00,33.5,38,976.2
2026-05-03T12:00,33.4,38,975.8
2026-05-03T13:00,32.8,43,976.0
2026-05-03T14:00,32.0,45,976.2
2026-05-03T15:00,31.1,48,976.8
2026-05-03T16:00,30.0,52,977.4
2026-05-03T17:00,29.1,55,977.9
2026-05-03T18:00,29.5,52,978.7
2026-05-03T19:00,26.4,64,980.0
2026-05-03T20:00,23.3,78,980.3
2026-05-03T21:00,23.3,75,980.3
2026-05-03T22:00,22.2,83,978.5
2026-05-03T23:00,22.7,77,978.3
2026-05-04T00:00,21.6,91,981.0
2026-05-04T01:00,21.1,93,980.7
2026-05-04T02:00,21.2,86,978.2
2026-05-04T03:00,22.6,77,978.8
2026-05-04T04:00,24.4,63,981.5
2026-05-04T05:00,26.3,58,982.3
2026-05-04T06:00,27.4,55,982.1
2026-05-04T07:00,28.4,50,981.9
2026-05-04T08:00,29.6,39,981.2
2026-05-04T09:00,30.3,39,980.6
2026-05-04T10:00,30.2,41,980.1
2026-05-04T11:00,30.0,41,979.6
2026-05-04T12:00,29.0,47,978.3
2026-05-04T13:00,28.1,54,978.8
2026-05-04T14:00,27.0,60,979.9
2026-05-04T15:00,26.4,62,980.0
2026-05-04T16:00,25.7,66,981.1
2026-05-04T17:00,24.9,71,981.8
2026-05-04T18:00,24.8,76,981.9
2026-05-04T19:00,24.0,79,981.6
2026-05-04T20:00,23.7,81,982.0
2026-05-04T21:00,23.4,84,981.4
2026-05-04T22:00,23.1,85,981.1
2026-05-04T23:00,22.7,84,981.2
2026-05-05T00:00,22.6,83,982.0
2026-05-05T01:00,23.0,83,982.3
2026-05-05T02:00,24.3,78,983.3
2026-05-05T03:00,26.0,71,984.4
2026-05-05T04:00,27.7,62,984.9
2026-05-05T05:00,27.6,62,985.1
2026-05-05T06:00,29.6,50,985.4
2026-05-05T07:00,26.5,61,985.6
2026-05-05T08:00,28.1,54,984.6
2026-05-05T09:00,29.1,51,983.8
2026-05-05T10:00,27.8,55,983.4
2026-05-05T11:00,27.9,57,982.9
2026-05-05T12:00,31.0,32,981.4
2026-05-05T13:00,28.7,45,982.0
2026-05-05T14:00,26.9,53,982.5
2026-05-05T15:00,26.1,59,982.6
2026-05-05T16:00,25.2,64,983.0
2026-05-05T17:00,24.3,72,983.1
2026-05-05T18:00,23.9,79,982.5
2026-05-05T19:00,23.4,81,982.0
2026-05-05T20:00,23.1,81,981.6
2026-05-05T21:00,22.6,82,981.3
2026-05-05T22:00,22.2,82,981.7
2026-05-05T23:00,21.4,87,981.5
2026-05-06T00:00,22.0,90,981.6
2026-05-06T01:00,22.9,85,982.5
2026-05-06T02:00,24.4,77,983.2
2026-05-06T03:00,26.3,67,983.6
2026-05-06T04:00,28.3,54,983.6
2026-05-06T05:00,30.0,43,983.3
2026-05-06T06:00,31.1,37,983.1
2026-05-06T07:00,32.1,33,982.5
2026-05-06T08:00,32.8,31,981.4
2026-05-06T09:00,33.3,28,980.2
2026-05-06T10:00,33.7,26,979.2
2026-05-06T11:00,33.9,26,978.6
2026-05-06T12:00,33.7,24,978.0
2026-05-06T13:00,32.0,45,978.1
2026-05-06T14:00,29.9,37,978.6
2026-05-06T15:00,28.5,41,979.1
2026-05-06T16:00,26.8,50,979.6
2026-05-06T17:00,26.3,50,979.7
2026-05-06T18:00,26.8,50,979.4
2026-05-06T19:00,25.9,52,979.0
2026-05-06T20:00,24.7,57,979.1
2026-05-06T21:00,23.9,62,979.0
2026-05-06T22:00,23.7,59,979.6
2026-05-06T23:00,22.8,62,980.0
2026-05-07T00:00,22.7,73,979.7
2026-05-07T01:00,23.9,62,980.5
2026-05-07T02:00,24.5,62,981.2
2026-05-07T03:00,26.3,57,982.1
2026-05-07T04:00,27.0,51,982.7
2026-05-07T05:00,29.0,46,982.6
2026-05-07T06:00,28.6,50,983.4
2026-05-07T07:00,28.8,50,983.2
2026-05-07T08:00,29.0,47,983.0
2026-05-07T09:00,29.1,46,982.4
2026-05-07T10:00,29.6,44,981.6
2026-05-07T11:00,29.6,45,981.3
2026-05-07T12:00,29.7,39,980.7
2026-05-07T13:00,28.3,46,981.1
2026-05-07T14:00,26.5,55,981.6
2026-05-07T15:00,25.6,61,982.2
2026-05-07T16:00,24.9,67,982.5
2026-05-07T17:00,24.3,71,982.4
2026-05-07T18:00,24.1,76,982.1
2026-05-07T19:00,23.3,81,981.7
2026-05-07T20:00,22.9,84,981.1
2026-05-07T21:00,22.4,87,980.9
2026-05-07T22:00,22.0,90,981.0
2026-05-07T23:00,21.7,91,981.3
2026-05-08T00:00,22.0,89,982.0
2026-05-08T01:00,22.4,87,982.5
2026-05-08T02:00,23.7,81,983.0
2026-05-08T03:00,25.8,71,983.5
2026-05-08T04:00,28.0,61,983.9
2026-05-08T05:00,30.0,50,983.9
2026-05-08T06:00,31.4,43,983.3
2026-05-08T07:00,32.2,39,982.9
2026-05-08T08:00,33.1,36,982.4
2026-05-08T09:00,33.5,34,981.6
2026-05-08T10:00,33.4,34,980.9
2026-05-08T11:00,30.2,43,981.9
2026-05-08T12:00,32.0,35,980.5
2026-05-08T13:00,30.9,39,980.7
2026-05-08T14:00,29.3,45,981.2
2026-05-08T15:00,28.2,51,981.6
2026-05-08T16:00,27.2,55,981.9
2026-05-08T17:00,26.5,58,982.1
2026-05-08T18:00,26.5,60,981.8
2026-05-08T19:00,26.0,63,981.1
2026-05-08T20:00,25.5,64,981.0
2026-05-08T21:00,24.9,66,981.0
2026-05-08T22:00,24.3,67,981.3
2026-05-08T23:00,23.8,69,981.7
2026-05-09T00:00,24.0,73,981.9
2026-05-09T01:00,24.6,71,982.7
2026-05-09T02:00,25.9,65,983.4
2026-05-09T03:00,28.0,57,983.8
2026-05-09T04:00,30.2,49,984.1
2026-05-09T05:00,32.0,41,983.9
2026-05-09T06:00,32.9,38,983.4
2026-05-09T07:00,33.9,35,983.0
2026-05-09T08:00,34.6,33,982.2
2026-05-09T09:00,34.7,32,981.5
2026-05-09T10:00,34.6,32,980.8
2026-05-09T11:00,34.4,32,980.5
2026-05-09T12:00,33.6,33,980.0
2026-05-09T13:00,32.8,35,980.4
2026-05-09T14:00,31.2,43,980.8
2026-05-09T15:00,30.0,49,981.1
2026-05-09T16:00,29.2,52,981.6
2026-05-09T17:00,28.4,55,981.6
2026-05-09T18:00,28.1,58,981.7
2026-05-09T19:00,27.4,62,981.3
2026-05-09T20:00,27.0,63,980.6
2026-05-09T21:00,26.5,65,980.5
2026-05-09T22:00,25.9,67,980.8
2026-05-09T23:00,25.4,67,981.2
2026-05-10T00:00,25.7,67,981.7
2026-05-10T01:00,26.1,66,982.7
2026-05-10T02:00,27.4,61,983.3
2026-05-10T03:00,29.6,53,984.0
2026-05-10T04:00,32.0,43,984.4
2026-05-10T05:00,33.5,37,983.8
2026-05-10T06:00,34.3,35,983.2
2026-05-10T07:00,35.6,31,982.6
2026-05-10T08:00,36.6,28,981.8
2026-05-10T09:00,37.1,26,980.6
2026-05-10T10:00,37.0,26,979.6
2026-05-10T11:00,36.7,27,978.9
2026-05-10T12:00,34.7,31,978.8
2026-05-10T13:00,33.1,36,979.2
2026-05-10T14:00,31.8,40,979.5
2026-05-10T15:00,31.0,42,979.9
2026-05-10T16:00,30.1,44,980.6
2026-05-10T17:00,29.3,47,980.7
2026-05-10T18:00,29.4,49,980.8
2026-05-10T19:00,29.1,50,980.8
2026-05-10T20:00,28.6,52,980.7
2026-05-10T21:00,28.1,53,980.4
2026-05-10T22:00,27.6,55,980.6
2026-05-10T23:00,27.1,57,981.2
2026-05-11T00:00,26.8,60,981.8
2026-05-11T01:00,27.2,60,982.7
2026-05-11T02:00,28.5,55,983.0
2026-05-11T03:00,30.5,49,983.3
2026-05-11T04:00,32.7,43,984.0
2026-05-11T05:00,34.3,36,983.8
2026-05-11T06:00,34.2,36,983.5
2026-05-11T07:00,35.0,34,982.2
2026-05-11T08:00,35.6,33,981.1
2026-05-11T09:00,36.6,31,980.1
2026-05-11T10:00,36.9,30,979.3
2026-05-11T11:00,36.9,29,978.9
2026-05-11T12:00,36.5,28,979.0
2026-05-11T13:00,35.5,31,978.6
2026-05-11T14:00,34.0,37,978.9
2026-05-11T15:00,32.7,44,979.2
2026-05-11T16:00,31.7,47,979.6
2026-05-11T17:00,31.0,49,979.6
2026-05-11T18:00,30.5,51,978.9
2026-05-11T19:00,29.8,53,978.5
2026-05-11T20:00,29.3,54,978.4
2026-05-11T21:00,29.0,54,978.3
2026-05-11T22:00,28.6,56,978.3
2026-05-11T23:00,28.2,57,978.7
2026-05-12T00:00,27.7,65,979.0
2026-05-12T01:00,28.1,63,979.6
2026-05-12T02:00,29.3,57,979.8
2026-05-12T03:00,31.1,50,980.3
2026-05-12T04:00,27.8,67,982.8
2026-05-12T05:00,27.2,75,980.2
2026-05-12T06:00,36.9,31,979.9
2026-05-12T07:00,37.9,28,979.0
2026-05-12T08:00,38.4,26,978.0
2026-05-12T09:00,37.7,26,977.2
2026-05-12T10:00,38.2,26,976.7
2026-05-12T11:00,33.7,41,976.9
2026-05-12T12:00,35.3,35,975.5
2026-05-12T13:00,33.8,40,975.7
2026-05-12T14:00,32.5,47,976.0
2026-05-12T15:00,31.4,52,976.7
2026-05-12T16:00,30.4,57,977.2
2026-05-12T17:00,30.0,57,977.3
2026-05-12T18:00,30.0,59,977.6
2026-05-12T19:00,28.7,61,976.9
2026-05-12T20:00,27.9,64,976.1
2026-05-12T21:00,27.5,64,976.0
2026-05-12T22:00,27.0,65,976.5
2026-05-12T23:00,26.5,68,977.0
2026-05-13T00:00,26.7,71,977.0
2026-05-13T01:00,26.8,71,977.5
2026-05-13T02:00,28.2,66,978.3
2026-05-13T03:00,30.4,57,979.1
2026-05-13T04:00,32.8,48,979.3
2026-05-13T05:00,35.2,40,978.8
2026-05-13T06:00,36.1,32,978.8
2026-05-13T07:00,36.5,32,977.8
2026-05-13T08:00,37.3,30,976.6
2026-05-13T09:00,38.0,28,975.2
2026-05-13T10:00,38.4,26,974.4
2026-05-13T11:00,39.0,23,974.5
2026-05-13T12:00,37.3,33,972.5
2026-05-13T13:00,36.4,35,973.1
2026-05-13T14:00,35.3,39,973.7
2026-05-13T15:00,33.8,47,974.9
2026-05-13T16:00,32.8,53,975.7
2026-05-13T17:00,31.8,58,975.5
2026-05-13T18:00,28.3,61,976.5
2026-05-13T19:00,27.7,60,975.2
2026-05-13T20:00,27.5,59,974.4
2026-05-13T21:00,27.4,59,974.0
2026-05-13T22:00,27.6,58,974.0
2026-05-13T23:00,27.8,54,974.3
2026-05-14T00:00,26.9,64,974.6
2026-05-14T01:00,26.9,63,976.0
2026-05-14T02:00,28.3,56,976.4
2026-05-14T03:00,30.9,44,976.9
2026-05-14T04:00,33.7,35,977.5
2026-05-14T05:00,36.0,28,978.0
2026-05-14T06:00,37.4,24,977.9
2026-05-14T07:00,38.3,23,977.4
2026-05-14T08:00,39.1,21,976.5
2026-05-14T09:00,39.1,21,975.5
2026-05-14T10:00,38.7,21,974.9
2026-05-14T11:00,38.1,24,974.0
2026-05-14T12:00,37.8,27,973.0
2026-05-14T13:00,36.2,33,973.3
2026-05-14T14:00,35.1,36,974.0
2026-05-14T15:00,34.4,37,974.4
2026-05-14T16:00,33.5,41,975.1
2026-05-14T17:00,32.6,45,975.5
2026-05-14T18:00,33.6,43,976.1
2026-05-14T19:00,31.3,46,976.1
2026-05-14T20:00,29.4,55,976.6
2026-05-14T21:00,28.8,60,976.2
2026-05-14T22:00,28.0,56,975.6
2026-05-14T23:00,27.6,51,975.3
2026-05-15T00:00,28.9,48,974.7
2026-05-15T01:00,29.2,48,975.7
2026-05-15T02:00,31.0,40,976.6
2026-05-15T03:00,33.1,33,977.4
2026-05-15T04:00,35.0,27,978.0
2026-05-15T05:00,36.6,23,978.3
2026-05-15T06:00,38.2,20,978.2
2026-05-15T07:00,39.6,16,977.7
2026-05-15T08:00,39.8,15,976.7
2026-05-15T09:00,40.0,15,975.7
2026-05-15T10:00,39.9,15,975.1
2026-05-15T11:00,39.3,16,974.4
2026-05-15T12:00,38.2,19,974.3
2026-05-15T13:00,36.7,23,974.5
2026-05-15T14:00,35.0,30,975.0
2026-05-15T15:00,33.8,34,975.6
2026-05-15T16:00,33.1,36,976.1
2026-05-15T17:00,32.2,38,976.6
2026-05-15T18:00,32.0,44,976.3
2026-05-15T19:00,31.0,47,975.9
2026-05-15T20:00,30.8,46,975.8
2026-05-15T21:00,30.4,43,975.9
2026-05-15T22:00,29.9,41,976.0
2026-05-15T23:00,29.5,41,976.6
2026-05-16T00:00,28.9,45,976.7
2026-05-16T01:00,29.0,46,977.3
2026-05-16T02:00,30.3,42,977.8
2026-05-16T03:00,32.2,38,978.3
2026-05-16T04:00,34.4,32,978.8
2026-05-16T05:00,36.4,27,978.9
2026-05-16T06:00,39.2,20,978.7
2026-05-16T07:00,40.3,16,978.1
2026-05-16T08:00,40.3,15,977.4
2026-05-16T09:00,40.4,15,976.8
2026-05-16T10:00,40.2,15,976.0
2026-05-16T11:00,39.5,16,975.5
2026-05-16T12:00,39.7,15,975.1
2026-05-16T13:00,38.6,17,975.6
2026-05-16T14:00,37.3,19,976.3
2026-05-16T15:00,36.4,21,976.7
2026-05-16T16:00,35.2,23,977.2
2026-05-16T17:00,34.5,25,977.3
2026-05-16T18:00,34.2,28,976.9
2026-05-16T19:00,33.2,30,976.4
2026-05-16T20:00,32.4,31,976.1
2026-05-16T21:00,31.7,32,976.3
2026-05-16T22:00,31.0,34,976.3
2026-05-16T23:00,30.4,35,976.5
2026-05-17T00:00,30.6,36,976.6
2026-05-17T01:00,30.6,37,977.3
2026-05-17T02:00,31.7,36,978.2
2026-05-17T03:00,33.6,33,978.8
2026-05-17T04:00,36.0,27,979.0
2026-05-17T05:00,37.9,23,978.8
2026-05-17T06:00,40.2,20,978.1
2026-05-17T07:00,41.1,20,977.6
2026-05-17T08:00,40.9,20,976.9
2026-05-17T09:00,41.2,20,975.9
2026-05-17T10:00,41.3,19,975.0
2026-05-17T11:00,40.8,19,974.5
2026-05-17T12:00,41.1,17,974.0
2026-05-17T13:00,40.4,17,974.0
2026-05-17T14:00,38.9,20,974.2
2026-05-17T15:00,37.6,23,974.5
2026-05-17T16:00,36.4,24,974.8
2026-05-17T17:00,35.6,24,975.0
2026-05-17T18:00,35.3,25,974.7
2026-05-17T19:00,34.1,26,973.9
2026-05-17T20:00,33.3,27,973.4
2026-05-17T21:00,32.7,28,973.2
2026-05-17T22:00,32.0,29,973.3
2026-05-17T23:00,31.3,31,973.8
2026-05-18T00:00,30.9,37,974.0
2026-05-18T01:00,30.8,39,974.6
2026-05-18T02:00,32.0,38,975.5
2026-05-18T03:00,34.0,35,976.2
2026-05-18T04:00,36.3,30,976.6
2026-05-18T05:00,38.3,25,977.0
2026-05-18T06:00,40.6,21,976.6
2026-05-18T07:00,41.6,19,976.1
2026-05-18T08:00,42.1,20,975.2
2026-05-18T09:00,42.4,20,974.4
2026-05-18T10:00,42.7,19,973.8
2026-05-18T11:00,42.9,17,973.3
2026-05-18T12:00,43.4,15,972.8
2026-05-18T13:00,42.6,15,972.7
2026-05-18T14:00,41.4,17,973.0
2026-05-18T15:00,40.5,18,973.5
2026-05-18T16:00,39.3,18,973.9
2026-05-18T17:00,38.1,19,973.9
2026-05-18T18:00,37.8,20,973.7
2026-05-18T19:00,36.1,22,973.5
2026-05-18T20:00,34.8,24,973.3
2026-05-18T21:00,34.2,25,973.3
2026-05-18T22:00,33.4,27,973.7
2026-05-18T23:00,32.5,28,974.3
2026-05-19T00:00,33.1,27,974.6
2026-05-19T01:00,33.0,27,975.6
2026-05-19T02:00,34.4,25,976.6
2026-05-19T03:00,36.5,21,977.4
2026-05-19T04:00,38.8,19,977.9
2026-05-19T05:00,41.2,13,978.0
2026-05-19T06:00,43.4,10,977.8
2026-05-19T07:00,44.2,10,977.2
2026-05-19T08:00,44.7,9,976.3
2026-05-19T09:00,44.7,9,975.3
2026-05-19T10:00,44.5,9,974.7
2026-05-19T11:00,44.1,10,974.3
2026-05-19T12:00,43.9,10,973.7
2026-05-19T13:00,42.9,11,973.8
2026-05-19T14:00,42.1,12,974.5
2026-05-19T15:00,41.2,13,974.9
2026-05-19T16:00,40.1,14,975.2
2026-05-19T17:00,40.0,13,975.3
2026-05-19T18:00,38.9,14,975.6
2026-05-19T19:00,36.9,18,975.1
2026-05-19T20:00,35.7,20,974.6
2026-05-19T21:00,34.8,20,974.4
2026-05-19T22:00,34.0,21,974.4
2026-05-19T23:00,33.3,21,974.7
2026-05-20T00:00,33.8,21,975.2
2026-05-20T01:00,33.4,23,975.7
2026-05-20T02:00,34.4,23,976.4
2026-05-20T03:00,36.4,22,976.7
2026-05-20T04:00,38.5,22,976.9
2026-05-20T05:00,40.6,19,976.7
2026-05-20T06:00,42.6,16,976.2
2026-05-20T07:00,43.2,14,975.7
2026-05-20T08:00,43.8,13,974.7
2026-05-20T09:00,44.4,12,973.9
2026-05-20T10:00,44.0,12,973.0
2026-05-20T11:00,43.5,13,972.5
2026-05-20T12:00,43.4,13,972.0
2026-05-20T13:00,42.8,13,972.2
2026-05-20T14:00,41.3,15,972.5
2026-05-20T15:00,39.9,19,973.3
2026-05-20T16:00,39.1,19,973.7
2026-05-20T17:00,38.1,19,974.2
2026-05-20T18:00,37.1,20,974.2
2026-05-20T19:00,36.0,21,973.9
2026-05-20T20:00,35.2,22,973.4
2026-05-20T21:00,34.7,23,973.5
2026-05-20T22:00,34.4,25,973.8
2026-05-20T23:00,34.0,27,974.2
2026-05-21T00:00,34.7,30,974.6
2026-05-21T01:00,34.6,31,975.1
2026-05-21T02:00,35.3,30,975.8
2026-05-21T03:00,36.8,26,976.3
2026-05-21T04:00,38.3,23,976.5
2026-05-21T05:00,39.9,21,976.4
2026-05-21T06:00,41.1,18,976.8
2026-05-21T07:00,41.9,17,976.4
2026-05-21T08:00,42.6,16,975.6
2026-05-21T09:00,43.1,15,974.7
2026-05-21T10:00,43.1,15,974.1
2026-05-21T11:00,42.7,15,973.9
2026-05-21T12:00,43.3,12,973.2
2026-05-21T13:00,42.4,13,973.4
2026-05-21T14:00,41.1,14,974.1
2026-05-21T15:00,40.0,15,974.6
2026-05-21T16:00,38.8,16,975.3
2026-05-21T17:00,38.0,17,975.8
2026-05-21T18:00,37.6,18,976.0
2026-05-21T19:00,36.6,17,976.1
2026-05-21T20:00,35.7,17,976.2
2026-05-21T21:00,34.7,17,976.2
2026-05-21T22:00,34.0,18,976.3
2026-05-21T23:00,33.1,19,977.0
2026-05-22T00:00,33.3,21,977.2
2026-05-22T01:00,33.1,22,977.6
2026-05-22T02:00,34.2,22,978.2
2026-05-22T03:00,35.8,21,978.9
2026-05-22T04:00,37.5,20,979.3
2026-05-22T05:00,39.3,19,979.5
2026-05-22T06:00,41.5,15,979.3
2026-05-22T07:00,42.3,14,978.9
2026-05-22T08:00,42.6,14,978.0
2026-05-22T09:00,42.7,13,977.1
2026-05-22T10:00,42.6,13,976.5
2026-05-22T11:00,42.0,14,976.2
2026-05-22T12:00,42.0,12,975.9
2026-05-22T13:00,40.2,17,976.1
2026-05-22T14:00,38.2,22,976.5
2026-05-22T15:00,37.0,24,977.1
2026-05-22T16:00,36.4,25,977.6
2026-05-22T17:00,36.0,24,978.0
2026-05-22T18:00,35.4,25,977.7
2026-05-22T19:00,34.4,26,977.4
2026-05-22T20:00,33.7,27,977.1
2026-05-22T21:00,33.2,28,977.2
2026-05-22T22:00,32.7,29,977.4
2026-05-22T23:00,32.4,30,977.6
2026-05-23T00:00,32.6,33,977.8
2026-05-23T01:00,32.7,33,978.3
2026-05-23T02:00,34.0,31,978.8
2026-05-23T03:00,36.2,27,979.3
2026-05-23T04:00,38.5,22,979.5
2026-05-23T05:00,40.1,19,979.6
2026-05-23T06:00,41.2,15,979.3
2026-05-23T07:00,39.3,19,979.4
2026-05-23T08:00,39.7,18,978.8
2026-05-23T09:00,40.4,16,978.0
2026-05-23T10:00,41.1,14,976.9
2026-05-23T11:00,41.2,12,976.1
2026-05-23T12:00,41.1,15,975.5
2026-05-23T13:00,40.6,13,975.6
2026-05-23T14:00,39.5,15,975.6
2026-05-23T15:00,38.4,17,976.1
2026-05-23T16:00,37.5,18,976.5
2026-05-23T17:00,36.5,17,976.7
2026-05-23T18:00,36.0,21,976.5
2026-05-23T19:00,34.3,21,975.9
2026-05-23T20:00,33.3,22,975.3
2026-05-23T21:00,32.8,22,975.3
2026-05-23T22:00,32.4,23,975.6
2026-05-23T23:00,31.8,24,976.3
2026-05-24T00:00,31.5,29,976.5
2026-05-24T01:00,31.4,30,977.5
2026-05-24T02:00,32.6,29,978.1
2026-05-24T03:00,34.7,26,978.5
2026-05-24T04:00,37.3,23,978.9
2026-05-24T05:00,39.6,17,978.9
2026-05-24T06:00,41.8,15,978.4
2026-05-24T07:00,42.4,13,978.0
2026-05-24T08:00,42.3,14,977.5
2026-05-24T09:00,42.4,14,976.8
2026-05-24T10:00,42.4,14,976.4
2026-05-24T11:00,41.9,14,975.9
2026-05-24T12:00,42.5,12,975.1
2026-05-24T13:00,41.6,12,974.7
2026-05-24T14:00,39.9,14,975.0
2026-05-24T15:00,38.9,16,975.1
2026-05-24T16:00,37.6,17,975.9
2026-05-24T17:00,36.9,20,976.2
2026-05-24T18:00,36.5,22,975.9
2026-05-24T19:00,35.3,24,975.1
2026-05-24T20:00,35.2,19,974.4
2026-05-24T21:00,35.1,18,974.3
2026-05-24T22:00,34.3,19,974.8
2026-05-24T23:00,33.7,20,975.3
2026-05-25T00:00,34.0,22,975.5
2026-05-25T01:00,34.1,22,976.0
2026-05-25T02:00,35.1,22,976.5
2026-05-25T03:00,36.8,21,977.0
2026-05-25T04:00,38.4,20,977.2
2026-05-25T05:00,39.8,19,977.2
2026-05-25T06:00,42.2,15,976.9
2026-05-25T07:00,42.9,15,976.2
2026-05-25T08:00,43.4,14,975.1
2026-05-25T09:00,43.4,12,974.5
2026-05-25T10:00,42.9,12,973.9
2026-05-25T11:00,42.3,14,973.3
2026-05-25T12:00,41.9,13,973.4
2026-05-25T13:00,41.3,14,973.2
2026-05-25T14:00,40.4,15,973.6
2026-05-25T15:00,40.3,13,974.1
2026-05-25T16:00,39.1,15,974.8
2026-05-25T17:00,37.9,17,975.4
2026-05-25T18:00,37.0,19,975.5
2026-05-25T19:00,35.4,20,975.5
2026-05-25T20:00,34.7,21,975.3
2026-05-25T21:00,34.2,22,975.5
2026-05-25T22:00,33.4,22,975.3
2026-05-25T23:00,32.8,23,975.5
2026-05-26T00:00,32.7,23,975.8
2026-05-26T01:00,32.7,23,976.7
2026-05-26T02:00,33.8,22,977.5
2026-05-26T03:00,35.9,19,978.0
2026-05-26T04:00,38.2,17,978.7
2026-05-26T05:00,39.8,16,979.0
2026-05-26T06:00,42.0,10,978.4
2026-05-26T07:00,42.2,10,978.1
2026-05-26T08:00,42.8,10,977.1
2026-05-26T09:00,43.3,9,976.2
2026-05-26T10:00,43.0,9,975.5
2026-05-26T11:00,42.2,10,975.3
2026-05-26T12:00,42.5,9,974.9
2026-05-26T13:00,41.7,10,974.8
2026-05-26T14:00,40.3,11,975.4
2026-05-26T15:00,38.9,13,975.8
2026-05-26T16:00,37.9,15,976.4
2026-05-26T17:00,36.9,16,976.7
2026-05-26T18:00,36.5,17,976.7
2026-05-26T19:00,35.0,19,976.1
2026-05-26T20:00,34.3,20,975.5
2026-05-26T21:00,33.6,20,975.2
2026-05-26T22:00,33.1,20,975.3
2026-05-26T23:00,32.5,20,975.5
2026-05-27T00:00,32.8,21,975.7
2026-05-27T01:00,32.5,21,976.4
2026-05-27T02:00,34.0,20,977.2
2026-05-27T03:00,36.2,17,978.1
2026-05-27T04:00,38.5,14,978.5
2026-05-27T05:00,40.0,13,978.4
2026-05-27T06:00,41.8,11,977.6
2026-05-27T07:00,42.7,10,977.2
2026-05-27T08:00,43.1,11,976.7
2026-05-27T09:00,43.2,11,975.9
2026-05-27T10:00,43.1,12,975.4
2026-05-27T11:00,42.9,12,975.0
2026-05-27T12:00,43.9,9,974.2
2026-05-27T13:00,42.9,10,974.6
2026-05-27T14:00,41.6,12,975.1
2026-05-27T15:00,40.0,15,975.4
2026-05-27T16:00,38.8,17,975.6
2026-05-27T17:00,37.9,18,975.7
2026-05-27T18:00,36.2,20,975.8
2026-05-27T19:00,34.3,26,975.0
2026-05-27T20:00,33.7,31,974.8
2026-05-27T21:00,32.9,34,974.9
2026-05-27T22:00,31.8,38,975.0
2026-05-27T23:00,30.5,43,975.3
2026-05-28T00:00,29.6,46,975.5
2026-05-28T01:00,29.5,44,976.3
2026-05-28T02:00,30.6,43,977.3
2026-05-28T03:00,32.4,45,978.2
2026-05-28T04:00,34.4,43,978.3
2026-05-28T05:00,36.4,39,978.4
2026-05-28T06:00,38.0,35,978.0
2026-05-28T07:00,39.2,33,977.7
2026-05-28T08:00,40.1,31,976.8
2026-05-28T09:00,39.8,32,975.7
2026-05-28T10:00,38.4,32,975.4
2026-05-28T11:00,38.3,35,975.2
2026-05-28T12:00,38.4,33,974.2
2026-05-28T13:00,35.9,37,975.0
2026-05-28T14:00,31.2,51,977.0
2026-05-28T15:00,32.1,49,976.5
2026-05-28T16:00,32.4,49,976.6
2026-05-28T17:00,31.9,51,975.3
2026-05-28T18:00,30.7,39,976.1
2026-05-28T19:00,29.9,42,976.4
2026-05-28T20:00,29.5,49,976.7
2026-05-28T21:00,27.9,66,976.4
2026-05-28T22:00,27.2,71,976.4
2026-05-28T23:00,26.9,71,977.3
2026-05-29T00:00,26.5,66,977.0
2026-05-29T01:00,26.5,68,978.5
2026-05-29T02:00,27.3,65,979.2
2026-05-29T03:00,28.4,64,979.6
2026-05-29T04:00,29.9,61,979.6
2026-05-29T05:00,31.6,55,979.8
2026-05-29T06:00,31.9,50,979.1
2026-05-29T07:00,34.2,45,979.2
2026-05-29T08:00,32.4,50,978.9
2026-05-29T09:00,33.4,47,978.3
2026-05-29T10:00,32.1,50,978.2
2026-05-29T11:00,32.8,48,977.5
2026-05-29T12:00,35.0,41,976.6
2026-05-29T13:00,33.9,43,977.3
2026-05-29T14:00,33.4,44,977.5
2026-05-29T15:00,33.0,45,978.2
2026-05-29T16:00,32.4,46,979.0
2026-05-29T17:00,31.8,46,979.6
2026-05-29T18:00,29.3,50,979.0
2026-05-29T19:00,27.5,58,979.1
2026-05-29T20:00,26.8,61,978.7
2026-05-29T21:00,26.3,63,978.4
2026-05-29T22:00,25.9,66,978.7
2026-05-29T23:00,25.5,69,979.3
2026-05-30T00:00,25.6,71,978.5
2026-05-30T01:00,25.4,73,979.7
2026-05-30T02:00,26.3,69,980.9
2026-05-30T03:00,28.4,59,981.3
2026-05-30T04:00,30.3,50,981.1
2026-05-30T05:00,31.9,47,981.7
2026-05-30T06:00,33.2,47,980.3
2026-05-30T07:00,34.1,43,980.1
2026-05-30T08:00,35.3,38,979.7
2026-05-30T09:00,34.9,38,979.2
2026-05-30T10:00,28.2,66,979.5
2026-05-30T11:00,25.0,80,981.7
2026-05-30T12:00,24.2,91,979.5
2026-05-30T13:00,25.8,81,978.4
2026-05-30T14:00,26.2,79,979.3
2026-05-30T15:00,26.0,82,979.8
2026-05-30T16:00,25.7,85,980.0
2026-05-30T17:00,25.4,85,980.3
2026-05-30T18:00,24.7,71,979.8
2026-05-30T19:00,24.2,69,979.4
2026-05-30T20:00,24.0,71,980.0
2026-05-30T21:00,23.8,72,979.8
2026-05-30T22:00,23.6,73,979.8
2026-05-30T23:00,23.5,74,979.8
2026-05-31T00:00,24.2,76,980.6
2026-05-31T01:00,24.5,76,981.1
2026-05-31T02:00,25.7,71,981.7
2026-05-31T03:00,27.3,65,982.4
2026-05-31T04:00,29.1,58,982.7
2026-05-31T05:00,30.8,50,982.5
2026-05-31T06:00,32.4,40,982.9
2026-05-31T07:00,32.6,41,982.6
2026-05-31T08:00,32.7,41,982.1
2026-05-31T09:00,33.3,39,981.2
2026-05-31T10:00,32.7,40,980.4
2026-05-31T11:00,29.8,51,980.3
2026-05-31T12:00,25.4,88,979.9
2026-05-31T13:00,26.3,74,980.2
2026-05-31T14:00,26.1,80,980.4
2026-05-31T15:00,26.2,81,981.3
2026-05-31T16:00,25.8,82,981.7
2026-05-31T17:00,25.7,80,981.4
2026-05-31T18:00,26.8,72,981.1
2026-05-31T19:00,26.1,78,980.8
2026-05-31T20:00,25.6,81,980.5
2026-05-31T21:00,25.1,83,980.5
2026-05-31T22:00,24.7,86,980.4
2026-05-31T23:00,24.5,86,980.7
2026-06-01T00:00,25.0,85,980.8
2026-06-01T01:00,25.3,84,981.3
2026-06-01T02:00,26.3,76,982.5
2026-06-01T03:00,24.3,79,982.7
2026-06-01T04:00,27.3,68,982.9
2026-06-01T05:00,29.2,60,983.1
2026-06-01T06:00,29.9,49,982.4
2026-06-01T07:00,32.0,42,982.3
2026-06-01T08:00,32.4,40,981.8
2026-06-01T09:00,32.5,39,980.5
2026-06-01T10:00,33.1,37,979.9
2026-06-01T11:00,33.1,36,979.3
2026-06-01T12:00,32.4,43,978.8
2026-06-01T13:00,31.2,48,979.0
2026-06-01T14:00,30.0,56,979.7
2026-06-01T15:00,29.3,58,980.3
2026-06-01T16:00,28.7,60,980.9
2026-06-01T17:00,28.3,61,981.1
2026-06-01T18:00,28.5,60,980.8
2026-06-01T19:00,27.3,65,980.5
2026-06-01T20:00,26.5,69,980.4
2026-06-01T21:00,25.9,73,980.8
2026-06-01T22:00,25.2,75,980.8
2026-06-01T23:00,24.7,79,980.6
2026-06-02T00:00,26.1,77,981.1
2026-06-02T01:00,26.6,72,981.7
2026-06-02T02:00,27.6,65,981.8
2026-06-02T03:00,29.5,55,982.2
2026-06-02T04:00,31.3,48,982.3
2026-06-02T05:00,33.1,41,982.0
2026-06-02T06:00,34.2,34,981.9
2026-06-02T07:00,35.1,30,980.9
2026-06-02T08:00,35.6,29,980.3
2026-06-02T09:00,35.8,29,979.1
2026-06-02T10:00,35.9,29,978.4
2026-06-02T11:00,35.3,30,977.7
2026-06-02T12:00,32.6,45,977.9
2026-06-02T13:00,32.7,45,977.5
2026-06-02T14:00,32.1,47,978.0
2026-06-02T15:00,31.8,49,978.4
2026-06-02T16:00,31.5,50,978.9
2026-06-02T17:00,30.9,53,979.2
2026-06-02T18:00,31.8,49,978.4
2026-06-02T19:00,31.2,55,978.5
2026-06-02T20:00,31.0,55,978.3
2026-06-02T21:00,30.5,58,978.1
2026-06-02T22:00,29.7,64,977.9
2026-06-02T23:00,29.0,68,978.0
2026-06-03T00:00,28.4,70,978.2
2026-06-03T01:00,28.4,69,978.2
2026-06-03T02:00,30.0,61,978.6
2026-06-03T03:00,32.2,51,978.7
2026-06-03T04:00,34.1,41,978.6
2026-06-03T05:00,35.2,37,978.4
2026-06-03T06:00,35.8,35,978.2
2026-06-03T07:00,36.0,35,977.8
2026-06-03T08:00,36.8,31,976.9
2026-06-03T09:00,37.4,27,975.7
2026-06-03T10:00,37.9,25,974.7
2026-06-03T11:00,37.8,25,974.0
2026-06-03T12:00,37.4,30,973.5
2026-06-03T13:00,36.2,33,973.9
2026-06-03T14:00,35.1,36,974.3
2026-06-03T15:00,34.6,39,974.6
2026-06-03T16:00,34.0,42,975.1
2026-06-03T17:00,33.5,44,975.3
2026-06-03T18:00,33.8,44,975.2
2026-06-03T19:00,32.9,46,975.2
2026-06-03T20:00,32.2,49,974.7
2026-06-03T21:00,31.6,50,974.4
2026-06-03T22:00,31.0,52,974.4
2026-06-03T23:00,30.4,53,974.4
2026-06-04T00:00,31.6,48,974.8
2026-06-04T01:00,28.3,60,975.4
2026-06-04T02:00,26.3,75,975.9
2026-06-04T03:00,29.9,57,975.7
2026-06-04T04:00,31.6,54,976.5
2026-06-04T05:00,33.2,48,976.4
2026-06-04T06:00,37.1,30,975.6
2026-06-04T07:00,38.5,24,975.0
2026-06-04T08:00,39.4,22,974.5
2026-06-04T09:00,39.4,21,974.0
2026-06-04T10:00,36.6,33,973.7
2026-06-04T11:00,36.1,35,973.5
2026-06-04T12:00,33.9,34,972.7
2026-06-04T13:00,35.0,32,973.0
2026-06-04T14:00,32.2,40,974.1
2026-06-04T15:00,31.5,44,974.8
2026-06-04T16:00,31.4,45,975.6
2026-06-04T17:00,31.2,47,975.8
2026-06-04T18:00,29.0,51,976.5
2026-06-04T19:00,25.5,78,976.3
2026-06-04T20:00,25.3,88,975.1
2026-06-04T21:00,25.6,88,974.4
2026-06-04T22:00,25.9,83,973.8
2026-06-04T23:00,26.0,82,974.5
2026-06-05T00:00,26.5,78,975.6
2026-06-05T01:00,26.8,69,976.5
2026-06-05T02:00,27.3,66,976.6
2026-06-05T03:00,28.8,59,977.5
2026-06-05T04:00,29.1,57,978.4
2026-06-05T05:00,31.2,47,978.2
2026-06-05T06:00,32.5,41,978.2
2026-06-05T07:00,33.0,41,978.1
2026-06-05T08:00,33.2,47,977.3
2026-06-05T09:00,33.2,48,976.8
2026-06-05T10:00,32.8,49,976.2
2026-06-05T11:00,33.1,48,975.4
2026-06-05T12:00,33.7,48,974.9
2026-06-05T13:00,32.7,52,974.9
2026-06-05T14:00,31.8,56,975.2
2026-06-05T15:00,31.4,58,975.6
2026-06-05T16:00,31.1,60,976.1
2026-06-05T17:00,30.8,62,976.4
2026-06-05T18:00,31.1,62,976.2
2026-06-05T19:00,29.9,68,976.0
2026-06-05T20:00,29.3,71,975.7
2026-06-05T21:00,28.8,75,975.5
2026-06-05T22:00,28.5,77,975.9
2026-06-05T23:00,28.1,79,976.0
2026-06-06T00:00,28.9,71,975.9
2026-06-06T01:00,29.6,65,976.7
2026-06-06T02:00,31.2,56,977.4
2026-06-06T03:00,33.3,47,978.0
2026-06-06T04:00,35.3,41,978.2
2026-06-06T05:00,36.9,35,978.0
2026-06-06T06:00,38.5,29,977.8
2026-06-06T07:00,39.1,26,977.2
2026-06-06T08:00,39.6,24,976.2
2026-06-06T09:00,39.8,24,975.7
2026-06-06T10:00,39.6,24,975.1
2026-06-06T11:00,39.2,23,974.8
2026-06-06T12:00,35.3,36,973.9
2026-06-06T13:00,35.2,36,974.5
2026-06-06T14:00,35.5,31,974.9
2026-06-06T15:00,35.0,33,975.6
2026-06-06T16:00,34.7,34,976.0
2026-06-06T17:00,34.4,35,976.3
2026-06-06T18:00,33.6,37,976.6
2026-06-06T19:00,32.3,41,976.4
2026-06-06T20:00,31.3,45,976.2
2026-06-06T21:00,30.5,48,976.3
2026-06-06T22:00,30.1,48,976.3
2026-06-06T23:00,29.7,49,976.8
2026-06-07T00:00,29.9,52,976.8
2026-06-07T01:00,29.8,54,977.4
2026-06-07T02:00,31.0,50,978.0
2026-06-07T03:00,32.8,44,978.3
2026-06-07T04:00,32.5,42,979.4
2026-06-07T05:00,31.9,45,978.1
2026-06-07T06:00,37.5,31,978.3
2026-06-07T07:00,38.4,29,977.6
2026-06-07T08:00,39.5,26,976.6
2026-06-07T09:00,40.3,23,975.6
2026-06-07T10:00,40.7,21,974.6
2026-06-07T11:00,40.0,21,974.2
2026-06-07T12:00,39.3,26,973.7
2026-06-07T13:00,35.0,41,974.0
2026-06-07T14:00,33.0,48,973.9
2026-06-07T15:00,33.3,48,974.2
2026-06-07T16:00,32.9,51,975.0
2026-06-07T17:00,32.6,53,975.2
2026-06-07T18:00,33.2,48,974.6
2026-06-07T19:00,33.4,42,974.5
2026-06-07T20:00,32.7,41,974.3
2026-06-07T21:00,31.9,42,974.1
2026-06-07T22:00,31.4,43,974.1
2026-06-07T23:00,30.9,44,974.2
2026-06-08T00:00,31.5,49,974.6
2026-06-08T01:00,31.7,50,975.0
2026-06-08T02:00,32.9,47,975.6
2026-06-08T03:00,34.8,41,975.9
2026-06-08T04:00,36.8,36,976.0
2026-06-08T05:00,38.5,30,975.7
2026-06-08T06:00,40.1,23,975.7
2026-06-08T07:00,41.6,17,975.0
2026-06-08T08:00,41.8,15,974.1
2026-06-08T09:00,42.0,14,973.2
2026-06-08T10:00,42.4,13,972.7
2026-06-08T11:00,41.9,14,972.2
2026-06-08T12:00,41.7,17,971.6
2026-06-08T13:00,41.7,14,971.5
2026-06-08T14:00,40.1,16,971.8
2026-06-08T15:00,38.5,25,972.4
2026-06-08T16:00,37.9,28,972.9
2026-06-08T17:00,37.0,29,973.2
2026-06-08T18:00,36.9,30,972.9
2026-06-08T19:00,35.7,30,972.7
2026-06-08T20:00,34.8,31,972.3
2026-06-08T21:00,33.8,32,972.1
2026-06-08T22:00,33.5,32,972.3
2026-06-08T23:00,33.2,32,972.5
2026-06-09T00:00,33.3,37,972.4
2026-06-09T01:00,33.0,40,972.9
2026-06-09T02:00,34.1,43,973.4
2026-06-09T03:00,35.9,40,973.7
2026-06-09T04:00,38.1,34,973.8
2026-06-09T05:00,39.9,27,973.8
2026-06-09T06:00,42.0,18,973.5
2026-06-09T07:00,42.6,16,973.2
2026-06-09T08:00,42.7,15,972.5
2026-06-09T09:00,43.2,13,971.8
2026-06-09T10:00,43.3,13,971.3
2026-06-09T11:00,42.9,13,970.9
2026-06-09T12:00,42.7,15,970.2
2026-06-09T13:00,41.5,15,970.8
2026-06-09T14:00,39.8,20,971.5
2026-06-09T15:00,39.5,21,972.0
2026-06-09T16:00,39.2,21,972.2
2026-06-09T17:00,38.0,23,972.4
2026-06-09T18:00,37.8,23,973.1
2026-06-09T19:00,36.6,25,972.6
2026-06-09T20:00,35.9,25,972.4
2026-06-09T21:00,35.0,27,971.9
2026-06-09T22:00,34.5,27,971.6
2026-06-09T23:00,34.1,28,972.3
2026-06-10T00:00,33.8,31,972.7
2026-06-10T01:00,32.9,34,973.5
2026-06-10T02:00,33.8,37,974.1
2026-06-10T03:00,35.4,40,974.3
2026-06-10T04:00,37.5,39,974.3
2026-06-10T05:00,39.3,34,974.2
2026-06-10T06:00,41.2,22,974.0
2026-06-10T07:00,42.1,20,973.5
2026-06-10T08:00,42.7,19,972.5
2026-06-10T09:00,43.1,18,971.4
2026-06-10T10:00,43.2,16,971.1
2026-06-10T11:00,42.6,16,970.8
2026-06-10T12:00,43.6,16,970.0
2026-06-10T13:00,42.0,20,970.2
2026-06-10T14:00,40.0,27,970.6
2026-06-10T15:00,39.7,25,970.6
2026-06-10T16:00,39.2,26,971.1
2026-06-10T17:00,37.5,34,971.8
2026-06-10T18:00,35.8,40,972.1
2026-06-10T19:00,35.3,43,971.7
2026-06-10T20:00,34.9,44,971.4
2026-06-10T21:00,34.5,46,971.4
2026-06-10T22:00,34.1,46,971.2
2026-06-10T23:00,33.1,48,971.5
2026-06-11T00:00,31.2,51,971.5
2026-06-11T01:00,29.9,55,973.0
2026-06-11T02:00,29.2,59,973.4
2026-06-11T03:00,30.4,58,974.5
2026-06-11T04:00,31.7,58,974.8
2026-06-11T05:00,33.9,52,974.7
2026-06-11T06:00,33.2,52,975.8
2026-06-11T07:00,34.1,51,975.2
2026-06-11T08:00,35.3,48,974.2
2026-06-11T09:00,36.2,46,973.4
2026-06-11T10:00,36.7,45,973.1
2026-06-11T11:00,36.9,45,972.6
2026-06-11T12:00,36.0,43,971.7
2026-06-11T13:00,34.7,47,972.1
2026-06-11T14:00,33.2,53,972.7
2026-06-11T15:00,32.3,55,973.4
2026-06-11T16:00,31.6,57,974.9
2026-06-11T17:00,30.3,62,975.7
2026-06-11T18:00,26.9,78,976.5
2026-06-11T19:00,26.4,82,977.5
2026-06-11T20:00,25.6,85,976.9
2026-06-11T21:00,25.6,84,976.6
2026-06-11T22:00,24.7,88,977.0
2026-06-11T23:00,24.4,91,976.3
2026-06-12T00:00,23.9,90,977.9
2026-06-12T01:00,23.3,93,978.6
2026-06-12T02:00,24.1,89,979.3
2026-06-12T03:00,25.7,80,979.6
2026-06-12T04:00,27.4,73,979.7
2026-06-12T05:00,29.1,66,979.6
2026-06-12T06:00,30.4,61,980.0
2026-06-12T07:00,30.8,59,979.9
2026-06-12T08:00,31.4,56,979.4
2026-06-12T09:00,31.9,55,978.7
2026-06-12T10:00,32.2,54,978.1
2026-06-12T11:00,32.6,52,977.8
2026-06-12T12:00,31.2,63,977.3
2026-06-12T13:00,25.9,86,978.5
2026-06-12T14:00,26.8,81,977.4
2026-06-12T15:00,26.9,80,978.3
2026-06-12T16:00,27.2,77,978.7
2026-06-12T17:00,27.0,78,979.1
2026-06-12T18:00,26.4,78,979.6
2026-06-12T19:00,26.2,79,979.4
2026-06-12T20:00,26.0,81,978.6
2026-06-12T21:00,25.9,81,977.5
2026-06-12T22:00,25.8,81,977.0
2026-06-12T23:00,25.4,84,978.9
2026-06-13T00:00,25.6,81,979.2
2026-06-13T01:00,25.3,82,979.6
2026-06-13T02:00,25.8,81,980.2
2026-06-13T03:00,26.9,76,980.3
2026-06-13T04:00,27.8,69,980.0
2026-06-13T05:00,29.1,64,980.0
2026-06-13T06:00,30.4,58,980.1
2026-06-13T07:00,30.9,57,979.8
2026-06-13T08:00,32.3,53,979.4
2026-06-13T09:00,32.9,48,979.0
2026-06-13T10:00,33.1,47,978.3
2026-06-13T11:00,33.2,47,977.5
2026-06-13T12:00,34.3,42,977.4
2026-06-13T13:00,31.8,58,977.0
2026-06-13T14:00,29.9,70,976.9
2026-06-13T15:00,29.1,77,977.1
2026-06-13T16:00,28.6,81,977.6
2026-06-13T17:00,28.0,84,977.6
2026-06-13T18:00,28.7,79,977.2
2026-06-13T19:00,28.4,76,977.0
2026-06-13T20:00,27.8,74,976.6
2026-06-13T21:00,27.2,72,976.4
2026-06-13T22:00,26.7,73,976.4
2026-06-13T23:00,26.3,74,976.8
2026-06-14T00:00,27.0,85,977.0
2026-06-14T01:00,27.3,83,977.5
2026-06-14T02:00,28.4,79,977.8
2026-06-14T03:00,30.0,72,978.2
2026-06-14T04:00,31.6,64,978.4
2026-06-14T05:00,32.9,58,978.2
2026-06-14T06:00,34.6,47,977.8
2026-06-14T07:00,35.8,41,977.1
2026-06-14T08:00,36.7,36,976.3
2026-06-14T09:00,35.9,35,975.8
2026-06-14T10:00,36.1,36,975.2
2026-06-14T11:00,34.8,39,975.0
2026-06-14T12:00,36.3,36,973.5
2026-06-14T13:00,34.9,45,973.6
2026-06-14T14:00,32.8,60,973.8
2026-06-14T15:00,31.3,69,974.6
2026-06-14T16:00,30.3,74,975.1
2026-06-14T17:00,29.8,76,975.6
2026-06-14T18:00,30.2,72,975.5
2026-06-14T19:00,30.1,60,975.6
2026-06-14T20:00,29.4,52,975.5
2026-06-14T21:00,29.1,53,975.4
2026-06-14T22:00,28.6,55,975.2
2026-06-14T23:00,28.3,56,975.7
2026-06-15T00:00,27.8,62,976.2
2026-06-15T01:00,28.1,62,976.7
2026-06-15T02:00,29.4,60,977.6
2026-06-15T03:00,31.1,52,978.1
2026-06-15T04:00,33.0,46,978.2
2026-06-15T05:00,34.4,42,978.4
2026-06-15T06:00,35.3,39,977.5
2026-06-15T07:00,36.0,36,977.1
2026-06-15T08:00,36.7,34,976.6
2026-06-15T09:00,36.7,34,976.7
2026-06-15T10:00,31.5,50,977.4
2026-06-15T11:00,32.6,47,975.8
2026-06-15T12:00,30.2,58,975.5
2026-06-15T13:00,30.1,60,975.5
2026-06-15T14:00,29.3,62,976.4
2026-06-15T15:00,28.6,66,977.0
2026-06-15T16:00,28.3,68,977.5
2026-06-15T17:00,28.1,69,977.9
2026-06-15T18:00,27.8,64,978.0
2026-06-15T19:00,27.0,61,977.6
2026-06-15T20:00,26.7,63,977.4
2026-06-15T21:00,26.3,68,976.9
2026-06-15T22:00,26.0,70,977.0
2026-06-15T23:00,26.1,69,977.1
2026-06-16T00:00,26.2,72,976.9
2026-06-16T01:00,26.9,67,977.7
2026-06-16T02:00,28.5,64,979.2
2026-06-16T03:00,29.2,60,979.7
2026-06-16T04:00,30.4,56,980.1
2026-06-16T05:00,31.7,48,980.6
2026-06-16T06:00,28.3,58,980.7
2026-06-16T07:00,29.5,51,980.2
2026-06-16T08:00,29.9,49,979.2
2026-06-16T09:00,29.7,49,978.0
2026-06-16T10:00,31.3,46,978.0
2026-06-16T11:00,32.7,39,977.4
2026-06-16T12:00,32.5,47,977.2
2026-06-16T13:00,31.8,50,977.4
2026-06-16T14:00,30.4,57,977.6
2026-06-16T15:00,29.4,62,977.7
2026-06-16T16:00,28.7,66,978.3
2026-06-16T17:00,28.5,68,978.6
2026-06-16T18:00,27.9,68,979.0
2026-06-16T19:00,27.4,69,978.6
2026-06-16T20:00,27.0,70,978.3
2026-06-16T21:00,26.5,71,978.3
2026-06-16T22:00,25.8,73,978.6
2026-06-16T23:00,25.4,74,978.6
2026-06-17T00:00,26.0,76,978.8
2026-06-17T01:00,26.2,75,979.5
2026-06-17T02:00,27.5,70,979.8
2026-06-17T03:00,29.4,61,980.0
2026-06-17T04:00,31.3,52,979.9
2026-06-17T05:00,32.9,45,979.9
2026-06-17T06:00,34.5,36,979.8
2026-06-17T07:00,36.2,31,979.3
2026-06-17T08:00,37.1,29,978.5
2026-06-17T09:00,37.7,27,977.6
2026-06-17T10:00,37.9,26,976.9
2026-06-17T11:00,37.6,27,976.0
2026-06-17T12:00,37.2,32,975.3
2026-06-17T13:00,36.5,35,975.5
2026-06-17T14:00,35.6,37,975.7
2026-06-17T15:00,35.2,38,976.3
2026-06-17T16:00,34.6,41,977.0
2026-06-17T17:00,34.2,44,977.4
2026-06-17T18:00,34.0,45,978.0
2026-06-17T19:00,33.3,48,978.1
2026-06-17T20:00,32.7,49,977.8
2026-06-17T21:00,31.3,54,977.5
2026-06-17T22:00,30.6,58,977.4
2026-06-17T23:00,30.0,60,977.1
2026-06-18T00:00,30.6,60,977.1
2026-06-18T01:00,30.9,59,977.3
2026-06-18T02:00,32.3,53,978.0
2026-06-18T03:00,34.2,44,978.4
2026-06-18T04:00,35.7,38,978.6
2026-06-18T05:00,37.0,34,978.6
2026-06-18T06:00,38.0,31,978.8
2026-06-18T07:00,38.8,29,978.1
2026-06-18T08:00,39.5,26,977.4
2026-06-18T09:00,39.2,27,976.4
2026-06-18T10:00,39.1,28,975.6
2026-06-18T11:00,38.3,28,975.3
2026-06-18T12:00,39.0,24,974.2
2026-06-18T13:00,37.9,26,974.4
2026-06-18T14:00,36.6,28,975.3
2026-06-18T15:00,35.8,31,976.0
2026-06-18T16:00,35.5,33,976.7
2026-06-18T17:00,34.6,37,977.5
2026-06-18T18:00,32.9,40,977.1
2026-06-18T19:00,32.3,42,977.3
2026-06-18T20:00,31.9,43,977.1
2026-06-18T21:00,31.5,43,976.5
2026-06-18T22:00,30.8,44,977.1
2026-06-18T23:00,29.9,48,977.0
2026-06-19T00:00,28.6,59,977.0
2026-06-19T01:00,28.8,58,977.5
2026-06-19T02:00,29.7,54,977.7
2026-06-19T03:00,31.5,49,977.8
2026-06-19T04:00,33.4,45,978.0
2026-06-19T05:00,34.9,41,978.2
2026-06-19T06:00,37.1,34,978.3
2026-06-19T07:00,38.2,31,977.9
2026-06-19T08:00,38.7,29,977.4
2026-06-19T09:00,38.8,28,976.8
2026-06-19T10:00,38.5,30,976.4
2026-06-19T11:00,38.0,32,975.6
2026-06-19T12:00,38.3,28,975.6
2026-06-19T13:00,37.3,31,975.8
2026-06-19T14:00,36.3,33,976.2
2026-06-19T15:00,35.7,36,976.9
2026-06-19T16:00,35.0,39,977.9
2026-06-19T17:00,34.3,41,978.3
2026-06-19T18:00,34.3,41,978.1
2026-06-19T19:00,33.4,44,978.0
2026-06-19T20:00,32.7,45,977.5
2026-06-19T21:00,32.1,46,977.3
2026-06-19T22:00,31.5,47,976.8
2026-06-19T23:00,31.1,48,976.9
2026-06-20T00:00,31.2,52,976.8
2026-06-20T01:00,31.3,52,977.5
2026-06-20T02:00,32.4,49,977.9
2026-06-20T03:00,34.4,42,978.5
2026-06-20T04:00,35.8,37,978.8
2026-06-20T05:00,36.3,37,979.0
2026-06-20T06:00,37.4,34,978.6
2026-06-20T07:00,38.2,32,978.2
2026-06-20T08:00,38.7,30,977.5
2026-06-20T09:00,39.1,28,977.0
2026-06-20T10:00,39.1,28,976.2
2026-06-20T11:00,38.9,29,975.6
2026-06-20T12:00,30.8,67,975.9
2026-06-20T13:00,35.8,39,975.6
2026-06-20T14:00,35.8,37,975.7
2026-06-20T15:00,36.0,35,976.0
2026-06-20T16:00,36.1,33,976.8
2026-06-20T17:00,35.7,34,977.3
2026-06-20T18:00,35.1,38,977.0
2026-06-20T19:00,34.0,39,976.7
2026-06-20T20:00,33.3,40,976.5
2026-06-20T21:00,32.6,42,976.2
2026-06-20T22:00,32.2,43,976.0
2026-06-20T23:00,31.8,45,976.2
2026-06-21T00:00,29.2,55,976.4
2026-06-21T01:00,30.0,53,977.2
2026-06-21T02:00,31.1,50,977.4
2026-06-21T03:00,32.3,46,977.6
2026-06-21T04:00,32.7,45,977.6
2026-06-21T05:00,34.5,41,977.5
2026-06-21T06:00,34.5,40,977.3
2026-06-21T07:00,35.3,37,976.8
2026-06-21T08:00,36.6,33,976.0
2026-06-21T09:00,38.0,29,975.1
2026-06-21T10:00,38.8,27,974.4
2026-06-21T11:00,38.6,27,974.2
2026-06-21T12:00,39.3,25,973.0
2026-06-21T13:00,38.6,25,973.2
2026-06-21T14:00,37.8,28,974.1
2026-06-21T15:00,37.4,29,975.0
2026-06-21T16:00,36.3,30,975.8
2026-06-21T17:00,35.0,33,976.3
2026-06-21T18:00,33.8,35,976.1
2026-06-21T19:00,33.1,36,976.1
2026-06-21T20:00,32.1,40,976.0
2026-06-21T21:00,31.1,46,976.1
2026-06-21T22:00,30.5,49,975.9
2026-06-21T23:00,30.3,50,975.8
2026-06-22T00:00,29.6,55,976.4
2026-06-22T01:00,29.3,56,977.1
2026-06-22T02:00,30.3,50,977.7
2026-06-22T03:00,32.0,41,977.7
2026-06-22T04:00,32.6,37,978.1
2026-06-22T05:00,32.8,37,978.3
2026-06-22T06:00,35.3,33,978.1
2026-06-22T07:00,36.4,33,977.1
2026-06-22T08:00,36.1,34,976.3
2026-06-22T09:00,36.9,32,975.9
2026-06-22T10:00,35.6,35,975.5
2026-06-22T11:00,35.3,37,975.2
2026-06-22T12:00,36.5,29,974.5
2026-06-22T13:00,36.0,30,974.4
2026-06-22T14:00,35.4,31,974.7
2026-06-22T15:00,35.1,33,975.2
2026-06-22T16:00,34.6,35,976.1
2026-06-22T17:00,33.8,38,976.3
2026-06-22T18:00,33.5,41,975.9
2026-06-22T19:00,32.3,46,975.5
2026-06-22T20:00,31.7,48,975.4
2026-06-22T21:00,31.0,51,975.2
2026-06-22T22:00,30.4,54,975.1
2026-06-22T23:00,29.8,55,974.9
2026-06-23T00:00,30.0,57,975.0
2026-06-23T01:00,30.5,55,975.4
2026-06-23T02:00,31.9,49,975.9
2026-06-23T03:00,33.5,43,976.0
2026-06-23T04:00,35.1,38,976.0
2026-06-23T05:00,36.7,33,975.8
2026-06-23T06:00,39.1,26,975.1
2026-06-23T07:00,37.3,28,975.0
2026-06-23T08:00,36.0,32,974.6
2026-06-23T09:00,37.6,27,973.9
2026-06-23T10:00,36.6,31,973.5
2026-06-23T11:00,36.5,31,973.2
2026-06-23T12:00,34.3,34,973.2
2026-06-23T13:00,34.4,34,972.9
2026-06-23T14:00,34.2,36,973.1
2026-06-23T15:00,33.5,39,974.0
2026-06-23T16:00,32.9,42,974.5
2026-06-23T17:00,32.6,44,975.0
2026-06-23T18:00,32.6,48,974.6
2026-06-23T19:00,31.6,52,974.6
2026-06-23T20:00,31.2,53,974.5
2026-06-23T21:00,30.7,54,974.2
2026-06-23T22:00,30.2,55,974.1
2026-06-23T23:00,29.9,56,974.2
2026-06-24T00:00,30.4,57,974.6
2026-06-24T01:00,30.1,56,975.2
2026-06-24T02:00,30.9,52,975.7
2026-06-24T03:00,33.3,42,976.0
2026-06-24T04:00,35.2,35,976.3
2026-06-24T05:00,36.3,33,976.1
2026-06-24T06:00,37.6,30,976.2
2026-06-24T07:00,36.8,31,975.6
2026-06-24T08:00,36.0,33,974.9
2026-06-24T09:00,37.9,29,974.0
2026-06-24T10:00,38.5,27,973.4
2026-06-24T11:00,38.5,25,973.1
2026-06-24T12:00,25.5,85,973.2
2026-06-24T13:00,31.4,53,972.9
2026-06-24T14:00,32.0,51,973.7
2026-06-24T15:00,32.1,51,974.2
2026-06-24T16:00,32.1,54,975.0
2026-06-24T17:00,32.3,54,975.8
2026-06-24T18:00,33.0,49,975.8
2026-06-24T19:00,32.0,56,975.6
2026-06-24T20:00,31.4,61,975.3
2026-06-24T21:00,30.8,66,974.9
2026-06-24T22:00,30.3,67,975.0
2026-06-24T23:00,29.8,69,975.3
2026-06-25T00:00,30.8,56,975.4
2026-06-25T01:00,31.1,56,976.1
2026-06-25T02:00,31.3,53,977.4
2026-06-25T03:00,29.7,64,978.2
2026-06-25T04:00,32.7,53,977.9
2026-06-25T05:00,35.0,42,978.0
2026-06-25T06:00,36.8,34,977.5
2026-06-25T07:00,37.5,32,977.0
2026-06-25T08:00,38.6,30,976.2
2026-06-25T09:00,39.2,29,975.4
2026-06-25T10:00,39.3,29,974.7
2026-06-25T11:00,38.6,30,974.1
2026-06-25T12:00,36.5,37,973.9
2026-06-25T13:00,37.3,34,974.0
2026-06-25T14:00,36.7,35,974.6
2026-06-25T15:00,36.4,37,975.3
2026-06-25T16:00,36.0,38,976.1
2026-06-25T17:00,35.8,39,976.7
2026-06-25T18:00,34.4,41,977.2
2026-06-25T19:00,32.8,48,976.8
2026-06-25T20:00,32.6,51,976.3
2026-06-25T21:00,32.7,50,976.2
2026-06-25T22:00,32.5,51,976.0
2026-06-25T23:00,32.4,50,976.6
2026-06-26T00:00,31.8,55,976.8
2026-06-26T01:00,31.6,57,977.4
2026-06-26T02:00,32.6,54,977.7
2026-06-26T03:00,34.5,47,978.2
2026-06-26T04:00,36.3,40,978.3
2026-06-26T05:00,38.0,36,978.4
2026-06-26T06:00,39.2,32,978.2
2026-06-26T07:00,39.9,30,977.7
2026-06-26T08:00,40.4,29,976.9
2026-06-26T09:00,40.4,29,976.2
2026-06-26T10:00,40.4,29,975.2
2026-06-26T11:00,38.8,32,975.0
2026-06-26T12:00,29.7,80,974.3
2026-06-26T13:00,34.5,47,974.8
2026-06-26T14:00,34.2,47,975.5
2026-06-26T15:00,34.4,48,976.3
2026-06-26T16:00,33.6,55,976.8
2026-06-26T17:00,33.8,55,977.3
2026-06-26T18:00,34.0,48,977.0
2026-06-26T19:00,33.5,52,976.6
2026-06-26T20:00,33.1,53,976.3
2026-06-26T21:00,32.8,55,976.1
2026-06-26T22:00,32.3,59,976.0
2026-06-26T23:00,31.7,60,976.3
2026-06-27T00:00,29.3,67,976.3
2026-06-27T01:00,29.9,68,977.0
2026-06-27T02:00,31.0,64,977.2
2026-06-27T03:00,34.0,50,977.3
2026-06-27T04:00,36.5,40,977.5
2026-06-27T05:00,38.5,33,977.4
2026-06-27T06:00,39.7,31,977.3
2026-06-27T07:00,38.9,34,976.6
2026-06-27T08:00,39.2,33,975.9
2026-06-27T09:00,39.7,32,975.0
2026-06-27T10:00,40.0,30,974.1
2026-06-27T11:00,40.0,29,973.0
2026-06-27T12:00,39.0,33,972.6
2026-06-27T13:00,39.0,31,972.8
2026-06-27T14:00,37.9,35,973.2
2026-06-27T15:00,37.4,37,973.5
2026-06-27T16:00,36.4,45,974.2
2026-06-27T17:00,35.5,51,974.6
2026-06-27T18:00,34.9,49,974.1
2026-06-27T19:00,35.6,45,974.1
2026-06-27T20:00,35.0,47,974.0
2026-06-27T21:00,33.8,52,973.6
2026-06-27T22:00,33.0,53,973.5
2026-06-27T23:00,32.9,52,973.8
2026-06-28T00:00,31.0,62,973.4
2026-06-28T01:00,31.4,61,973.3
2026-06-28T02:00,33.5,53,974.0
2026-06-28T03:00,35.6,45,974.7
2026-06-28T04:00,37.3,40,975.0
2026-06-28T05:00,39.1,35,975.0
2026-06-28T06:00,40.5,31,974.6
2026-06-28T07:00,41.5,28,973.8
2026-06-28T08:00,41.7,28,973.1
2026-06-28T09:00,41.5,29,972.2
2026-06-28T10:00,41.4,29,971.4
2026-06-28T11:00,40.9,30,970.9
2026-06-28T12:00,40.1,30,970.7
2026-06-28T13:00,39.1,33,971.1
2026-06-28T14:00,37.9,38,971.7
2026-06-28T15:00,37.5,38,972.3
2026-06-28T16:00,37.1,40,973.0
2026-06-28T17:00,36.8,41,973.3
2026-06-28T18:00,36.0,49,973.1
2026-06-28T19:00,35.9,48,972.7
2026-06-28T20:00,35.4,49,972.4
2026-06-28T21:00,35.3,47,972.1
2026-06-28T22:00,34.4,49,972.2
2026-06-28T23:00,34.0,50,972.5
2026-06-29T00:00,33.8,53,972.1
2026-06-29T01:00,33.6,52,972.4
2026-06-29T02:00,34.5,47,972.7
2026-06-29T03:00,36.3,41,973.3
2026-06-29T04:00,37.9,36,973.8
2026-06-29T05:00,38.5,34,974.0
2026-06-29T06:00,39.2,34,973.6
2026-06-29T07:00,40.7,29,973.3
2026-06-29T08:00,41.6,28,972.4
2026-06-29T09:00,42.2,27,971.5
2026-06-29T10:00,40.3,31,971.1
2026-06-29T11:00,40.0,32,970.3
2026-06-29T12:00,41.2,26,970.3
2026-06-29T13:00,40.2,28,970.1
2026-06-29T14:00,39.3,29,970.5
2026-06-29T15:00,38.6,32,971.3
2026-06-29T16:00,37.6,35,971.9
2026-06-29T17:00,36.5,39,972.6
2026-06-29T18:00,36.4,41,972.3
2026-06-29T19:00,32.8,55,972.2
2026-06-29T20:00,28.3,80,971.4
2026-06-29T21:00,30.5,67,970.5
2026-06-29T22:00,30.8,72,970.8
2026-06-29T23:00,31.4,68,971.6
2026-06-30T00:00,29.8,85,971.1
2026-06-30T01:00,32.1,71,971.8
2026-06-30T02:00,35.0,44,972.8
2026-06-30T03:00,35.5,40,973.5
2026-06-30T04:00,36.5,39,973.6
2026-06-30T05:00,37.5,37,974.0
2026-06-30T06:00,37.7,38,974.2
2026-06-30T07:00,38.3,37,974.3
2026-06-30T08:00,38.7,37,973.8
2026-06-30T09:00,37.5,41,972.9
2026-06-30T10:00,35.3,55,972.7
2026-06-30T11:00,34.5,60,972.5
2026-06-30T12:00,33.4,63,971.7
2026-06-30T13:00,35.0,54,971.9
2026-06-30T14:00,34.3,56,972.4
2026-06-30T15:00,33.1,61,973.0
2026-06-30T16:00,31.8,69,973.6
2026-06-30T17:00,31.3,72,974.1
2026-06-30T18:00,31.4,74,974.1
2026-06-30T19:00,31.1,75,974.0
2026-06-30T20:00,30.7,74,973.6
2026-06-30T21:00,30.2,73,973.8
2026-06-30T22:00,29.7,72,973.6
2026-06-30T23:00,29.3,74,974.0
2026-07-01T00:00,28.3,89,973.9
2026-07-01T01:00,26.8,92,974.6
2026-07-01T02:00,26.9,93,974.9
2026-07-01T03:00,28.0,87,975.2
2026-07-01T04:00,29.5,82,975.7
2026-07-01T05:00,30.0,80,975.9
2026-07-01T06:00,29.5,76,976.6
2026-07-01T07:00,29.8,76,976.1
2026-07-01T08:00,30.4,74,975.2
2026-07-01T09:00,31.2,71,974.4
2026-07-01T10:00,31.7,69,973.5
2026-07-01T11:00,31.2,70,973.1
2026-07-01T12:00,32.2,62,972.3
2026-07-01T13:00,31.0,68,972.5
2026-07-01T14:00,30.3,71,973.1
2026-07-01T15:00,30.0,73,973.8
2026-07-01T16:00,29.8,74,974.6
2026-07-01T17:00,29.6,77,975.5
2026-07-01T18:00,30.1,75,975.3
2026-07-01T19:00,30.0,76,975.5
2026-07-01T20:00,29.7,77,975.3
2026-07-01T21:00,29.4,76,975.0
2026-07-01T22:00,28.8,77,974.9
2026-07-01T23:00,28.6,76,975.5
2026-07-02T00:00,25.7,95,975.9
2026-07-02T01:00,26.1,90,976.2
2026-07-02T02:00,26.1,91,975.7
2026-07-02T03:00,27.3,87,975.6
2026-07-02T04:00,29.3,76,976.2
2026-07-02T05:00,28.9,77,976.5
2026-07-02T06:00,28.0,76,976.3
2026-07-02T07:00,28.3,74,975.9
2026-07-02T08:00,30.4,66,975.2
2026-07-02T09:00,30.9,63,974.0
2026-07-02T10:00,31.8,61,973.4
2026-07-02T11:00,31.9,60,972.9
2026-07-02T12:00,31.7,65,972.6
2026-07-02T13:00,31.3,67,972.7
2026-07-02T14:00,30.5,74,973.2
2026-07-02T15:00,29.9,79,973.9
2026-07-02T16:00,29.4,82,974.8
2026-07-02T17:00,29.0,85,975.5
2026-07-02T18:00,29.2,82,976.1
2026-07-02T19:00,28.9,85,975.7
2026-07-02T20:00,28.6,85,975.4
2026-07-02T21:00,28.2,87,975.0
2026-07-02T22:00,27.9,88,974.9
2026-07-02T23:00,27.7,89,974.8
2026-07-03T00:00,27.2,88,975.1
2026-07-03T01:00,27.9,83,975.5
2026-07-03T02:00,29.3,76,976.1
2026-07-03T03:00,31.1,67,976.0
2026-07-03T04:00,33.1,57,976.0
2026-07-03T05:00,34.3,51,976.1
2026-07-03T06:00,35.9,45,975.6
2026-07-03T07:00,34.9,50,975.3
2026-07-03T08:00,34.6,52,974.6
2026-07-03T09:00,34.8,51,973.6
2026-07-03T10:00,34.7,51,973.2
2026-07-03T11:00,34.9,51,972.6
2026-07-03T12:00,34.5,55,972.1
2026-07-03T13:00,33.3,60,972.7
2026-07-03T14:00,32.2,66,973.3
2026-07-03T15:00,31.5,71,973.9
2026-07-03T16:00,31.2,75,974.6
2026-07-03T17:00,30.9,77,974.7
2026-07-03T18:00,31.1,75,974.2
2026-07-03T19:00,31.1,73,974.2
2026-07-03T20:00,30.9,73,974.1
2026-07-03T21:00,30.8,73,974.0
2026-07-03T22:00,30.7,73,973.8
2026-07-03T23:00,30.4,72,973.7
2026-07-04T00:00,29.6,82,973.7
2026-07-04T01:00,29.8,81,974.2
2026-07-04T02:00,30.9,76,974.7
2026-07-04T03:00,32.0,66,974.5
2026-07-04T04:00,32.2,68,974.3
2026-07-04T05:00,33.7,61,974.5
2026-07-04T06:00,32.1,69,974.4
2026-07-04T07:00,34.2,59,974.1
2026-07-04T08:00,35.5,53,973.1
2026-07-04T09:00,36.0,50,972.0
2026-07-04T10:00,36.3,49,971.4
2026-07-04T11:00,35.9,51,970.8
2026-07-04T12:00,33.6,67,970.8
2026-07-04T13:00,33.0,70,970.4
2026-07-04T14:00,32.4,73,970.9
2026-07-04T15:00,32.0,78,971.5
2026-07-04T16:00,31.6,83,971.9
2026-07-04T17:00,30.9,83,972.7
2026-07-04T18:00,31.4,80,972.5
2026-07-04T19:00,30.6,85,972.1
2026-07-04T20:00,30.4,86,972.0
2026-07-04T21:00,30.2,85,971.9
2026-07-04T22:00,29.9,85,972.0
2026-07-04T23:00,29.2,88,972.3
2026-07-05T00:00,28.7,94,972.3
2026-07-05T01:00,29.6,89,972.7
2026-07-05T02:00,31.2,79,973.5
2026-07-05T03:00,32.9,69,973.4
2026-07-05T04:00,34.7,56,973.4
2026-07-05T05:00,33.4,58,973.8
2026-07-05T06:00,31.6,74,973.7
2026-07-05T07:00,34.1,64,973.1
2026-07-05T08:00,32.4,69,972.7
2026-07-05T09:00,31.6,75,971.8
2026-07-05T10:00,32.9,68,971.1
2026-07-05T11:00,33.6,63,970.7
2026-07-05T12:00,32.0,70,970.3
2026-07-05T13:00,31.9,72,970.7
2026-07-05T14:00,31.0,77,971.7
2026-07-05T15:00,30.7,79,972.5
2026-07-05T16:00,30.2,80,973.1
2026-07-05T17:00,30.1,81,973.6
2026-07-05T18:00,30.0,79,972.8
2026-07-05T19:00,30.1,79,973.1
2026-07-05T20:00,30.0,78,973.3
2026-07-05T21:00,29.7,79,972.9
2026-07-05T22:00,29.6,79,972.5
2026-07-05T23:00,29.7,79,973.0
2026-07-06T00:00,27.0,97,972.6
2026-07-06T01:00,27.7,95,973.0
2026-07-06T02:00,28.9,88,973.2
2026-07-06T03:00,30.6,79,974.0
2026-07-06T04:00,32.0,72,974.2
2026-07-06T05:00,33.5,64,974.5
2026-07-06T06:00,34.5,52,974.1
2026-07-06T07:00,36.8,42,973.4
2026-07-06T08:00,38.0,39,973.0
2026-07-06T09:00,38.7,37,971.8
2026-07-06T10:00,38.6,38,971.4
2026-07-06T11:00,37.2,42,970.8
2026-07-06T12:00,35.0,53,970.3
2026-07-06T13:00,34.3,60,970.7
2026-07-06T14:00,33.4,67,971.2
2026-07-06T15:00,33.1,70,971.9
2026-07-06T16:00,32.6,72,972.8
2026-07-06T17:00,32.0,74,973.2
2026-07-06T18:00,31.5,76,973.1
2026-07-06T19:00,31.2,79,973.1
2026-07-06T20:00,31.0,81,972.8
2026-07-06T21:00,30.7,83,972.4
2026-07-06T22:00,30.4,85,971.7
2026-07-06T23:00,30.0,86,972.0
2026-07-07T00:00,26.7,95,972.3
2026-07-07T01:00,27.2,97,972.5
2026-07-07T02:00,28.3,92,973.0
2026-07-07T03:00,30.2,84,973.7
2026-07-07T04:00,32.3,72,973.6
2026-07-07T05:00,33.8,61,973.5
2026-07-07T06:00,30.1,83,973.4
2026-07-07T07:00,32.8,66,973.2
2026-07-07T08:00,32.9,63,972.6
2026-07-07T09:00,33.1,60,971.7
2026-07-07T10:00,32.3,65,970.9
2026-07-07T11:00,29.6,84,970.4
2026-07-07T12:00,26.6,93,970.3
2026-07-07T13:00,26.7,95,970.1
2026-07-07T14:00,26.7,96,970.9
2026-07-07T15:00,26.8,95,972.0
2026-07-07T16:00,26.7,97,973.0
2026-07-07T17:00,26.7,95,973.2
2026-07-07T18:00,26.9,94,972.5
2026-07-07T19:00,26.9,94,972.3
2026-07-07T20:00,27.0,94,971.7
2026-07-07T21:00,26.9,94,971.9
2026-07-07T22:00,26.9,90,971.9
2026-07-07T23:00,26.7,92,972.0
2026-07-08T00:00,26.2,98,971.6
2026-07-08T01:00,26.5,97,971.7
2026-07-08T02:00,26.8,95,972.0
2026-07-08T03:00,27.4,92,972.4
2026-07-08T04:00,27.8,89,972.6
2026-07-08T05:00,28.9,82,972.7
2026-07-08T06:00,27.8,90,972.7
2026-07-08T07:00,28.1,85,972.4
2026-07-08T08:00,29.4,78,971.8
2026-07-08T09:00,29.5,78,971.0
2026-07-08T10:00,29.3,80,970.4
2026-07-08T11:00,29.4,79,969.8
2026-07-08T12:00,27.0,93,970.5
2026-07-08T13:00,26.5,95,970.1
2026-07-08T14:00,26.4,95,970.4
2026-07-08T15:00,26.6,93,971.3
2026-07-08T16:00,26.8,95,971.8
2026-07-08T17:00,26.8,95,971.8
2026-07-08T18:00,26.5,95,971.3
2026-07-08T19:00,26.2,96,970.9
2026-07-08T20:00,26.0,97,970.3
2026-07-08T21:00,26.0,96,970.0
2026-07-08T22:00,25.6,96,969.6
2026-07-08T23:00,25.7,96,970.0
2026-07-09T00:00,25.4,96,970.9
2026-07-09T01:00,25.1,98,970.1
2026-07-09T02:00,25.3,97,970.6
2026-07-09T03:00,25.8,91,971.5
2026-07-09T04:00,25.4,92,971.7
2026-07-09T05:00,25.3,94,972.2
2026-07-09T06:00,25.2,94,973.5
2026-07-09T07:00,25.4,94,973.1
2026-07-09T08:00,26.4,92,972.7
2026-07-09T09:00,27.6,83,972.2
2026-07-09T10:00,28.6,76,972.4
2026-07-09T11:00,28.9,76,971.7
2026-07-09T12:00,29.1,76,971.5
2026-07-09T13:00,28.3,81,971.7
2026-07-09T14:00,27.3,88,972.4
2026-07-09T15:00,26.8,90,972.8
2026-07-09T16:00,26.4,91,973.6
2026-07-09T17:00,26.1,93,973.4
2026-07-09T18:00,26.8,97,973.5
2026-07-09T19:00,26.4,97,973.1
2026-07-09T20:00,26.2,97,972.5
2026-07-09T21:00,26.1,97,972.3
2026-07-09T22:00,25.9,97,972.1
2026-07-09T23:00,25.7,96,972.6
2026-07-10T00:00,27.2,97,972.5
2026-07-10T01:00,27.3,97,972.9
2026-07-10T02:00,27.5,89,973.8
2026-07-10T03:00,28.0,88,973.8
2026-07-10T04:00,29.4,81,974.5
2026-07-10T05:00,29.2,79,974.7
2026-07-10T06:00,30.9,72,974.2
2026-07-10T07:00,31.9,65,974.2
2026-07-10T08:00,32.3,61,973.3
2026-07-10T09:00,32.6,60,972.7
2026-07-10T10:00,32.7,59,972.4
2026-07-10T11:00,32.5,61,971.8
2026-07-10T12:00,32.1,64,971.2
2026-07-10T13:00,31.5,69,971.8
2026-07-10T14:00,30.3,76,972.2
2026-07-10T15:00,29.6,79,972.9
2026-07-10T16:00,29.1,81,973.5
2026-07-10T17:00,28.8,84,973.6
2026-07-10T18:00,29.0,85,973.3
2026-07-10T19:00,28.4,88,972.7
2026-07-10T20:00,28.2,89,972.3
2026-07-10T21:00,28.0,91,971.8
2026-07-10T22:00,27.7,92,971.8
2026-07-10T23:00,27.7,92,971.9
2026-07-11T00:00,27.4,92,972.0
2026-07-11T01:00,27.5,93,972.4
2026-07-11T02:00,28.6,86,972.9
2026-07-11T03:00,28.5,87,973.7
2026-07-11T04:00,29.8,82,973.5
2026-07-11T05:00,31.8,69,973.4
2026-07-11T06:00,33.4,61,973.3
2026-07-11T07:00,33.9,60,972.9
2026-07-11T08:00,34.2,60,972.1
2026-07-11T09:00,34.3,59,971.4
2026-07-11T10:00,34.3,58,970.8
2026-07-11T11:00,34.2,57,970.2
2026-07-11T12:00,34.4,59,970.1
2026-07-11T13:00,33.4,65,970.4
2026-07-11T14:00,32.0,75,970.8
2026-07-11T15:00,31.2,81,971.4
2026-07-11T16:00,30.7,83,971.9
2026-07-11T17:00,30.3,84,972.1
2026-07-11T18:00,31.4,77,971.8
2026-07-11T19:00,30.6,77,970.9
2026-07-11T20:00,30.2,78,970.4
2026-07-11T21:00,29.8,80,969.9
2026-07-11T22:00,29.5,80,969.4
2026-07-11T23:00,29.3,80,969.4
2026-07-12T00:00,29.8,74,969.1
2026-07-12T01:00,29.9,72,969.7
2026-07-12T02:00,30.6,71,970.1
2026-07-12T03:00,31.6,66,970.5
2026-07-12T04:00,32.4,64,971.1
2026-07-12T05:00,33.3,61,971.2
2026-07-12T06:00,34.7,58,971.3
2026-07-12T07:00,35.0,55,971.4
2026-07-12T08:00,35.2,54,970.7
2026-07-12T09:00,35.3,54,970.3
2026-07-12T10:00,34.9,55,970.2
2026-07-12T11:00,33.8,60,970.2
2026-07-12T12:00,35.1,54,969.6
2026-07-12T13:00,33.9,63,969.7
2026-07-12T14:00,32.7,69,969.9
2026-07-12T15:00,32.2,70,970.5
2026-07-12T16:00,31.8,71,971.4
2026-07-12T17:00,31.4,72,971.8
2026-07-12T18:00,32.1,71,971.3
2026-07-12T19:00,30.7,74,971.1
2026-07-12T20:00,30.5,69,971.0
2026-07-12T21:00,29.8,70,970.9
2026-07-12T22:00,29.2,72,970.8
2026-07-12T23:00,28.7,74,971.0
2026-07-13T00:00,29.3,73,971.0
2026-07-13T01:00,29.3,72,971.3
2026-07-13T02:00,30.2,71,971.7
2026-07-13T03:00,31.5,66,972.5
2026-07-13T04:00,32.6,62,972.7
2026-07-13T05:00,33.8,58,972.8
2026-07-13T06:00,35.1,52,972.7
2026-07-13T07:00,35.5,50,972.8
2026-07-13T08:00,36.0,48,972.4
2026-07-13T09:00,36.1,47,971.9
2026-07-13T10:00,36.0,47,971.3
2026-07-13T11:00,35.9,48,971.1
2026-07-13T12:00,35.0,56,970.8
2026-07-13T13:00,33.8,64,971.2
2026-07-13T14:00,33.1,68,971.4
2026-07-13T15:00,32.8,68,972.2
2026-07-13T16:00,32.4,65,972.6
2026-07-13T17:00,31.5,67,973.2
2026-07-13T18:00,31.2,71,972.8
2026-07-13T19:00,30.3,76,972.9
2026-07-13T20:00,30.0,77,972.4
2026-07-13T21:00,29.8,75,972.4
2026-07-13T22:00,29.3,76,972.4
2026-07-13T23:00,28.8,75,972.7
2026-07-14T00:00,26.4,91,973.1
2026-07-14T01:00,27.4,84,973.2
2026-07-14T02:00,28.8,76,973.4
2026-07-14T03:00,31.4,68,973.6
2026-07-14T04:00,32.6,60,974.3
2026-07-14T05:00,33.8,57,974.7
2026-07-14T06:00,35.8,48,974.8
2026-07-14T07:00,36.2,46,974.7
2026-07-14T08:00,36.5,43,974.3
2026-07-14T09:00,36.7,42,973.7
2026-07-14T10:00,36.8,41,973.2
2026-07-14T11:00,36.5,41,972.9
2026-07-14T12:00,30.0,76,973.0
2026-07-14T13:00,30.4,74,973.0
2026-07-14T14:00,29.5,79,974.0
2026-07-14T15:00,29.0,80,974.7
2026-07-14T16:00,28.9,80,975.1
2026-07-14T17:00,29.1,79,975.6
2026-07-14T18:00,29.4,73,975.5
2026-07-14T19:00,26.8,84,975.3
2026-07-14T20:00,27.0,83,974.9
2026-07-14T21:00,26.6,87,975.1
2026-07-14T22:00,26.3,88,974.3
2026-07-14T23:00,26.5,89,974.3
2026-07-15T00:00,26.1,91,975.3
2026-07-15T01:00,25.1,95,975.9
2026-07-15T02:00,26.1,98,975.3
2026-07-15T03:00,28.7,86,976.2
2026-07-15T04:00,30.8,75,976.6
2026-07-15T05:00,33.1,61,976.8
2026-07-15T06:00,35.2,49,976.7
2026-07-15T07:00,35.8,45,976.4
2026-07-15T08:00,36.2,43,975.7
2026-07-15T09:00,35.9,44,975.2
2026-07-15T10:00,35.9,46,974.8
2026-07-15T11:00,35.7,47,974.2
2026-07-15T12:00,35.5,45,974.0
2026-07-15T13:00,34.7,47,974.5
2026-07-15T14:00,33.6,54,975.0
2026-07-15T15:00,33.0,58,975.6
2026-07-15T16:00,32.5,60,976.3
2026-07-15T17:00,32.3,60,976.9
2026-07-15T18:00,33.2,59,976.2
2026-07-15T19:00,32.6,58,976.4
2026-07-15T20:00,31.9,60,976.1
2026-07-15T21:00,31.5,61,975.9
2026-07-15T22:00,31.2,61,975.7
2026-07-15T23:00,30.9,60,975.8
2026-07-16T00:00,30.8,62,976.0
2026-07-16T01:00,31.0,61,976.2
2026-07-16T02:00,32.0,57,976.6
2026-07-16T03:00,33.3,54,976.8
2026-07-16T04:00,35.0,51,977.0
2026-07-16T05:00,36.5,43,977.1
2026-07-16T06:00,37.6,39,977.1
2026-07-16T07:00,37.3,40,976.8
2026-07-16T08:00,37.9,38,976.1
2026-07-16T09:00,38.1,37,975.5
2026-07-16T10:00,38.0,37,974.6
2026-07-16T11:00,37.8,36,974.2
2026-07-16T12:00,38.2,35,973.6
2026-07-16T13:00,37.5,36,974.0
2026-07-16T14:00,36.6,39,974.5
2026-07-16T15:00,36.2,40,975.1
2026-07-16T16:00,35.8,44,975.7
2026-07-16T17:00,35.4,49,975.9
2026-07-16T18:00,36.0,41,975.1
2026-07-16T19:00,35.1,48,975.0
2026-07-16T20:00,34.5,50,974.8
2026-07-16T21:00,34.0,52,974.6
2026-07-16T22:00,33.4,54,974.5
2026-07-16T23:00,32.9,58,974.7
2026-07-17T00:00,32.3,65,974.7
2026-07-17T01:00,31.9,67,975.4
2026-07-17T02:00,32.4,66,975.8
2026-07-17T03:00,33.4,60,976.0
2026-07-17T04:00,34.8,52,976.2
2026-07-17T05:00,36.0,46,976.5
2026-07-17T06:00,36.2,43,976.7
2026-07-17T07:00,36.6,42,976.3
2026-07-17T08:00,37.0,41,975.6
2026-07-17T09:00,37.4,39,974.8
2026-07-17T10:00,37.6,38,973.9
2026-07-17T11:00,37.4,38,973.5
2026-07-17T12:00,36.8,40,973.6
2026-07-17T13:00,35.9,45,974.0
2026-07-17T14:00,34.6,56,974.3
2026-07-17T15:00,34.6,57,974.8
2026-07-17T16:00,34.2,59,975.7
2026-07-17T17:00,33.4,64,975.8
2026-07-17T18:00,33.8,59,975.3
2026-07-17T19:00,32.6,66,975.1
2026-07-17T20:00,32.0,68,974.9
2026-07-17T21:00,31.6,65,974.7
2026-07-17T22:00,31.3,63,974.5
2026-07-17T23:00,31.4,60,974.5
2026-07-18T00:00,32.0,64,974.1
2026-07-18T01:00,31.9,57,974.7
2026-07-18T02:00,32.4,54,975.1
2026-07-18T03:00,32.6,55,975.4
2026-07-18T04:00,33.5,53,975.6
2026-07-18T05:00,35.4,48,975.7
2026-07-18T06:00,35.8,47,975.7
2026-07-18T07:00,35.9,46,975.2
2026-07-18T08:00,36.6,44,974.6
2026-07-18T09:00,36.8,42,974.0
2026-07-18T10:00,37.1,40,973.7
2026-07-18T11:00,36.5,41,973.2
2026-07-18T12:00,37.0,38,973.3
2026-07-18T13:00,36.9,38,973.8
2026-07-18T14:00,35.6,44,974.2
2026-07-18T15:00,35.2,44,974.6
2026-07-18T16:00,34.7,52,975.0
2026-07-18T17:00,33.6,53,975.6
2026-07-18T18:00,34.0,56,975.4
2026-07-18T19:00,32.8,60,975.1
2026-07-18T20:00,32.2,64,974.7
2026-07-18T21:00,31.6,67,974.4
2026-07-18T22:00,31.5,66,974.6
2026-07-18T23:00,31.0,67,974.6
2026-07-19T00:00,30.8,73,974.3
2026-07-19T01:00,30.9,74,974.9
2026-07-19T02:00,31.7,73,975.0
2026-07-19T03:00,33.2,59,975.6
2026-07-19T04:00,33.7,54,976.1
2026-07-19T05:00,34.8,49,976.2
2026-07-19T06:00,36.4,43,976.2
2026-07-19T07:00,36.5,44,976.1
2026-07-19T08:00,35.9,47,975.5
2026-07-19T09:00,36.4,46,974.8
2026-07-19T10:00,34.5,53,974.3
2026-07-19T11:00,33.8,59,974.6
2026-07-19T12:00,36.7,42,973.7
2026-07-19T13:00,33.3,66,974.4
2026-07-19T14:00,32.2,73,974.4
2026-07-19T15:00,31.7,79,975.4
2026-07-19T16:00,31.6,78,976.5
2026-07-19T17:00,31.2,80,976.8
2026-07-19T18:00,30.9,82,976.6
2026-07-19T19:00,28.7,89,975.6
2026-07-19T20:00,27.8,89,975.4
2026-07-19T21:00,27.6,88,974.9
2026-07-19T22:00,27.7,89,975.1
2026-07-19T23:00,27.2,94,975.2
2026-07-20T00:00,29.5,77,974.9
2026-07-20T01:00,29.4,78,974.8
2026-07-20T02:00,28.7,83,975.5
2026-07-20T03:00,27.5,92,975.8
2026-07-20T04:00,28.6,89,976.7
2026-07-20T05:00,28.3,89,977.0
2026-07-20T06:00,32.2,70,976.8
2026-07-20T07:00,30.0,79,976.8
2026-07-20T08:00,30.6,77,976.1
2026-07-20T09:00,30.0,80,975.4
2026-07-20T10:00,30.6,79,974.8
2026-07-20T11:00,31.1,77,974.6
2026-07-20T12:00,30.0,79,975.7
2026-07-20T13:00,27.2,93,975.9
2026-07-20T14:00,27.2,95,975.6
2026-07-20T15:00,27.5,94,976.3
2026-07-20T16:00,27.7,94,977.0
2026-07-20T17:00,27.7,91,977.5
2026-07-20T18:00,27.0,95,977.3
2026-07-20T19:00,27.1,91,976.7
2026-07-20T20:00,26.7,93,976.2
2026-07-20T21:00,26.6,92,976.2
2026-07-20T22:00,26.4,93,975.8
2026-07-20T23:00,26.1,93,976.0
2026-07-21T00:00,26.2,93,975.7
2026-07-21T01:00,26.1,92,976.5
2026-07-21T02:00,26.1,93,976.5
2026-07-21T03:00,26.6,91,976.8
2026-07-21T04:00,27.5,85,976.8
2026-07-21T05:00,28.5,80,976.9
2026-07-21T06:00,27.5,91,976.7
2026-07-21T07:00,28.7,89,976.1
2026-07-21T08:00,30.3,80,975.4
2026-07-21T09:00,28.7,83,974.8
2026-07-21T10:00,28.4,87,974.4
2026-07-21T11:00,29.2,83,973.9
2026-07-21T12:00,29.7,80,973.6
2026-07-21T13:00,29.5,77,974.0
2026-07-21T14:00,28.8,84,974.8
2026-07-21T15:00,28.4,85,975.5
2026-07-21T16:00,28.1,87,976.2
2026-07-21T17:00,27.7,87,976.7
2026-07-21T18:00,27.1,93,976.5
2026-07-21T19:00,26.8,92,975.9
2026-07-21T20:00,26.5,94,975.4
2026-07-21T21:00,26.7,95,975.0
2026-07-21T22:00,25.9,96,975.2
2026-07-21T23:00,25.6,96,975.7
2026-07-22T00:00,26.2,94,975.2
2026-07-22T01:00,26.1,95,975.7
2026-07-22T02:00,26.8,90,975.9
2026-07-22T03:00,27.2,86,976.5
2026-07-22T04:00,29.0,76,976.4
2026-07-22T05:00,30.0,73,976.4
2026-07-22T06:00,30.9,66,976.2
2026-07-22T07:00,31.5,66,975.9
2026-07-22T08:00,31.6,67,975.1
2026-07-22T09:00,32.0,66,974.0
2026-07-22T10:00,32.0,66,973.5
2026-07-22T11:00,31.7,66,972.7
2026-07-22T12:00,28.3,88,973.2
2026-07-22T13:00,28.9,87,973.7
2026-07-22T14:00,28.8,90,974.2
2026-07-22T15:00,29.1,90,974.8
2026-07-22T16:00,29.1,84,975.2
2026-07-22T17:00,28.6,83,975.3
2026-07-22T18:00,28.5,83,975.0
2026-07-22T19:00,28.4,83,974.8
2026-07-22T20:00,28.0,84,974.3
2026-07-22T21:00,27.8,85,974.0
2026-07-22T22:00,27.5,85,973.8
2026-07-22T23:00,27.3,85,973.9
2026-07-23T00:00,26.9,92,974.0
2026-07-23T01:00,26.6,92,974.4
2026-07-23T02:00,26.8,88,974.5
2026-07-23T03:00,28.0,81,974.9
2026-07-23T04:00,29.0,79,974.6
2026-07-23T05:00,30.6,73,974.5
2026-07-23T06:00,31.2,66,974.6
2026-07-23T07:00,31.9,63,973.8
2026-07-23T08:00,32.3,62,973.1
2026-07-23T09:00,32.5,62,972.3
2026-07-23T10:00,30.4,74,972.2
2026-07-23T11:00,31.0,74,971.5
2026-07-23T12:00,31.9,65,971.7
2026-07-23T13:00,30.8,70,972.4
2026-07-23T14:00,30.2,74,972.7
2026-07-23T15:00,29.6,78,973.5
2026-07-23T16:00,26.6,93,974.7
2026-07-23T17:00,26.9,91,974.4
2026-07-23T18:00,27.6,87,974.5
2026-07-23T19:00,27.2,87,974.1
2026-07-23T20:00,27.1,88,973.9
2026-07-23T21:00,27.0,89,973.3
2026-07-23T22:00,26.8,90,973.4
2026-07-23T23:00,26.6,90,973.4
2026-07-24T00:00,25.8,94,973.6
2026-07-24T01:00,26.0,94,973.3
2026-07-24T02:00,26.9,90,973.7
2026-07-24T03:00,28.4,82,973.7
2026-07-24T04:00,29.6,75,974.1
2026-07-24T05:00,30.4,72,974.3
2026-07-24T06:00,31.0,73,974.5
2026-07-24T07:00,31.6,70,974.2
2026-07-24T08:00,31.5,70,973.0
2026-07-24T09:00,29.0,80,973.0
2026-07-24T10:00,29.5,81,972.0
2026-07-24T11:00,30.7,73,971.4
2026-07-24T12:00,30.4,80,971.0
2026-07-24T13:00,30.4,81,971.6
2026-07-24T14:00,29.9,83,972.5
2026-07-24T15:00,29.5,83,973.5
2026-07-24T16:00,29.0,83,974.5
2026-07-24T17:00,28.8,83,974.8
2026-07-24T18:00,28.6,85,974.6
2026-07-24T19:00,28.5,83,974.5
2026-07-24T20:00,28.2,83,974.7
2026-07-24T21:00,27.9,86,974.8
2026-07-24T22:00,27.8,88,974.6
2026-07-24T23:00,27.6,89,974.6
2026-07-25T00:00,27.2,92,974.4
2026-07-25T01:00,27.5,91,975.5
2026-07-25T02:00,28.7,81,976.0
2026-07-25T03:00,28.6,82,976.3
2026-07-25T04:00,29.5,81,976.7
2026-07-25T05:00,30.0,77,976.9
2026-07-25T06:00,31.5,67,976.5
2026-07-25T07:00,31.5,66,975.9
2026-07-25T08:00,32.4,63,975.3
2026-07-25T09:00,32.6,61,974.6
2026-07-25T10:00,32.5,62,974.3
2026-07-25T11:00,31.2,70,973.8
2026-07-25T12:00,30.0,75,974.0
2026-07-25T13:00,29.4,83,974.5
2026-07-25T14:00,28.8,86,975.2
2026-07-25T15:00,28.3,88,976.3
2026-07-25T16:00,27.9,89,976.8
2026-07-25T17:00,27.7,89,977.1
2026-07-25T18:00,27.3,94,976.5
2026-07-25T19:00,27.4,96,976.4
2026-07-25T20:00,27.6,95,975.9
2026-07-25T21:00,27.5,95,975.6
2026-07-25T22:00,27.4,95,975.6
2026-07-25T23:00,27.3,95,975.8
2026-07-26T00:00,28.1,95,975.6
2026-07-26T01:00,28.0,93,975.8
2026-07-26T02:00,28.7,87,976.1
2026-07-26T03:00,29.1,87,976.3
2026-07-26T04:00,30.5,80,976.2
2026-07-26T05:00,31.5,74,976.5
2026-07-26T06:00,32.5,71,976.6
2026-07-26T07:00,33.0,69,976.4
2026-07-26T08:00,33.6,68,975.8
2026-07-26T09:00,33.4,68,974.8
2026-07-26T10:00,33.5,68,974.2
2026-07-26T11:00,33.2,70,973.5
2026-07-26T12:00,33.3,64,973.2
2026-07-26T13:00,32.7,69,973.2
2026-07-26T14:00,31.8,78,973.5
2026-07-26T15:00,31.5,81,974.0
2026-07-26T16:00,31.4,82,974.6
2026-07-26T17:00,31.0,83,974.9
2026-07-26T18:00,30.8,86,974.3
2026-07-26T19:00,30.3,86,974.2
2026-07-26T20:00,29.9,89,973.5
2026-07-26T21:00,29.7,90,973.1
2026-07-26T22:00,29.6,89,973.1
2026-07-26T23:00,29.4,89,973.1
2026-07-27T00:00,29.3,90,973.1
2026-07-27T01:00,29.3,90,973.2
2026-07-27T02:00,30.2,85,973.6
2026-07-27T03:00,31.6,75,973.7
2026-07-27T04:00,32.6,69,973.7
2026-07-27T05:00,33.4,65,974.0
2026-07-27T06:00,34.5,52,973.5
2026-07-27T07:00,35.3,50,973.5
2026-07-27T08:00,35.7,50,972.8
2026-07-27T09:00,35.4,52,971.9
2026-07-27T10:00,33.6,56,971.2
2026-07-27T11:00,34.0,56,971.2
2026-07-27T12:00,33.4,58,971.1
2026-07-27T13:00,32.6,65,971.1
2026-07-27T14:00,31.8,71,971.3
2026-07-27T15:00,30.8,79,972.1
2026-07-27T16:00,29.7,84,972.7
2026-07-27T17:00,29.3,84,973.3
2026-07-27T18:00,30.3,85,972.8
2026-07-27T19:00,28.6,89,973.2
2026-07-27T20:00,26.9,95,973.2
2026-07-27T21:00,26.7,95,972.8
2026-07-27T22:00,26.0,96,972.4
2026-07-27T23:00,25.9,97,972.3
2026-07-28T00:00,28.8,92,971.8
2026-07-28T01:00,28.6,93,972.4
2026-07-28T02:00,28.9,90,972.6
2026-07-28T03:00,27.9,88,973.3
2026-07-28T04:00,27.6,91,974.0
2026-07-28T05:00,27.2,93,974.8
2026-07-28T06:00,27.3,93,974.6
2026-07-28T07:00,27.1,94,973.9
2026-07-28T08:00,26.9,93,973.8
2026-07-28T09:00,27.4,90,972.9
2026-07-28T10:00,27.9,85,972.1
2026-07-28T11:00,27.7,86,971.6
2026-07-28T12:00,30.5,74,971.8
2026-07-28T13:00,29.9,77,971.9
2026-07-28T14:00,29.0,83,972.4
2026-07-28T15:00,28.5,85,973.2
2026-07-28T16:00,28.3,87,974.0
2026-07-28T17:00,28.0,89,974.6
2026-07-28T18:00,27.6,90,974.4
2026-07-28T19:00,27.4,92,974.3
2026-07-28T20:00,26.9,96,974.3
2026-07-28T21:00,26.7,97,973.8
2026-07-28T22:00,26.6,97,973.8
2026-07-28T23:00,26.6,98,974.1
2026-07-29T00:00,27.0,96,973.6
2026-07-29T01:00,26.3,98,974.2
2026-07-29T02:00,26.5,99,974.7
2026-07-29T03:00,27.0,95,974.9
2026-07-29T04:00,28.3,85,975.3
2026-07-29T05:00,28.9,82,975.3
2026-07-29T06:00,30.5,76,974.9
2026-07-29T07:00,31.9,71,974.7
2026-07-29T08:00,32.3,69,974.1
2026-07-29T09:00,32.6,68,973.1
2026-07-29T10:00,32.1,70,972.6
2026-07-29T11:00,31.1,78,971.8
2026-07-29T12:00,33.0,64,971.6
2026-07-29T13:00,32.2,69,971.5
2026-07-29T14:00,31.1,78,972.3
2026-07-29T15:00,30.5,82,973.1
2026-07-29T16:00,30.0,84,974.1
2026-07-29T17:00,29.5,88,974.2
2026-07-29T18:00,29.9,85,973.9
2026-07-29T19:00,29.2,89,973.5
2026-07-29T20:00,28.9,88,973.4
2026-07-29T21:00,25.9,96,973.3
2026-07-29T22:00,26.1,97,972.9
2026-07-29T23:00,26.4,99,972.7
2026-07-30T00:00,28.9,92,972.2
2026-07-30T01:00,28.6,94,972.6
2026-07-30T02:00,28.8,85,973.5
2026-07-30T03:00,29.3,83,973.9
2026-07-30T04:00,30.9,75,974.2
2026-07-30T05:00,32.1,70,974.6
2026-07-30T06:00,32.6,67,974.5
2026-07-30T07:00,32.8,65,974.1
2026-07-30T08:00,33.0,66,973.7
2026-07-30T09:00,33.2,66,972.9
2026-07-30T10:00,33.5,63,972.0
2026-07-30T11:00,33.7,57,971.5
2026-07-30T12:00,31.3,74,971.4
2026-07-30T13:00,28.8,84,971.8
2026-07-30T14:00,28.8,86,972.5
2026-07-30T15:00,28.7,90,973.3
2026-07-30T16:00,28.4,91,974.0
2026-07-30T17:00,28.4,90,974.3
2026-07-30T18:00,29.1,89,974.1
2026-07-30T19:00,28.8,90,973.7
2026-07-30T20:00,28.7,88,973.6
2026-07-30T21:00,28.5,87,973.6
2026-07-30T22:00,28.3,87,973.4
2026-07-30T23:00,28.0,86,973.7
2026-07-31T00:00,28.3,83,973.4
2026-07-31T01:00,28.1,84,973.9
2026-07-31T02:00,28.7,81,974.5
2026-07-31T03:00,29.0,79,974.8
2026-07-31T04:00,29.7,75,975.0
2026-07-31T05:00,30.2,72,975.2
2026-07-31T06:00,30.9,70,975.3
2026-07-31T07:00,31.3,66,974.8
2026-07-31T08:00,31.6,67,974.0
2026-07-31T09:00,32.4,67,973.1
2026-07-31T10:00,32.6,66,972.0
2026-07-31T11:00,31.8,69,971.6
2026-07-31T12:00,31.8,69,971.6
2026-07-31T13:00,31.2,73,972.1
2026-07-31T14:00,30.3,79,972.7
2026-07-31T15:00,29.9,82,973.5
2026-07-31T16:00,29.7,82,974.2
2026-07-31T17:00,29.2,84,974.7
2026-07-31T18:00,28.4,86,974.1
2026-07-31T19:00,28.7,86,974.1
2026-07-31T20:00,27.8,90,974.1
2026-07-31T21:00,27.7,87,973.6
2026-07-31T22:00,27.6,88,973.6
2026-07-31T23:00,27.6,89,973.7
2026-08-01T00:00,27.0,93,973.6
2026-08-01T01:00,26.8,92,974.1
2026-08-01T02:00,27.1,88,974.5
2026-08-01T03:00,27.9,83,974.5
2026-08-01T04:00,29.7,76,974.4
2026-08-01T05:00,31.0,70,974.4
2026-08-01T06:00,32.0,66,974.2
2026-08-01T07:00,32.6,66,973.6
2026-08-01T08:00,32.4,67,973.1
2026-08-01T09:00,31.1,73,972.5
2026-08-01T10:00,31.3,74,971.6
2026-08-01T11:00,31.8,71,971.2
2026-08-01T12:00,30.4,80,971.7
2026-08-01T13:00,30.7,78,972.1
2026-08-01T14:00,30.2,82,972.4
2026-08-01T15:00,29.9,84,973.2
2026-08-01T16:00,29.6,85,974.0
2026-08-01T17:00,29.4,85,974.3
2026-08-01T18:00,26.7,90,974.4
2026-08-01T19:00,26.9,91,973.9
2026-08-01T20:00,27.0,92,974.3
2026-08-01T21:00,27.0,93,974.1
2026-08-01T22:00,26.9,94,973.5
2026-08-01T23:00,26.9,94,974.1
2026-08-02T00:00,27.1,96,974.2
2026-08-02T01:00,26.5,96,974.9
2026-08-02T02:00,27.1,94,975.0
2026-08-02T03:00,28.8,85,975.2
2026-08-02T04:00,30.6,76,975.2
2026-08-02T05:00,32.0,68,975.1
2026-08-02T06:00,33.7,59,975.1
2026-08-02T07:00,33.4,61,974.7
2026-08-02T08:00,32.4,65,974.6
2026-08-02T09:00,32.5,68,973.6
2026-08-02T10:00,33.0,65,972.9
2026-08-02T11:00,33.0,64,972.5
2026-08-02T12:00,29.2,84,973.3
2026-08-02T13:00,27.9,90,973.9
2026-08-02T14:00,27.5,94,973.5
2026-08-02T15:00,27.7,95,974.4
2026-08-02T16:00,27.9,96,975.5
2026-08-02T17:00,27.9,97,975.7
2026-08-02T18:00,28.8,96,975.1
2026-08-02T19:00,28.5,97,974.8
2026-08-02T20:00,28.3,96,974.8
2026-08-02T21:00,27.7,94,974.5
2026-08-02T22:00,27.4,94,974.1
2026-08-02T23:00,27.3,95,974.2
2026-08-03T00:00,27.7,95,974.1
2026-08-03T01:00,27.1,97,974.6
2026-08-03T02:00,27.7,93,974.9
2026-08-03T03:00,28.7,87,975.7
2026-08-03T04:00,29.6,81,976.0
2026-08-03T05:00,30.8,77,976.2
2026-08-03T06:00,31.7,71,975.9
2026-08-03T07:00,33.3,65,975.6
2026-08-03T08:00,34.1,62,975.4
2026-08-03T09:00,31.9,68,974.4
2026-08-03T10:00,31.6,74,974.6
2026-08-03T11:00,31.3,74,973.8
2026-08-03T12:00,33.3,67,973.2
2026-08-03T13:00,30.6,75,973.0
2026-08-03T14:00,27.4,93,974.8
2026-08-03T15:00,27.4,95,975.4
2026-08-03T16:00,27.4,94,976.3
2026-08-03T17:00,27.2,94,976.5
2026-08-03T18:00,26.7,97,976.2
2026-08-03T19:00,27.1,96,975.9
2026-08-03T20:00,27.0,97,975.5
2026-08-03T21:00,26.7,98,975.4
2026-08-03T22:00,26.7,97,975.6
2026-08-03T23:00,26.7,97,975.6
2026-08-04T00:00,27.0,96,975.0
2026-08-04T01:00,26.6,97,975.8
2026-08-04T02:00,27.1,93,976.1
2026-08-04T03:00,28.0,88,976.5
2026-08-04T04:00,29.7,79,976.9
2026-08-04T05:00,30.6,77,977.4
2026-08-04T06:00,28.9,85,977.3
2026-08-04T07:00,28.2,91,976.8
2026-08-04T08:00,28.8,85,976.4
2026-08-04T09:00,29.1,84,975.8
2026-08-04T10:00,29.5,82,975.2
2026-08-04T11:00,29.1,83,974.3
2026-08-04T12:00,27.5,92,974.6
2026-08-04T13:00,27.3,94,974.6
2026-08-04T14:00,27.2,95,974.9
2026-08-04T15:00,27.3,96,975.6
2026-08-04T16:00,27.3,96,976.4
2026-08-04T17:00,27.1,96,976.5
2026-08-04T18:00,27.7,96,975.6
2026-08-04T19:00,27.5,97,975.0
2026-08-04T20:00,27.4,99,974.7
2026-08-04T21:00,27.4,93,974.3
2026-08-04T22:00,27.0,92,974.3
2026-08-04T23:00,26.4,96,974.3
2026-08-05T00:00,26.1,95,974.1
2026-08-05T01:00,25.7,95,974.5
2026-08-05T02:00,26.8,94,974.6
2026-08-05T03:00,28.5,85,974.6
2026-08-05T04:00,30.0,77,974.8
2026-08-05T05:00,31.3,69,974.6
2026-08-05T06:00,31.6,71,974.7
2026-08-05T07:00,31.1,72,973.5
2026-08-05T08:00,31.9,69,973.2
2026-08-05T09:00,31.8,68,972.2
2026-08-05T10:00,33.0,62,971.8
2026-08-05T11:00,32.7,63,971.5
2026-08-05T12:00,28.3,94,971.6
2026-08-05T13:00,28.4,88,972.1
2026-08-05T14:00,28.1,90,972.9
2026-08-05T15:00,27.6,92,973.7
2026-08-05T16:00,27.8,93,974.3
2026-08-05T17:00,27.8,95,974.3
2026-08-05T18:00,27.3,100,973.8
2026-08-05T19:00,27.3,96,973.4
2026-08-05T20:00,26.4,95,973.4
2026-08-05T21:00,26.5,96,972.7
2026-08-05T22:00,26.8,95,972.7
2026-08-05T23:00,26.9,97,973.1
2026-08-06T00:00,27.4,95,972.7
2026-08-06T01:00,27.5,94,973.7
2026-08-06T02:00,27.7,92,974.5
2026-08-06T03:00,27.3,90,975.1
2026-08-06T04:00,27.0,88,975.7
2026-08-06T05:00,26.7,87,975.7
2026-08-06T06:00,26.8,85,975.7
2026-08-06T07:00,28.0,80,975.3
2026-08-06T08:00,27.5,84,974.7
2026-08-06T09:00,27.3,85,973.9
2026-08-06T10:00,27.2,87,973.7
2026-08-06T11:00,27.8,84,973.3
2026-08-06T12:00,27.7,90,973.0
2026-08-06T13:00,27.5,91,973.2
2026-08-06T14:00,27.3,92,973.7
2026-08-06T15:00,27.1,93,974.2
2026-08-06T16:00,27.0,94,974.7
2026-08-06T17:00,26.9,94,974.8
2026-08-06T18:00,26.7,93,975.0
2026-08-06T19:00,26.0,97,974.4
2026-08-06T20:00,26.0,97,974.1
2026-08-06T21:00,26.0,98,973.8
2026-08-06T22:00,25.9,99,973.6
2026-08-06T23:00,25.9,95,973.6
2026-08-07T00:00,26.3,97,973.3
2026-08-07T01:00,26.2,98,973.5
2026-08-07T02:00,25.9,96,974.2
2026-08-07T03:00,26.5,94,974.4
2026-08-07T04:00,26.6,92,974.7
2026-08-07T05:00,27.0,92,974.8
2026-08-07T06:00,27.3,90,974.5
2026-08-07T07:00,26.4,96,974.1
2026-08-07T08:00,27.2,95,973.4
2026-08-07T09:00,28.4,89,972.9
2026-08-07T10:00,29.5,82,972.4
2026-08-07T11:00,28.6,79,972.3
2026-08-07T12:00,27.2,92,972.6
2026-08-07T13:00,27.0,93,972.6
2026-08-07T14:00,26.7,95,973.4
2026-08-07T15:00,26.4,95,974.2
2026-08-07T16:00,25.7,97,974.8
2026-08-07T17:00,25.7,96,975.1
2026-08-07T18:00,25.9,97,974.9
2026-08-07T19:00,26.0,98,974.4
2026-08-07T20:00,25.8,96,974.0
2026-08-07T21:00,25.3,96,973.9
2026-08-07T22:00,24.9,99,973.8
2026-08-07T23:00,24.8,99,973.9
2026-08-08T00:00,25.5,96,973.7
2026-08-08T01:00,25.6,96,974.5
2026-08-08T02:00,26.0,95,974.6
2026-08-08T03:00,27.3,93,975.3
2026-08-08T04:00,29.6,85,975.6
2026-08-08T05:00,31.1,77,975.7
2026-08-08T06:00,29.6,80,976.2
2026-08-08T07:00,31.2,74,975.9
2026-08-08T08:00,30.8,73,975.3
2026-08-08T09:00,30.7,76,974.3
2026-08-08T10:00,32.3,66,973.9
2026-08-08T11:00,32.2,66,973.3
2026-08-08T12:00,31.1,73,974.1
2026-08-08T13:00,30.3,78,974.3
2026-08-08T14:00,29.4,82,974.5
2026-08-08T15:00,29.1,85,975.6
2026-08-08T16:00,28.9,87,976.3
2026-08-08T17:00,28.6,87,976.9
2026-08-08T18:00,29.1,89,976.6
2026-08-08T19:00,28.5,90,976.5
2026-08-08T20:00,28.2,90,976.2
2026-08-08T21:00,27.2,92,976.3
2026-08-08T22:00,26.9,94,976.2
2026-08-08T23:00,26.6,95,976.3
2026-08-09T00:00,25.3,97,976.2
2026-08-09T01:00,26.0,96,976.6
2026-08-09T02:00,27.3,93,977.1
2026-08-09T03:00,29.2,85,977.3
2026-08-09T04:00,30.8,79,977.4
2026-08-09T05:00,31.7,74,977.8
2026-08-09T06:00,32.6,68,977.2
2026-08-09T07:00,32.9,66,976.6
2026-08-09T08:00,33.6,62,976.0
2026-08-09T09:00,33.9,61,975.2
2026-08-09T10:00,34.1,61,974.5
2026-08-09T11:00,33.8,61,973.9
2026-08-09T12:00,34.0,60,973.6
2026-08-09T13:00,32.0,71,974.3
2026-08-09T14:00,30.9,80,974.8
2026-08-09T15:00,30.4,82,975.1
2026-08-09T16:00,30.0,83,976.1
2026-08-09T17:00,29.6,85,976.5
2026-08-09T18:00,30.3,80,975.9
2026-08-09T19:00,29.3,85,975.7
2026-08-09T20:00,27.4,92,975.5
2026-08-09T21:00,27.1,92,975.1
2026-08-09T22:00,27.4,93,974.7
2026-08-09T23:00,27.7,93,975.1
2026-08-10T00:00,27.8,90,975.0
2026-08-10T01:00,27.4,91,975.8
2026-08-10T02:00,27.5,89,975.9
2026-08-10T03:00,28.5,85,976.2
2026-08-10T04:00,29.7,80,976.4
2026-08-10T05:00,31.1,74,976.6
2026-08-10T06:00,33.0,64,976.0
2026-08-10T07:00,33.0,66,975.8
2026-08-10T08:00,29.5,81,975.8
2026-08-10T09:00,28.4,89,974.7
2026-08-10T10:00,29.2,86,974.4
2026-08-10T11:00,29.6,83,973.7
2026-08-10T12:00,29.9,82,974.1
2026-08-10T13:00,29.4,85,974.3
2026-08-10T14:00,28.9,88,974.8
2026-08-10T15:00,28.6,90,975.5
2026-08-10T16:00,28.6,91,976.2
2026-08-10T17:00,28.5,92,976.1
2026-08-10T18:00,27.9,95,975.2
2026-08-10T19:00,27.7,95,975.0
2026-08-10T20:00,27.5,94,974.9
2026-08-10T21:00,27.3,95,975.0
2026-08-10T22:00,27.1,96,974.6
2026-08-10T23:00,27.3,90,975.0
2026-08-11T00:00,26.8,94,975.4
2026-08-11T01:00,27.0,93,975.5
2026-08-11T02:00,27.6,90,976.2
2026-08-11T03:00,28.5,87,976.6
2026-08-11T04:00,29.0,85,976.9
2026-08-11T05:00,30.1,81,977.0
2026-08-11T06:00,30.0,81,976.8
2026-08-11T07:00,28.2,88,976.7
2026-08-11T08:00,28.3,92,976.1
2026-08-11T09:00,29.2,89,975.3
2026-08-11T10:00,30.3,83,974.1
2026-08-11T11:00,30.5,79,973.8
2026-08-11T12:00,30.4,79,974.2
2026-08-11T13:00,30.2,80,974.1
2026-08-11T14:00,29.3,87,974.6
2026-08-11T15:00,28.9,89,975.5
2026-08-11T16:00,28.7,89,976.3
2026-08-11T17:00,28.3,90,976.5
2026-08-11T18:00,28.7,87,976.1
2026-08-11T19:00,28.4,88,976.0
2026-08-11T20:00,28.3,89,976.0
2026-08-11T21:00,27.8,91,975.9
2026-08-11T22:00,27.4,93,976.0
2026-08-11T23:00,27.1,95,976.1
2026-08-12T00:00,27.5,97,975.9
2026-08-12T01:00,27.4,97,976.2
2026-08-12T02:00,28.5,92,976.5
2026-08-12T03:00,30.0,82,977.0
2026-08-12T04:00,31.2,74,977.1
2026-08-12T05:00,32.1,69,977.1
2026-08-12T06:00,33.0,64,976.8
2026-08-12T07:00,33.6,63,976.3
2026-08-12T08:00,34.1,60,975.4
2026-08-12T09:00,34.5,59,974.8
2026-08-12T10:00,34.7,59,974.6
2026-08-12T11:00,34.4,60,973.9
2026-08-12T12:00,34.3,61,974.1
2026-08-12T13:00,31.9,73,975.0
2026-08-12T14:00,30.0,83,976.0
2026-08-12T15:00,28.7,87,976.5
2026-08-12T16:00,28.6,91,977.5
2026-08-12T17:00,28.5,92,977.7
2026-08-12T18:00,30.0,84,977.7
2026-08-12T19:00,29.3,87,977.7
2026-08-12T20:00,29.0,88,977.0
2026-08-12T21:00,28.8,88,976.4
2026-08-12T22:00,28.5,89,976.5
2026-08-12T23:00,28.1,92,976.2
2026-08-13T00:00,27.3,95,976.2
2026-08-13T01:00,26.9,94,976.5
2026-08-13T02:00,28.1,90,976.7
2026-08-13T03:00,30.1,80,976.7
2026-08-13T04:00,31.6,75,976.8
2026-08-13T05:00,32.6,71,977.1
2026-08-13T06:00,33.3,67,977.2
2026-08-13T07:00,34.2,64,976.6
2026-08-13T08:00,33.5,63,975.7
2026-08-13T09:00,32.8,68,975.4
2026-08-13T10:00,33.7,66,974.6
2026-08-13T11:00,33.5,67,974.0
2026-08-13T12:00,30.2,87,974.5
2026-08-13T13:00,30.3,85,974.5
2026-08-13T14:00,29.9,89,975.0
2026-08-13T15:00,30.0,89,975.7
2026-08-13T16:00,30.1,88,976.4
2026-08-13T17:00,29.9,88,976.3
2026-08-13T18:00,30.5,88,975.8
2026-08-13T19:00,30.0,88,975.5
2026-08-13T20:00,29.6,89,975.2
2026-08-13T21:00,29.4,89,975.1
2026-08-13T22:00,29.2,89,974.9
2026-08-13T23:00,28.9,90,975.0
2026-08-14T00:00,27.5,96,975.0
2026-08-14T01:00,26.8,98,976.0
2026-08-14T02:00,27.2,96,976.5
2026-08-14T03:00,28.2,91,977.2
2026-08-14T04:00,28.8,85,977.3
2026-08-14T05:00,29.8,81,977.3
2026-08-14T06:00,30.4,79,977.9
2026-08-14T07:00,30.6,80,978.1
2026-08-14T08:00,31.2,78,977.5
2026-08-14T09:00,30.3,80,977.2
2026-08-14T10:00,29.1,85,976.6
2026-08-14T11:00,29.4,84,975.7
2026-08-14T12:00,29.9,80,975.4
2026-08-14T13:00,29.3,83,975.8
2026-08-14T14:00,28.7,87,976.3
2026-08-14T15:00,28.3,89,976.7
2026-08-14T16:00,28.2,89,977.3
2026-08-14T17:00,28.1,90,977.2
2026-08-14T18:00,28.3,88,976.9
2026-08-14T19:00,28.0,90,976.8
2026-08-14T20:00,27.7,92,976.6
2026-08-14T21:00,27.5,93,976.8
2026-08-14T22:00,27.3,93,976.4
2026-08-14T23:00,27.2,94,976.7
2026-08-15T00:00,26.7,95,977.1
2026-08-15T01:00,26.5,99,977.5
2026-08-15T02:00,26.5,98,977.7
2026-08-15T03:00,27.5,93,978.1
2026-08-15T04:00,28.0,89,978.3
2026-08-15T05:00,29.6,82,978.3
2026-08-15T06:00,32.3,71,978.1
2026-08-15T07:00,31.8,70,977.2
2026-08-15T08:00,30.6,80,976.9
2026-08-15T09:00,32.3,71,975.8
2026-08-15T10:00,32.7,64,975.0
2026-08-15T11:00,32.5,67,974.3
2026-08-15T12:00,31.9,73,974.0
2026-08-15T13:00,31.3,78,974.4
2026-08-15T14:00,30.7,82,974.9
2026-08-15T15:00,30.3,85,975.6
2026-08-15T16:00,30.0,87,976.0
2026-08-15T17:00,29.7,88,976.2
2026-08-15T18:00,29.6,83,975.8
2026-08-15T19:00,29.1,86,975.7
2026-08-15T20:00,28.8,88,975.1
2026-08-15T21:00,28.6,88,974.9
2026-08-15T22:00,26.1,93,974.4
2026-08-15T23:00,26.4,92,974.6
2026-08-16T00:00,28.0,86,974.1
2026-08-16T01:00,27.7,85,974.9
2026-08-16T02:00,28.7,80,975.3
2026-08-16T03:00,29.5,78,975.8
2026-08-16T04:00,30.2,76,975.9
2026-08-16T05:00,31.9,70,976.0
2026-08-16T06:00,32.6,67,975.7
2026-08-16T07:00,33.3,65,975.3
2026-08-16T08:00,33.5,65,975.1
2026-08-16T09:00,33.6,65,974.1
2026-08-16T10:00,33.5,64,973.4
2026-08-16T11:00,33.2,65,973.3
2026-08-16T12:00,31.6,74,974.0
2026-08-16T13:00,31.2,78,974.2
2026-08-16T14:00,30.6,81,974.7
2026-08-16T15:00,29.9,84,975.4
2026-08-16T16:00,29.5,87,976.0
2026-08-16T17:00,29.1,88,976.1
2026-08-16T18:00,29.5,84,975.5
2026-08-16T19:00,29.0,84,975.4
2026-08-16T20:00,28.5,87,975.3
2026-08-16T21:00,28.2,87,974.7
2026-08-16T22:00,28.2,85,974.7
2026-08-16T23:00,28.0,84,974.7
2026-08-17T00:00,28.4,82,975.1
2026-08-17T01:00,28.0,84,975.6
2026-08-17T02:00,28.8,79,976.2
2026-08-17T03:00,29.4,76,976.7
2026-08-17T04:00,30.3,74,976.9
2026-08-17T05:00,31.4,71,977.3
2026-08-17T06:00,32.7,65,977.1
2026-08-17T07:00,33.2,64,976.5
2026-08-17T08:00,32.0,67,975.9
2026-08-17T09:00,31.3,71,975.4
2026-08-17T10:00,31.9,70,975.0
2026-08-17T11:00,31.8,73,974.2
2026-08-17T12:00,29.7,78,975.2
2026-08-17T13:00,27.1,95,974.8
2026-08-17T14:00,27.5,95,975.5
2026-08-17T15:00,27.8,90,976.2
2026-08-17T16:00,28.1,89,976.7
2026-08-17T17:00,28.1,89,977.1
2026-08-17T18:00,28.7,87,977.0
2026-08-17T19:00,28.4,88,976.9
2026-08-17T20:00,28.1,90,976.5
2026-08-17T21:00,27.9,90,976.3
2026-08-17T22:00,27.6,92,976.2
2026-08-17T23:00,27.6,88,976.2
2026-08-18T00:00,27.7,86,976.1
2026-08-18T01:00,27.4,89,976.7
2026-08-18T02:00,28.3,84,977.3
2026-08-18T03:00,29.4,75,977.5
2026-08-18T04:00,30.6,71,978.1
2026-08-18T05:00,31.6,68,978.2
2026-08-18T06:00,32.5,63,978.5
2026-08-18T07:00,33.1,60,978.0
2026-08-18T08:00,33.5,59,977.5
2026-08-18T09:00,33.3,60,976.7
2026-08-18T10:00,33.1,62,975.9
2026-08-18T11:00,31.4,69,975.4
2026-08-18T12:00,33.0,60,975.6
2026-08-18T13:00,30.6,74,976.5
2026-08-18T14:00,29.2,84,977.1
2026-08-18T15:00,28.5,89,977.8
2026-08-18T16:00,26.7,88,978.5
2026-08-18T17:00,26.5,87,978.3
2026-08-18T18:00,27.6,87,978.0
2026-08-18T19:00,27.5,88,977.6
2026-08-18T20:00,27.4,89,977.1
2026-08-18T21:00,27.1,92,977.0
2026-08-18T22:00,27.0,93,976.7
2026-08-18T23:00,26.8,95,977.2
2026-08-19T00:00,28.2,93,976.6
2026-08-19T01:00,28.2,90,977.4
2026-08-19T02:00,28.7,87,978.2
2026-08-19T03:00,29.7,81,978.7
2026-08-19T04:00,30.7,74,979.1
2026-08-19T05:00,31.6,69,978.9
2026-08-19T06:00,31.7,64,979.1
2026-08-19T07:00,31.9,65,978.3
2026-08-19T08:00,32.6,63,977.9
2026-08-19T09:00,32.9,63,977.2
2026-08-19T10:00,33.0,61,976.5
2026-08-19T11:00,33.1,59,976.0
2026-08-19T12:00,28.4,87,977.4
2026-08-19T13:00,28.0,92,977.0
2026-08-19T14:00,28.4,91,977.4
2026-08-19T15:00,28.3,92,978.2
2026-08-19T16:00,28.0,93,978.8
2026-08-19T17:00,27.8,94,978.6
2026-08-19T18:00,29.2,92,978.4
2026-08-19T19:00,28.7,94,978.2
2026-08-19T20:00,28.2,92,978.3
2026-08-19T21:00,27.3,95,977.8
2026-08-19T22:00,27.1,96,977.8
2026-08-19T23:00,27.0,95,977.8
2026-08-20T00:00,27.0,96,977.8
2026-08-20T01:00,27.2,95,978.1
2026-08-20T02:00,27.7,95,978.9
2026-08-20T03:00,27.8,91,979.3
2026-08-20T04:00,28.9,81,979.9
2026-08-20T05:00,30.0,75,980.0
2026-08-20T06:00,30.8,69,979.5
2026-08-20T07:00,32.1,66,978.8
2026-08-20T08:00,32.9,62,978.1
2026-08-20T09:00,33.3,60,977.0
2026-08-20T10:00,33.5,60,976.4
2026-08-20T11:00,33.3,60,975.8
2026-08-20T12:00,29.2,91,976.3
2026-08-20T13:00,28.8,94,976.8
2026-08-20T14:00,28.3,95,977.0
2026-08-20T15:00,28.1,97,977.4
2026-08-20T16:00,28.1,97,977.8
2026-08-20T17:00,28.1,92,977.9
2026-08-20T18:00,29.8,91,977.4
2026-08-20T19:00,29.0,90,977.5
2026-08-20T20:00,28.7,88,977.0
2026-08-20T21:00,28.3,89,976.7
2026-08-20T22:00,28.2,91,976.5
2026-08-20T23:00,27.9,92,976.5
2026-08-21T00:00,27.2,95,976.8
2026-08-21T01:00,27.0,92,976.8
2026-08-21T02:00,27.7,87,977.7
2026-08-21T03:00,29.2,79,978.4
2026-08-21T04:00,30.7,71,978.2
2026-08-21T05:00,32.0,67,978.4
2026-08-21T06:00,33.2,62,978.2
2026-08-21T07:00,33.8,59,977.5
2026-08-21T08:00,33.8,58,976.7
2026-08-21T09:00,33.9,57,975.8
2026-08-21T10:00,34.0,54,975.2
2026-08-21T11:00,32.8,60,974.6
2026-08-21T12:00,32.2,67,974.6
2026-08-21T13:00,32.0,72,974.8
2026-08-21T14:00,31.3,77,975.4
2026-08-21T15:00,30.6,80,975.9
2026-08-21T16:00,30.2,83,976.4
2026-08-21T17:00,29.8,85,976.5
2026-08-21T18:00,29.0,82,976.4
2026-08-21T19:00,28.4,85,976.0
2026-08-21T20:00,27.9,87,975.9
2026-08-21T21:00,26.0,97,976.8
2026-08-21T22:00,25.3,99,975.6
2026-08-21T23:00,25.6,99,975.8
2026-08-22T00:00,26.9,93,976.5
2026-08-22T01:00,27.0,93,976.9
2026-08-22T02:00,27.9,90,977.6
2026-08-22T03:00,29.3,82,977.8
2026-08-22T04:00,30.8,71,977.9
2026-08-22T05:00,32.1,65,978.1
2026-08-22T06:00,31.8,65,978.3
2026-08-22T07:00,32.4,62,977.4
2026-08-22T08:00,33.0,60,976.6
2026-08-22T09:00,33.4,60,975.7
2026-08-22T10:00,33.2,61,975.0
2026-08-22T11:00,29.5,76,974.9
2026-08-22T12:00,31.7,68,975.2
2026-08-22T13:00,30.9,73,975.5
2026-08-22T14:00,29.4,83,975.9
2026-08-22T15:00,28.5,85,976.5
2026-08-22T16:00,28.2,85,976.9
2026-08-22T17:00,27.9,87,977.2
2026-08-22T18:00,29.1,86,977.3
2026-08-22T19:00,28.3,86,977.0
2026-08-22T20:00,28.1,86,976.9
2026-08-22T21:00,27.7,89,976.4
2026-08-22T22:00,27.4,90,976.4
2026-08-22T23:00,26.8,91,976.8
2026-08-23T00:00,26.5,93,977.2
2026-08-23T01:00,25.4,98,977.9
2026-08-23T02:00,26.4,95,978.0
2026-08-23T03:00,28.4,84,978.5
2026-08-23T04:00,29.8,73,979.2
2026-08-23T05:00,30.2,74,979.5
2026-08-23T06:00,30.8,71,979.7
2026-08-23T07:00,31.0,71,978.9
2026-08-23T08:00,32.4,65,978.0
2026-08-23T09:00,33.0,63,976.9
2026-08-23T10:00,33.1,62,976.3
2026-08-23T11:00,32.8,63,975.6
2026-08-23T12:00,32.9,64,975.3
2026-08-23T13:00,31.9,71,976.1
2026-08-23T14:00,31.2,77,976.7
2026-08-23T15:00,30.9,80,977.8
2026-08-23T16:00,30.2,83,978.5
2026-08-23T17:00,29.4,86,978.0
2026-08-23T18:00,28.7,88,978.3
2026-08-23T19:00,27.9,93,977.8
2026-08-23T20:00,27.9,93,977.2
2026-08-23T21:00,27.8,92,977.1
2026-08-23T22:00,27.5,90,977.1
2026-08-23T23:00,25.7,95,978.0
2026-08-24T00:00,26.7,90,977.7
2026-08-24T01:00,25.8,96,978.2
2026-08-24T02:00,26.2,95,978.5
2026-08-24T03:00,27.2,91,978.5
2026-08-24T04:00,28.6,85,978.7
2026-08-24T05:00,30.7,75,978.9
2026-08-24T06:00,29.9,74,979.1
2026-08-24T07:00,30.2,71,978.8
2026-08-24T08:00,30.8,69,977.9
2026-08-24T09:00,31.7,65,976.9
2026-08-24T10:00,32.1,63,976.2
2026-08-24T11:00,32.0,64,976.0
2026-08-24T12:00,31.5,70,975.8
2026-08-24T13:00,31.1,76,976.2
2026-08-24T14:00,30.7,78,976.9
2026-08-24T15:00,30.2,82,977.7
2026-08-24T16:00,29.4,85,978.4
2026-08-24T17:00,28.8,88,978.3
2026-08-24T18:00,28.8,88,977.8
2026-08-24T19:00,28.4,91,977.7
2026-08-24T20:00,28.1,92,977.4
2026-08-24T21:00,28.1,93,977.2
2026-08-24T22:00,28.0,93,977.3
2026-08-24T23:00,27.9,94,977.4
2026-08-25T00:00,26.1,97,977.8
2026-08-25T01:00,26.4,97,978.5
2026-08-25T02:00,26.8,97,978.5
2026-08-25T03:00,27.4,93,978.9
2026-08-25T04:00,28.9,86,979.2
2026-08-25T05:00,30.2,79,979.5
2026-08-25T06:00,31.5,66,979.4
2026-08-25T07:00,31.8,64,979.0
2026-08-25T08:00,32.4,63,978.3
2026-08-25T09:00,32.6,62,977.4
2026-08-25T10:00,32.7,62,976.8
2026-08-25T11:00,32.6,63,976.4
2026-08-25T12:00,28.4,92,977.0
2026-08-25T13:00,28.8,90,977.3
2026-08-25T14:00,28.7,91,977.4
2026-08-25T15:00,28.8,91,978.2
2026-08-25T16:00,28.5,93,978.4
2026-08-25T17:00,28.1,93,978.3
2026-08-25T18:00,28.3,91,978.3
2026-08-25T19:00,28.0,91,978.1
2026-08-25T20:00,27.7,92,977.7
2026-08-25T21:00,27.5,92,977.5
2026-08-25T22:00,27.3,93,977.1
2026-08-25T23:00,27.2,93,977.1
2026-08-26T00:00,27.6,95,977.3
2026-08-26T01:00,27.1,94,977.7
2026-08-26T02:00,26.1,98,978.3
2026-08-26T03:00,26.5,98,978.5
2026-08-26T04:00,28.2,87,979.2
2026-08-26T05:00,28.8,84,979.5
2026-08-26T06:00,29.8,84,978.7
2026-08-26T07:00,31.6,74,978.1
2026-08-26T08:00,32.3,71,977.5
2026-08-26T09:00,32.2,69,976.4
2026-08-26T10:00,32.4,67,975.7
2026-08-26T11:00,32.3,66,975.0
2026-08-26T12:00,29.9,84,976.0
2026-08-26T13:00,29.2,89,975.8
2026-08-26T14:00,28.6,94,975.9
2026-08-26T15:00,28.3,94,976.1
2026-08-26T16:00,28.1,94,976.5
2026-08-26T17:00,27.9,94,976.8
2026-08-26T18:00,29.1,91,976.7
2026-08-26T19:00,28.6,92,976.3
2026-08-26T20:00,28.3,92,976.0
2026-08-26T21:00,28.1,92,975.8
2026-08-26T22:00,27.9,91,975.6
2026-08-26T23:00,27.6,91,975.5
2026-08-27T00:00,28.7,89,975.4
2026-08-27T01:00,28.5,89,975.9
2026-08-27T02:00,29.3,86,976.4
2026-08-27T03:00,29.8,85,976.8
2026-08-27T04:00,30.1,84,977.3
2026-08-27T05:00,31.7,77,977.4
2026-08-27T06:00,33.2,59,977.2
2026-08-27T07:00,32.8,59,977.0
2026-08-27T08:00,30.6,72,976.1
2026-08-27T09:00,31.4,70,975.5
2026-08-27T10:00,31.6,70,974.9
2026-08-27T11:00,31.9,69,974.3
2026-08-27T12:00,30.5,76,974.2
2026-08-27T13:00,30.2,79,974.7
2026-08-27T14:00,29.9,83,974.8
2026-08-27T15:00,29.5,85,975.6
2026-08-27T16:00,29.2,85,976.2
2026-08-27T17:00,29.1,85,976.4
2026-08-27T18:00,29.5,85,976.1
2026-08-27T19:00,28.8,88,975.8
2026-08-27T20:00,28.4,89,975.8
2026-08-27T21:00,28.0,89,975.4
2026-08-27T22:00,28.0,89,975.1
2026-08-27T23:00,28.3,84,974.9
