latitude,longitude,elevation,utc_offset_seconds,timezone,timezone_abbreviation
26.25659,73.00768,240.0,0,GMT,GMT

time,temperature_2m (°C),relative_humidity_2m (%),surface_pressure (hPa)
2025-12-23T00:00,16.6,76,987.7
2025-12-23T01:00,16.1,80,988.1
2025-12-23T02:00,15.8,82,988.8
2025-12-23T03:00,16.7,79,989.5
2025-12-23T04:00,18.6,70,990.5
2025-12-23T05:00,21.3,59,991.0
2025-12-23T06:00,23.7,49,990.5
2025-12-23T07:00,25.4,41,989.8
2025-12-23T08:00,26.3,37,988.9
2025-12-23T09:00,26.7,35,988.1
2025-12-23T10:00,26.7,33,987.6
2025-12-23T11:00,26.3,33,987.5
2025-12-23T12:00,25.3,34,987.4
2025-12-23T13:00,23.6,38,987.7
2025-12-23T14:00,22.5,41,988.4
2025-12-23T15:00,21.3,43,988.7
2025-12-23T16:00,20.5,45,988.6
2025-12-23T17:00,19.7,46,988.7
2025-12-23T18:00,18.8,50,988.8
2025-12-23T19:00,17.8,52,988.6
2025-12-23T20:00,16.9,56,988.5
2025-12-23T21:00,16.1,59,988.4
2025-12-23T22:00,15.4,62,988.2
2025-12-23T23:00,14.7,65,987.8
2025-12-24T00:00,13.8,71,988.0
2025-12-24T01:00,13.0,75,988.2
2025-12-24T02:00,12.6,77,989.0
2025-12-24T03:00,13.5,73,989.7
2025-12-24T04:00,15.9,63,990.8
2025-12-24T05:00,18.7,50,991.3
2025-12-24T06:00,21.3,38,991.0
2025-12-24T07:00,22.8,29,990.0
2025-12-24T08:00,23.9,23,988.7
2025-12-24T09:00,24.4,20,988.0
2025-12-24T10:00,24.4,19,987.6
2025-12-24T11:00,23.8,20,987.5
2025-12-24T12:00,22.5,25,987.2
2025-12-24T13:00,21.4,28,987.5
2025-12-24T14:00,20.8,29,987.9
2025-12-24T15:00,20.6,29,988.2
2025-12-24T16:00,19.5,31,988.1
2025-12-24T17:00,17.6,36,987.9
2025-12-24T18:00,15.7,43,988.1
2025-12-24T19:00,14.7,45,987.8
2025-12-24T20:00,14.1,46,987.6
2025-12-24T21:00,13.3,48,987.3
2025-12-24T22:00,12.6,49,986.9
2025-12-24T23:00,12.0,50,986.7
2025-12-25T00:00,11.6,51,986.9
2025-12-25T01:00,11.2,52,987.4
2025-12-25T02:00,11.1,52,988.3
2025-12-25T03:00,12.5,47,989.3
2025-12-25T04:00,15.5,39,990.1
2025-12-25T05:00,18.8,31,990.8
2025-12-25T06:00,22.1,25,990.2
2025-12-25T07:00,24.0,20,989.4
2025-12-25T08:00,25.1,17,988.5
2025-12-25T09:00,25.5,16,987.7
2025-12-25T10:00,25.5,15,987.2
2025-12-25T11:00,25.0,15,987.1
2025-12-25T12:00,23.1,20,987.0
2025-12-25T13:00,21.8,23,987.3
2025-12-25T14:00,21.0,24,987.9
2025-12-25T15:00,20.4,24,988.2
2025-12-25T16:00,19.3,26,988.5
2025-12-25T17:00,17.7,30,988.3
2025-12-25T18:00,16.8,34,988.2
2025-12-25T19:00,16.1,35,988.0
2025-12-25T20:00,15.6,36,987.9
2025-12-25T21:00,15.0,41,987.8
2025-12-25T22:00,14.5,48,987.3
2025-12-25T23:00,14.0,56,987.1
2025-12-26T00:00,13.4,67,987.2
2025-12-26T01:00,13.2,71,987.5
2025-12-26T02:00,12.8,73,988.1
2025-12-26T03:00,13.7,68,989.0
2025-12-26T04:00,16.3,57,989.8
2025-12-26T05:00,19.4,46,990.3
2025-12-26T06:00,22.5,40,990.2
2025-12-26T07:00,24.8,31,989.4
2025-12-26T08:00,25.9,24,988.3
2025-12-26T09:00,26.5,22,987.4
2025-12-26T10:00,26.4,21,987.0
2025-12-26T11:00,25.9,21,986.9
2025-12-26T12:00,24.0,30,986.9
2025-12-26T13:00,22.8,29,987.3
2025-12-26T14:00,21.8,31,987.6
2025-12-26T15:00,21.1,33,987.8
2025-12-26T16:00,19.6,37,987.9
2025-12-26T17:00,18.0,41,988.0
2025-12-26T18:00,17.3,39,988.0
2025-12-26T19:00,16.5,43,987.7
2025-12-26T20:00,15.8,49,987.6
2025-12-26T21:00,15.1,55,987.4
2025-12-26T22:00,14.5,58,987.3
2025-12-26T23:00,14.4,58,987.4
2025-12-27T00:00,13.7,61,987.5
2025-12-27T01:00,13.3,60,988.0
2025-12-27T02:00,13.0,60,988.6
2025-12-27T03:00,13.7,58,989.6
2025-12-27T04:00,15.9,50,990.4
2025-12-27T05:00,18.7,40,990.8
2025-12-27T06:00,21.5,32,990.5
2025-12-27T07:00,23.6,24,989.8
2025-12-27T08:00,25.0,18,988.7
2025-12-27T09:00,25.6,15,987.9
2025-12-27T10:00,25.8,14,987.4
2025-12-27T11:00,25.3,14,987.2
2025-12-27T12:00,23.4,31,987.0
2025-12-27T13:00,21.8,34,987.2
2025-12-27T14:00,20.6,29,987.7
2025-12-27T15:00,19.6,30,987.9
2025-12-27T16:00,18.8,27,988.3
2025-12-27T17:00,17.7,30,988.2
2025-12-27T18:00,16.9,36,988.1
2025-12-27T19:00,16.0,41,987.9
2025-12-27T20:00,15.2,46,987.8
2025-12-27T21:00,14.5,50,987.5
2025-12-27T22:00,13.9,54,987.9
2025-12-27T23:00,13.3,58,987.6
2025-12-28T00:00,12.8,61,987.5
2025-12-28T01:00,12.2,65,988.0
2025-12-28T02:00,11.8,68,988.7
2025-12-28T03:00,12.7,65,989.5
2025-12-28T04:00,15.5,54,990.2
2025-12-28T05:00,18.8,42,990.9
2025-12-28T06:00,21.7,36,990.6
2025-12-28T07:00,24.2,28,990.0
2025-12-28T08:00,25.4,23,989.0
2025-12-28T09:00,25.9,22,988.0
2025-12-28T10:00,25.9,22,987.6
2025-12-28T11:00,25.3,23,987.6
2025-12-28T12:00,23.9,26,987.3
2025-12-28T13:00,22.0,34,987.5
2025-12-28T14:00,21.2,37,987.9
2025-12-28T15:00,20.3,36,988.1
2025-12-28T16:00,20.0,39,988.4
2025-12-28T17:00,19.2,40,988.2
2025-12-28T18:00,18.3,41,987.8
2025-12-28T19:00,17.2,42,987.7
2025-12-28T20:00,15.8,44,987.5
2025-12-28T21:00,14.8,47,987.3
2025-12-28T22:00,14.2,50,987.2
2025-12-28T23:00,13.7,52,986.9
2025-12-29T00:00,13.6,58,987.0
2025-12-29T01:00,13.4,64,987.4
2025-12-29T02:00,12.9,70,988.0
2025-12-29T03:00,13.8,68,988.7
2025-12-29T04:00,16.8,57,989.7
2025-12-29T05:00,20.1,46,990.2
2025-12-29T06:00,22.8,39,989.9
2025-12-29T07:00,25.4,28,989.0
2025-12-29T08:00,26.4,23,988.1
2025-12-29T09:00,26.9,21,987.2
2025-12-29T10:00,27.0,21,986.7
2025-12-29T11:00,26.4,22,986.7
2025-12-29T12:00,24.6,35,986.5
2025-12-29T13:00,22.6,39,986.7
2025-12-29T14:00,21.5,42,987.2
2025-12-29T15:00,21.0,42,987.5
2025-12-29T16:00,20.5,44,987.8
2025-12-29T17:00,19.6,43,987.6
2025-12-29T18:00,18.4,46,987.7
2025-12-29T19:00,17.8,46,986.8
2025-12-29T20:00,17.1,49,986.4
2025-12-29T21:00,16.2,54,986.2
2025-12-29T22:00,15.4,58,986.0
2025-12-29T23:00,14.8,62,985.5
2025-12-30T00:00,14.0,66,985.4
2025-12-30T01:00,13.7,69,985.7
2025-12-30T02:00,13.4,71,986.1
2025-12-30T03:00,14.3,69,987.1
2025-12-30T04:00,17.2,58,987.9
2025-12-30T05:00,20.6,46,988.5
2025-12-30T06:00,23.3,39,987.8
2025-12-30T07:00,25.4,33,986.6
2025-12-30T08:00,26.2,30,985.3
2025-12-30T09:00,26.3,30,984.3
2025-12-30T10:00,26.1,30,984.0
2025-12-30T11:00,25.4,30,983.8
2025-12-30T12:00,24.0,35,983.8
2025-12-30T13:00,22.7,39,984.1
2025-12-30T14:00,21.7,42,984.5
2025-12-30T15:00,20.6,47,984.9
2025-12-30T16:00,19.7,52,984.9
2025-12-30T17:00,18.9,52,984.6
2025-12-30T18:00,18.2,53,984.4
2025-12-30T19:00,17.6,54,983.9
2025-12-30T20:00,17.1,55,983.9
2025-12-30T21:00,16.2,58,983.8
2025-12-30T22:00,15.7,61,983.5
2025-12-30T23:00,15.2,64,983.0
2025-12-31T00:00,14.4,72,982.9
2025-12-31T01:00,13.7,74,983.3
2025-12-31T02:00,13.3,76,983.8
2025-12-31T03:00,14.4,70,984.3
2025-12-31T04:00,17.2,60,985.0
2025-12-31T05:00,20.1,50,985.4
2025-12-31T06:00,21.9,47,985.1
2025-12-31T07:00,23.1,45,984.0
2025-12-31T08:00,23.2,46,982.7
2025-12-31T09:00,22.9,48,981.8
2025-12-31T10:00,22.6,49,981.3
2025-12-31T11:00,21.8,55,981.2
2025-12-31T12:00,21.5,60,981.5
2025-12-31T13:00,20.1,69,981.7
2025-12-31T14:00,19.1,78,982.1
2025-12-31T15:00,19.0,72,983.4
2025-12-31T16:00,17.1,81,983.4
2025-12-31T17:00,16.8,84,983.7
2025-12-31T18:00,16.9,87,983.5
2025-12-31T19:00,16.1,91,983.6
2025-12-31T20:00,15.6,96,983.6
2025-12-31T21:00,15.1,98,983.6
2025-12-31T22:00,14.4,99,983.7
2025-12-31T23:00,14.0,100,983.6
2026-01-01T00:00,15.6,99,984.1
2026-01-01T01:00,15.6,99,984.5
2026-01-01T02:00,15.5,99,985.3
2026-01-01T03:00,15.8,96,986.4
2026-01-01T04:00,16.7,85,987.4
2026-01-01T05:00,17.9,76,988.1
2026-01-01T06:00,19.1,71,988.0
2026-01-01T07:00,20.8,57,987.3
2026-01-01T08:00,21.7,48,986.5
2026-01-01T09:00,22.3,40,985.9
2026-01-01T10:00,22.4,39,985.5
2026-01-01T11:00,22.0,41,985.4
2026-01-01T12:00,20.5,50,985.8
2026-01-01T13:00,18.7,59,986.3
2026-01-01T14:00,17.7,63,987.2
2026-01-01T15:00,16.8,67,987.9
2026-01-01T16:00,15.9,71,988.4
2026-01-01T17:00,15.0,75,988.6
2026-01-01T18:00,14.4,80,988.7
2026-01-01T19:00,13.8,83,988.4
2026-01-01T20:00,13.3,86,988.4
2026-01-01T21:00,12.8,89,988.2
2026-01-01T22:00,12.4,90,988.7
2026-01-01T23:00,12.0,91,988.4
2026-01-02T00:00,11.8,94,988.7
2026-01-02T01:00,11.5,94,989.1
2026-01-02T02:00,11.2,95,990.0
2026-01-02T03:00,11.9,92,991.0
2026-01-02T04:00,13.8,82,991.9
2026-01-02T05:00,16.2,68,992.4
2026-01-02T06:00,17.5,60,992.4
2026-01-02T07:00,18.7,51,991.4
2026-01-02T08:00,19.7,45,990.7
2026-01-02T09:00,20.2,42,989.9
2026-01-02T10:00,20.3,41,989.5
2026-01-02T11:00,19.8,43,989.5
2026-01-02T12:00,18.7,54,988.9
2026-01-02T13:00,17.1,60,989.0
2026-01-02T14:00,16.5,62,989.8
2026-01-02T15:00,15.8,65,990.0
2026-01-02T16:00,14.8,69,990.4
2026-01-02T17:00,14.1,72,990.5
2026-01-02T18:00,13.4,78,990.6
2026-01-02T19:00,12.7,82,990.3
2026-01-02T20:00,12.3,84,990.1
2026-01-02T21:00,11.9,87,989.8
2026-01-02T22:00,11.4,89,989.6
2026-01-02T23:00,11.0,90,989.2
2026-01-03T00:00,10.6,92,989.4
2026-01-03T01:00,10.3,93,989.5
2026-01-03T02:00,10.0,94,990.2
2026-01-03T03:00,10.8,91,990.9
2026-01-03T04:00,13.1,81,991.8
2026-01-03T05:00,15.8,70,992.2
2026-01-03T06:00,17.9,60,991.7
2026-01-03T07:00,19.1,53,990.9
2026-01-03T08:00,20.1,48,989.9
2026-01-03T09:00,20.7,44,988.8
2026-01-03T10:00,20.9,41,988.4
2026-01-03T11:00,20.6,40,988.6
2026-01-03T12:00,18.7,58,988.3
2026-01-03T13:00,17.3,58,988.7
2026-01-03T14:00,16.8,58,989.2
2026-01-03T15:00,16.3,59,989.8
2026-01-03T16:00,15.3,62,990.2
2026-01-03T17:00,14.2,66,990.4
2026-01-03T18:00,13.5,71,990.2
2026-01-03T19:00,13.1,72,989.9
2026-01-03T20:00,12.5,75,989.8
2026-01-03T21:00,11.9,78,989.6
2026-01-03T22:00,11.4,83,989.6
2026-01-03T23:00,10.9,88,989.4
2026-01-04T00:00,10.4,93,989.5
2026-01-04T01:00,10.3,95,989.7
2026-01-04T02:00,10.1,96,990.5
2026-01-04T03:00,10.9,94,991.3
2026-01-04T04:00,13.3,84,992.2
2026-01-04T05:00,16.2,72,992.9
2026-01-04T06:00,18.5,57,993.0
2026-01-04T07:00,20.0,46,992.2
2026-01-04T08:00,20.9,40,991.2
2026-01-04T09:00,21.5,38,990.5
2026-01-04T10:00,21.6,36,989.9
2026-01-04T11:00,21.1,36,989.8
2026-01-04T12:00,19.6,48,989.5
2026-01-04T13:00,17.9,50,989.8
2026-01-04T14:00,17.4,49,990.5
2026-01-04T15:00,16.7,51,991.0
2026-01-04T16:00,15.3,57,991.5
2026-01-04T17:00,14.2,62,991.7
2026-01-04T18:00,13.7,65,991.6
2026-01-04T19:00,13.4,67,991.1
2026-01-04T20:00,12.8,69,991.1
2026-01-04T21:00,12.1,73,990.7
2026-01-04T22:00,11.7,77,990.5
2026-01-04T23:00,11.3,82,990.5
2026-01-05T00:00,10.9,86,990.9
2026-01-05T01:00,10.8,87,991.4
2026-01-05T02:00,10.8,88,992.1
2026-01-05T03:00,11.8,83,993.1
2026-01-05T04:00,13.9,74,993.7
2026-01-05T05:00,16.6,61,993.9
2026-01-05T06:00,19.1,48,993.9
2026-01-05T07:00,20.8,37,993.1
2026-01-05T08:00,22.3,30,992.2
2026-01-05T09:00,22.8,27,991.2
2026-01-05T10:00,23.1,26,990.6
2026-01-05T11:00,22.6,28,990.2
2026-01-05T12:00,20.7,41,989.9
2026-01-05T13:00,18.8,44,989.9
2026-01-05T14:00,17.9,46,990.5
2026-01-05T15:00,16.8,49,990.9
2026-01-05T16:00,15.7,54,991.0
2026-01-05T17:00,14.6,60,990.9
2026-01-05T18:00,14.0,65,990.9
2026-01-05T19:00,13.3,70,990.6
2026-01-05T20:00,12.7,74,990.4
2026-01-05T21:00,12.1,79,990.1
2026-01-05T22:00,11.6,84,990.2
2026-01-05T23:00,11.2,87,990.1
2026-01-06T00:00,10.5,89,990.4
2026-01-06T01:00,10.3,92,991.0
2026-01-06T02:00,10.3,93,991.8
2026-01-06T03:00,11.2,90,992.4
2026-01-06T04:00,13.2,81,993.3
2026-01-06T05:00,15.6,71,993.8
2026-01-06T06:00,17.7,61,993.5
2026-01-06T07:00,19.6,50,992.7
2026-01-06T08:00,20.8,41,991.7
2026-01-06T09:00,21.4,36,991.0
2026-01-06T10:00,21.5,34,990.6
2026-01-06T11:00,21.0,35,990.7
2026-01-06T12:00,19.5,45,990.7
2026-01-06T13:00,17.7,49,991.1
2026-01-06T14:00,16.7,52,991.8
2026-01-06T15:00,15.8,57,992.2
2026-01-06T16:00,15.0,60,992.5
2026-01-06T17:00,14.4,63,992.9
2026-01-06T18:00,13.8,68,992.8
2026-01-06T19:00,13.1,71,992.7
2026-01-06T20:00,12.6,74,992.9
2026-01-06T21:00,12.0,77,992.5
2026-01-06T22:00,11.3,80,992.3
2026-01-06T23:00,10.8,83,992.2
2026-01-07T00:00,10.3,86,992.3
2026-01-07T01:00,10.0,88,992.5
2026-01-07T02:00,9.6,90,993.2
2026-01-07T03:00,10.3,88,993.8
2026-01-07T04:00,12.4,79,994.6
2026-01-07T05:00,15.1,70,995.2
2026-01-07T06:00,17.1,60,994.7
2026-01-07T07:00,18.5,49,993.8
2026-01-07T08:00,19.7,39,992.7
2026-01-07T09:00,20.2,35,991.9
2026-01-07T10:00,20.3,33,991.4
2026-01-07T11:00,19.7,35,991.1
2026-01-07T12:00,18.1,43,991.0
2026-01-07T13:00,16.2,48,991.3
2026-01-07T14:00,15.3,49,991.8
2026-01-07T15:00,14.6,50,992.5
2026-01-07T16:00,13.7,51,992.9
2026-01-07T17:00,12.9,54,992.9
2026-01-07T18:00,12.5,60,993.1
2026-01-07T19:00,11.9,64,992.8
2026-01-07T20:00,11.3,68,992.4
2026-01-07T21:00,10.8,71,992.4
2026-01-07T22:00,10.4,74,992.3
2026-01-07T23:00,10.0,77,992.1
2026-01-08T00:00,9.7,84,992.2
2026-01-08T01:00,9.6,87,992.3
2026-01-08T02:00,9.5,92,993.0
2026-01-08T03:00,10.3,91,993.2
2026-01-08T04:00,12.1,84,993.9
2026-01-08T05:00,14.2,75,994.0
2026-01-08T06:00,16.3,67,993.6
2026-01-08T07:00,18.2,60,992.5
2026-01-08T08:00,19.7,55,991.4
2026-01-08T09:00,20.7,52,990.4
2026-01-08T10:00,21.1,50,989.9
2026-01-08T11:00,20.9,51,989.7
2026-01-08T12:00,19.3,59,989.3
2026-01-08T13:00,17.6,64,989.5
2026-01-08T14:00,16.8,66,990.1
2026-01-08T15:00,15.5,67,990.5
2026-01-08T16:00,14.7,62,990.8
2026-01-08T17:00,13.9,62,990.7
2026-01-08T18:00,13.2,65,990.9
2026-01-08T19:00,12.8,64,990.4
2026-01-08T20:00,12.2,67,990.4
2026-01-08T21:00,11.6,71,990.3
2026-01-08T22:00,11.1,74,990.3
2026-01-08T23:00,10.6,77,989.9
2026-01-09T00:00,10.4,78,989.8
2026-01-09T01:00,10.0,82,990.2
2026-01-09T02:00,9.7,84,990.9
2026-01-09T03:00,10.3,84,991.8
2026-01-09T04:00,12.3,77,992.6
2026-01-09T05:00,14.8,70,993.3
2026-01-09T06:00,17.0,64,993.2
2026-01-09T07:00,18.6,59,992.4
2026-01-09T08:00,19.9,51,991.4
2026-01-09T09:00,20.5,44,990.6
2026-01-09T10:00,20.6,41,990.1
2026-01-09T11:00,20.2,43,989.9
2026-01-09T12:00,19.0,51,989.9
2026-01-09T13:00,17.4,57,990.2
2026-01-09T14:00,16.5,59,990.6
2026-01-09T15:00,15.7,61,990.9
2026-01-09T16:00,14.6,62,991.3
2026-01-09T17:00,13.7,62,991.4
2026-01-09T18:00,12.9,63,991.4
2026-01-09T19:00,12.4,63,990.9
2026-01-09T20:00,11.9,63,990.9
2026-01-09T21:00,11.4,65,990.8
2026-01-09T22:00,10.8,67,990.7
2026-01-09T23:00,10.3,70,990.4
2026-01-10T00:00,10.0,75,990.4
2026-01-10T01:00,9.6,78,990.8
2026-01-10T02:00,9.3,80,991.7
2026-01-10T03:00,9.9,80,992.0
2026-01-10T04:00,11.9,74,992.9
2026-01-10T05:00,14.5,66,993.3
2026-01-10T06:00,16.5,60,993.0
2026-01-10T07:00,18.2,56,992.2
2026-01-10T08:00,19.2,51,991.2
2026-01-10T09:00,19.8,48,990.7
2026-01-10T10:00,19.8,46,990.2
2026-01-10T11:00,19.4,46,990.2
2026-01-10T12:00,18.2,49,990.0
2026-01-10T13:00,16.5,52,990.7
2026-01-10T14:00,15.5,51,991.4
2026-01-10T15:00,14.3,51,991.8
2026-01-10T16:00,13.4,49,992.5
2026-01-10T17:00,12.5,50,993.2
2026-01-10T18:00,11.6,54,993.4
2026-01-10T19:00,11.0,57,993.2
2026-01-10T20:00,10.3,60,993.0
2026-01-10T21:00,9.8,63,992.9
2026-01-10T22:00,9.3,66,992.7
2026-01-10T23:00,8.7,68,992.5
2026-01-11T00:00,8.1,70,992.7
2026-01-11T01:00,7.6,71,993.2
2026-01-11T02:00,7.3,72,993.9
2026-01-11T03:00,8.0,69,994.6
2026-01-11T04:00,10.1,63,995.5
2026-01-11T05:00,13.2,53,996.1
2026-01-11T06:00,16.2,43,995.6
2026-01-11T07:00,18.2,35,994.6
2026-01-11T08:00,19.4,30,993.5
2026-01-11T09:00,20.1,27,992.8
2026-01-11T10:00,20.2,25,992.2
2026-01-11T11:00,19.6,24,992.0
2026-01-11T12:00,18.3,29,991.8
2026-01-11T13:00,16.4,32,992.1
2026-01-11T14:00,15.6,32,992.5
2026-01-11T15:00,14.4,36,992.6
2026-01-11T16:00,13.1,38,992.7
2026-01-11T17:00,12.1,41,992.9
2026-01-11T18:00,11.3,45,992.7
2026-01-11T19:00,10.8,47,992.4
2026-01-11T20:00,10.3,50,992.0
2026-01-11T21:00,9.9,51,991.6
2026-01-11T22:00,9.6,53,991.4
2026-01-11T23:00,9.3,54,991.0
2026-01-12T00:00,9.1,58,990.8
2026-01-12T01:00,9.0,61,991.2
2026-01-12T02:00,8.8,66,991.6
2026-01-12T03:00,9.9,67,992.1
2026-01-12T04:00,12.7,64,992.8
2026-01-12T05:00,16.1,61,993.7
2026-01-12T06:00,19.3,56,993.4
2026-01-12T07:00,21.8,45,992.7
2026-01-12T08:00,23.2,37,991.5
2026-01-12T09:00,23.9,32,990.6
2026-01-12T10:00,24.0,30,990.4
2026-01-12T11:00,23.4,31,990.2
2026-01-12T12:00,21.6,41,990.2
2026-01-12T13:00,18.9,52,990.8
2026-01-12T14:00,18.1,54,991.5
2026-01-12T15:00,17.2,54,991.9
2026-01-12T16:00,17.0,51,991.9
2026-01-12T17:00,16.3,51,992.2
2026-01-12T18:00,15.1,55,992.2
2026-01-12T19:00,14.3,58,992.0
2026-01-12T20:00,13.1,63,991.7
2026-01-12T21:00,12.3,66,991.1
2026-01-12T22:00,12.2,66,990.7
2026-01-12T23:00,11.8,67,990.5
2026-01-13T00:00,11.0,74,990.6
2026-01-13T01:00,10.8,75,990.8
2026-01-13T02:00,10.7,76,991.6
2026-01-13T03:00,11.6,74,992.2
2026-01-13T04:00,14.4,67,993.1
2026-01-13T05:00,17.8,60,993.7
2026-01-13T06:00,21.4,50,993.4
2026-01-13T07:00,23.6,37,992.7
2026-01-13T08:00,24.4,31,991.3
2026-01-13T09:00,24.8,28,990.3
2026-01-13T10:00,24.8,27,989.6
2026-01-13T11:00,24.4,28,989.3
2026-01-13T12:00,23.0,46,989.0
2026-01-13T13:00,20.8,47,989.1
2026-01-13T14:00,19.4,50,989.4
2026-01-13T15:00,17.9,53,989.5
2026-01-13T16:00,17.6,47,989.8
2026-01-13T17:00,16.0,49,989.7
2026-01-13T18:00,14.7,55,989.8
2026-01-13T19:00,13.8,62,989.2
2026-01-13T20:00,13.1,66,988.7
2026-01-13T21:00,12.6,70,988.5
2026-01-13T22:00,11.9,74,988.3
2026-01-13T23:00,11.5,77,987.9
2026-01-14T00:00,10.7,80,988.0
2026-01-14T01:00,10.2,83,988.2
2026-01-14T02:00,9.6,86,989.1
2026-01-14T03:00,10.2,83,989.7
2026-01-14T04:00,12.9,72,990.8
2026-01-14T05:00,16.4,58,991.3
2026-01-14T06:00,19.9,46,991.0
2026-01-14T07:00,21.8,35,990.0
2026-01-14T08:00,23.0,31,988.8
2026-01-14T09:00,23.7,28,988.0
2026-01-14T10:00,24.0,26,987.5
2026-01-14T11:00,23.8,26,987.4
2026-01-14T12:00,22.3,44,987.4
2026-01-14T13:00,19.9,46,987.7
2026-01-14T14:00,18.4,50,988.7
2026-01-14T15:00,17.5,50,989.0
2026-01-14T16:00,16.6,50,988.9
2026-01-14T17:00,15.5,49,989.2
2026-01-14T18:00,14.7,50,989.1
2026-01-14T19:00,13.1,56,988.8
2026-01-14T20:00,12.5,56,988.5
2026-01-14T21:00,12.2,55,988.1
2026-01-14T22:00,11.8,56,987.9
2026-01-14T23:00,11.5,56,987.8
2026-01-15T00:00,10.9,59,987.9
2026-01-15T01:00,10.4,62,988.2
2026-01-15T02:00,10.0,64,988.8
2026-01-15T03:00,11.0,60,989.5
2026-01-15T04:00,14.4,50,990.4
2026-01-15T05:00,18.1,39,991.3
2026-01-15T06:00,21.6,30,991.1
2026-01-15T07:00,23.8,24,990.3
2026-01-15T08:00,25.2,20,989.1
2026-01-15T09:00,26.1,17,987.9
2026-01-15T10:00,26.4,16,987.5
2026-01-15T11:00,26.2,16,987.4
2026-01-15T12:00,24.3,36,987.1
2026-01-15T13:00,21.4,35,987.1
2026-01-15T14:00,20.6,32,987.7
2026-01-15T15:00,20.2,31,988.0
2026-01-15T16:00,19.1,31,988.2
2026-01-15T17:00,17.9,33,988.2
2026-01-15T18:00,16.3,38,988.3
2026-01-15T19:00,15.5,38,987.8
2026-01-15T20:00,14.7,39,987.2
2026-01-15T21:00,13.7,42,986.8
2026-01-15T22:00,13.0,47,986.6
2026-01-15T23:00,12.3,54,986.7
2026-01-16T00:00,11.7,63,987.1
2026-01-16T01:00,11.0,70,987.2
2026-01-16T02:00,10.4,76,987.6
2026-01-16T03:00,11.1,74,988.4
2026-01-16T04:00,14.6,60,989.2
2026-01-16T05:00,18.6,44,989.7
2026-01-16T06:00,22.5,32,989.3
2026-01-16T07:00,25.5,22,988.5
2026-01-16T08:00,26.9,18,987.3
2026-01-16T09:00,27.5,17,986.2
2026-01-16T10:00,27.5,17,985.7
2026-01-16T11:00,26.9,18,985.7
2026-01-16T12:00,25.0,23,985.5
2026-01-16T13:00,22.9,26,985.7
2026-01-16T14:00,21.3,31,986.1
2026-01-16T15:00,20.3,33,986.0
2026-01-16T16:00,19.5,36,986.2
2026-01-16T17:00,19.4,32,986.1
2026-01-16T18:00,18.6,34,986.3
2026-01-16T19:00,17.6,37,985.8
2026-01-16T20:00,16.0,45,985.6
2026-01-16T21:00,15.3,47,985.4
2026-01-16T22:00,14.7,48,985.1
2026-01-16T23:00,13.8,48,985.0
2026-01-17T00:00,12.8,54,985.1
2026-01-17T01:00,11.4,61,985.5
2026-01-17T02:00,10.7,63,986.0
2026-01-17T03:00,11.9,59,986.8
2026-01-17T04:00,15.5,48,988.0
2026-01-17T05:00,19.4,39,988.7
2026-01-17T06:00,22.3,33,988.5
2026-01-17T07:00,24.3,30,987.6
2026-01-17T08:00,25.3,30,986.4
2026-01-17T09:00,25.7,30,985.2
2026-01-17T10:00,25.8,29,984.4
2026-01-17T11:00,25.2,30,983.9
2026-01-17T12:00,24.4,33,983.6
2026-01-17T13:00,21.8,43,983.4
2026-01-17T14:00,21.2,40,983.6
2026-01-17T15:00,20.5,41,983.7
2026-01-17T16:00,19.6,44,983.9
2026-01-17T17:00,18.5,50,983.7
2026-01-17T18:00,18.7,46,983.8
2026-01-17T19:00,17.6,50,983.3
2026-01-17T20:00,16.4,55,982.8
2026-01-17T21:00,15.8,56,982.3
2026-01-17T22:00,15.1,58,982.3
2026-01-17T23:00,14.6,59,982.1
2026-01-18T00:00,13.8,65,982.1
2026-01-18T01:00,13.2,66,982.3
2026-01-18T02:00,12.3,71,983.0
2026-01-18T03:00,13.0,69,983.9
2026-01-18T04:00,15.9,57,984.9
2026-01-18T05:00,19.1,46,985.6
2026-01-18T06:00,21.9,45,985.2
2026-01-18T07:00,24.2,36,984.6
2026-01-18T08:00,25.1,30,983.9
2026-01-18T09:00,25.4,29,983.0
2026-01-18T10:00,25.4,29,982.8
2026-01-18T11:00,25.0,29,982.7
2026-01-18T12:00,24.0,32,983.0
2026-01-18T13:00,21.9,39,983.1
2026-01-18T14:00,20.6,44,983.6
2026-01-18T15:00,19.6,46,984.3
2026-01-18T16:00,19.0,45,985.0
2026-01-18T17:00,18.9,45,985.1
2026-01-18T18:00,18.0,50,985.3
2026-01-18T19:00,16.8,55,985.3
2026-01-18T20:00,16.0,60,985.0
2026-01-18T21:00,15.4,63,984.8
2026-01-18T22:00,14.8,67,984.7
2026-01-18T23:00,14.0,73,984.9
2026-01-19T00:00,13.0,79,985.1
2026-01-19T01:00,12.7,81,985.7
2026-01-19T02:00,12.6,82,986.6
2026-01-19T03:00,13.6,78,987.2
2026-01-19T04:00,16.6,65,988.3
2026-01-19T05:00,19.8,53,989.2
2026-01-19T06:00,22.3,43,988.9
2026-01-19T07:00,24.2,34,988.4
2026-01-19T08:00,25.0,30,987.3
2026-01-19T09:00,25.3,27,986.5
2026-01-19T10:00,25.3,26,986.2
2026-01-19T11:00,24.9,25,986.2
2026-01-19T12:00,23.8,27,986.0
2026-01-19T13:00,21.2,38,986.2
2026-01-19T14:00,20.0,46,986.6
2026-01-19T15:00,19.1,46,986.7
2026-01-19T16:00,18.5,36,987.0
2026-01-19T17:00,17.2,39,987.2
2026-01-19T18:00,16.7,44,987.2
2026-01-19T19:00,15.8,48,986.9
2026-01-19T20:00,15.6,50,986.7
2026-01-19T21:00,14.6,54,986.4
2026-01-19T22:00,13.6,58,986.3
2026-01-19T23:00,12.9,62,986.3
2026-01-20T00:00,12.4,66,986.6
2026-01-20T01:00,12.1,68,987.2
2026-01-20T02:00,11.8,69,988.0
2026-01-20T03:00,12.6,66,989.0
2026-01-20T04:00,15.2,57,989.9
2026-01-20T05:00,18.7,46,990.7
2026-01-20T06:00,21.9,37,990.6
2026-01-20T07:00,24.0,28,990.1
2026-01-20T08:00,24.8,23,988.8
2026-01-20T09:00,25.2,21,987.7
2026-01-20T10:00,25.2,20,986.9
2026-01-20T11:00,24.8,20,986.7
2026-01-20T12:00,23.9,22,986.8
2026-01-20T13:00,22.0,24,987.2
2026-01-20T14:00,20.9,24,987.6
2026-01-20T15:00,20.2,25,988.1
2026-01-20T16:00,19.8,26,988.5
2026-01-20T17:00,18.1,30,988.6
2026-01-20T18:00,16.6,36,988.5
2026-01-20T19:00,15.7,39,988.5
2026-01-20T20:00,15.1,41,988.5
2026-01-20T21:00,14.9,43,988.1
2026-01-20T22:00,14.6,45,988.0
2026-01-20T23:00,14.1,49,987.9
2026-01-21T00:00,13.3,51,987.9
2026-01-21T01:00,13.0,53,988.2
2026-01-21T02:00,12.7,56,988.8
2026-01-21T03:00,13.5,55,989.5
2026-01-21T04:00,16.2,48,990.4
2026-01-21T05:00,19.7,43,991.1
2026-01-21T06:00,22.9,39,990.8
2026-01-21T07:00,25.1,32,990.2
2026-01-21T08:00,26.3,27,988.9
2026-01-21T09:00,26.9,24,987.8
2026-01-21T10:00,26.9,22,987.1
2026-01-21T11:00,26.5,22,987.0
2026-01-21T12:00,25.3,25,986.9
2026-01-21T13:00,22.7,35,986.8
2026-01-21T14:00,22.1,40,987.4
2026-01-21T15:00,21.1,41,987.6
2026-01-21T16:00,20.1,40,987.8
2026-01-21T17:00,19.3,41,987.7
2026-01-21T18:00,17.9,48,987.6
2026-01-21T19:00,17.0,50,987.6
2026-01-21T20:00,16.8,51,987.4
2026-01-21T21:00,16.3,55,987.2
2026-01-21T22:00,16.1,62,986.7
2026-01-21T23:00,15.8,66,986.3
2026-01-22T00:00,15.4,71,986.1
2026-01-22T01:00,15.2,72,986.0
2026-01-22T02:00,15.1,72,986.1
2026-01-22T03:00,16.1,69,986.7
2026-01-22T04:00,18.8,59,987.7
2026-01-22T05:00,22.0,49,988.1
2026-01-22T06:00,25.1,42,987.5
2026-01-22T07:00,27.1,36,986.7
2026-01-22T08:00,27.7,33,985.4
2026-01-22T09:00,28.1,30,984.2
2026-01-22T10:00,27.9,30,983.6
2026-01-22T11:00,28.4,27,982.8
2026-01-22T12:00,27.1,29,983.2
2026-01-22T13:00,25.5,32,983.2
2026-01-22T14:00,24.1,36,983.6
2026-01-22T15:00,22.9,39,983.9
2026-01-22T16:00,22.2,42,984.4
2026-01-22T17:00,21.8,44,984.5
2026-01-22T18:00,21.9,42,984.8
2026-01-22T19:00,21.2,43,984.4
2026-01-22T20:00,19.2,50,984.7
2026-01-22T21:00,16.8,66,984.6
2026-01-22T22:00,16.3,71,984.6
2026-01-22T23:00,15.8,67,984.7
2026-01-23T00:00,14.9,88,984.8
2026-01-23T01:00,13.4,61,985.6
2026-01-23T02:00,11.2,62,987.0
2026-01-23T03:00,10.9,66,987.9
2026-01-23T04:00,12.4,53,988.9
2026-01-23T05:00,13.9,36,989.1
2026-01-23T06:00,15.8,30,989.4
2026-01-23T07:00,17.7,20,988.9
2026-01-23T08:00,18.8,17,988.1
2026-01-23T09:00,19.0,14,987.4
2026-01-23T10:00,19.0,12,987.3
2026-01-23T11:00,18.5,11,987.0
2026-01-23T12:00,17.2,16,987.7
2026-01-23T13:00,14.4,32,988.0
2026-01-23T14:00,13.8,33,989.2
2026-01-23T15:00,12.9,38,989.8
2026-01-23T16:00,12.0,39,990.5
2026-01-23T17:00,11.5,39,990.9
2026-01-23T18:00,10.2,42,991.6
2026-01-23T19:00,9.2,43,991.9
2026-01-23T20:00,8.4,47,992.0
2026-01-23T21:00,8.1,48,992.3
2026-01-23T22:00,8.1,48,992.4
2026-01-23T23:00,8.3,46,992.3
2026-01-24T00:00,8.2,47,992.8
2026-01-24T01:00,8.0,49,993.5
2026-01-24T02:00,7.6,51,994.4
2026-01-24T03:00,8.5,49,994.9
2026-01-24T04:00,10.7,44,995.8
2026-01-24T05:00,13.1,35,996.0
2026-01-24T06:00,15.6,28,996.5
2026-01-24T07:00,17.2,22,995.6
2026-01-24T08:00,17.9,20,994.2
2026-01-24T09:00,18.7,19,993.1
2026-01-24T10:00,18.9,19,992.6
2026-01-24T11:00,18.4,19,992.4
2026-01-24T12:00,17.5,23,992.1
2026-01-24T13:00,15.3,28,992.4
2026-01-24T14:00,14.1,30,993.0
2026-01-24T15:00,13.2,32,993.4
2026-01-24T16:00,12.2,35,993.7
2026-01-24T17:00,11.0,38,993.6
2026-01-24T18:00,10.4,43,993.4
2026-01-24T19:00,10.0,46,993.3
2026-01-24T20:00,9.4,49,992.8
2026-01-24T21:00,8.9,52,992.3
2026-01-24T22:00,8.4,55,991.8
2026-01-24T23:00,8.0,57,991.6
2026-01-25T00:00,7.5,62,991.7
2026-01-25T01:00,7.3,64,992.1
2026-01-25T02:00,6.9,66,992.9
2026-01-25T03:00,7.7,65,993.4
2026-01-25T04:00,9.8,57,994.3
2026-01-25T05:00,12.5,49,994.4
2026-01-25T06:00,15.1,40,993.9
2026-01-25T07:00,16.9,33,992.8
2026-01-25T08:00,18.1,28,991.5
2026-01-25T09:00,18.9,25,990.5
2026-01-25T10:00,19.1,24,990.3
2026-01-25T11:00,18.7,24,989.9
2026-01-25T12:00,17.7,28,989.5
2026-01-25T13:00,15.7,33,989.9
2026-01-25T14:00,14.7,35,990.2
2026-01-25T15:00,13.8,37,990.7
2026-01-25T16:00,12.8,40,991.1
2026-01-25T17:00,11.8,43,990.9
2026-01-25T18:00,11.2,46,990.8
2026-01-25T19:00,10.9,47,990.6
2026-01-25T20:00,10.5,48,990.1
2026-01-25T21:00,10.2,50,989.8
2026-01-25T22:00,9.9,51,989.5
2026-01-25T23:00,9.6,51,989.2
2026-01-26T00:00,9.2,53,988.8
2026-01-26T01:00,9.1,54,989.2
2026-01-26T02:00,9.6,52,990.1
2026-01-26T03:00,10.4,50,990.8
2026-01-26T04:00,12.7,44,991.4
2026-01-26T05:00,14.8,41,991.9
2026-01-26T06:00,18.3,39,991.0
2026-01-26T07:00,20.4,38,990.2
2026-01-26T08:00,22.5,38,988.9
2026-01-26T09:00,23.7,39,987.9
2026-01-26T10:00,24.1,40,987.3
2026-01-26T11:00,23.9,41,987.0
2026-01-26T12:00,22.4,44,987.0
2026-01-26T13:00,20.7,51,987.2
2026-01-26T14:00,19.8,54,987.6
2026-01-26T15:00,19.0,53,988.2
2026-01-26T16:00,18.3,53,988.4
2026-01-26T17:00,17.6,57,988.1
2026-01-26T18:00,16.6,64,988.2
2026-01-26T19:00,16.2,71,987.7
2026-01-26T20:00,16.0,77,987.1
2026-01-26T21:00,15.5,82,986.8
2026-01-26T22:00,14.8,87,986.6
2026-01-26T23:00,14.3,90,986.5
2026-01-27T00:00,14.0,91,986.9
2026-01-27T01:00,14.0,90,987.5
2026-01-27T02:00,13.7,92,988.3
2026-01-27T03:00,14.7,87,988.8
2026-01-27T04:00,17.5,73,989.6
2026-01-27T05:00,20.3,58,989.9
2026-01-27T06:00,22.0,49,990.1
2026-01-27T07:00,22.8,43,989.4
2026-01-27T08:00,23.3,38,988.3
2026-01-27T09:00,23.8,34,987.5
2026-01-27T10:00,23.8,28,987.2
2026-01-27T11:00,23.2,26,987.4
2026-01-27T12:00,22.1,29,987.8
2026-01-27T13:00,20.3,32,988.3
2026-01-27T14:00,19.1,35,989.2
2026-01-27T15:00,17.6,40,990.0
2026-01-27T16:00,16.5,47,990.6
2026-01-27T17:00,15.9,51,991.2
2026-01-27T18:00,15.2,56,991.5
2026-01-27T19:00,14.8,57,991.7
2026-01-27T20:00,14.2,60,991.8
2026-01-27T21:00,13.6,62,991.7
2026-01-27T22:00,12.9,66,991.5
2026-01-27T23:00,12.2,71,991.0
2026-01-28T00:00,11.8,78,991.0
2026-01-28T01:00,11.5,81,991.7
2026-01-28T02:00,11.1,84,992.7
2026-01-28T03:00,12.0,80,993.5
2026-01-28T04:00,14.2,70,994.6
2026-01-28T05:00,16.8,58,995.1
2026-01-28T06:00,18.9,44,995.1
2026-01-28T07:00,20.2,38,994.3
2026-01-28T08:00,21.2,34,993.2
2026-01-28T09:00,21.8,31,992.4
2026-01-28T10:00,22.0,29,991.8
2026-01-28T11:00,21.7,29,991.4
2026-01-28T12:00,20.8,33,991.3
2026-01-28T13:00,19.0,39,991.2
2026-01-28T14:00,18.1,41,991.6
2026-01-28T15:00,17.2,44,992.0
2026-01-28T16:00,16.0,47,992.1
2026-01-28T17:00,14.8,51,992.3
2026-01-28T18:00,13.9,55,992.3
2026-01-28T19:00,13.5,56,992.1
2026-01-28T20:00,13.1,58,992.0
2026-01-28T21:00,12.5,61,991.5
2026-01-28T22:00,11.9,64,991.4
2026-01-28T23:00,11.4,66,990.9
2026-01-29T00:00,10.9,70,991.0
2026-01-29T01:00,10.7,71,991.1
2026-01-29T02:00,10.5,72,991.9
2026-01-29T03:00,11.4,70,992.7
2026-01-29T04:00,13.7,62,993.7
2026-01-29T05:00,16.8,54,994.1
2026-01-29T06:00,19.2,44,994.1
2026-01-29T07:00,20.7,37,993.2
2026-01-29T08:00,21.7,33,992.0
2026-01-29T09:00,22.3,31,990.8
2026-01-29T10:00,22.6,30,990.1
2026-01-29T11:00,22.4,30,989.8
2026-01-29T12:00,21.6,32,989.9
2026-01-29T13:00,20.1,35,990.1
2026-01-29T14:00,19.2,37,990.5
2026-01-29T15:00,18.3,39,990.8
2026-01-29T16:00,17.2,41,990.9
2026-01-29T17:00,16.2,43,991.3
2026-01-29T18:00,15.5,46,991.3
2026-01-29T19:00,14.7,53,990.7
2026-01-29T20:00,14.1,60,990.3
2026-01-29T21:00,13.3,65,990.0
2026-01-29T22:00,12.7,69,989.6
2026-01-29T23:00,12.2,73,989.5
2026-01-30T00:00,12.0,76,989.4
2026-01-30T01:00,11.6,79,989.8
2026-01-30T02:00,11.2,81,990.2
2026-01-30T03:00,12.1,78,990.9
2026-01-30T04:00,14.3,68,991.8
2026-01-30T05:00,17.0,58,992.0
2026-01-30T06:00,19.6,48,992.0
2026-01-30T07:00,21.9,38,991.0
2026-01-30T08:00,23.6,32,989.5
2026-01-30T09:00,24.7,27,988.3
2026-01-30T10:00,25.2,23,987.8
2026-01-30T11:00,25.0,22,987.9
2026-01-30T12:00,24.2,25,987.6
2026-01-30T13:00,21.5,35,987.5
2026-01-30T14:00,20.5,38,988.1
2026-01-30T15:00,19.8,40,988.4
2026-01-30T16:00,19.3,43,988.4
2026-01-30T17:00,18.4,46,988.5
2026-01-30T18:00,17.6,51,988.5
2026-01-30T19:00,17.3,47,988.4
2026-01-30T20:00,16.3,50,988.1
2026-01-30T21:00,15.4,55,987.9
2026-01-30T22:00,14.7,60,987.4
2026-01-30T23:00,14.6,61,987.3
2026-01-31T00:00,14.7,68,987.4
2026-01-31T01:00,14.6,73,987.8
2026-01-31T02:00,14.0,77,988.4
2026-01-31T03:00,15.1,74,989.3
2026-01-31T04:00,18.4,64,990.3
2026-01-31T05:00,21.5,53,991.0
2026-01-31T06:00,23.7,42,990.9
2026-01-31T07:00,25.6,32,989.9
2026-01-31T08:00,26.6,31,988.9
2026-01-31T09:00,26.8,31,988.1
2026-01-31T10:00,26.8,32,987.3
2026-01-31T11:00,26.6,32,987.2
2026-01-31T12:00,25.8,33,987.2
2026-01-31T13:00,24.3,37,987.5
2026-01-31T14:00,23.2,39,987.8
2026-01-31T15:00,22.5,39,988.4
2026-01-31T16:00,21.8,40,988.6
2026-01-31T17:00,21.0,41,988.9
2026-01-31T18:00,19.9,40,989.2
2026-01-31T19:00,18.3,41,989.1
2026-01-31T20:00,17.8,41,989.0
2026-01-31T21:00,17.2,45,989.0
2026-01-31T22:00,16.5,49,988.5
2026-01-31T23:00,15.9,52,988.0
2026-02-01T00:00,15.7,62,988.5
2026-02-01T01:00,15.2,65,988.9
2026-02-01T02:00,14.7,67,989.6
2026-02-01T03:00,15.6,65,990.3
2026-02-01T04:00,18.2,57,991.3
2026-02-01T05:00,21.6,46,992.0
2026-02-01T06:00,23.6,37,992.2
2026-02-01T07:00,24.9,31,991.6
2026-02-01T08:00,25.8,28,990.5
2026-02-01T09:00,26.3,25,989.6
2026-02-01T10:00,26.6,23,989.3
2026-02-01T11:00,26.2,22,989.3
2026-02-01T12:00,25.5,23,989.2
2026-02-01T13:00,23.6,27,989.5
2026-02-01T14:00,22.5,30,990.0
2026-02-01T15:00,21.3,34,990.6
2026-02-01T16:00,20.0,39,991.1
2026-02-01T17:00,19.3,41,991.5
2026-02-01T18:00,18.3,46,991.4
2026-02-01T19:00,17.8,48,991.3
2026-02-01T20:00,17.3,50,991.3
2026-02-01T21:00,16.7,52,991.1
2026-02-01T22:00,16.2,54,991.3
2026-02-01T23:00,15.7,56,991.2
2026-02-02T00:00,15.1,61,991.2
2026-02-02T01:00,14.7,64,991.3
2026-02-02T02:00,14.3,66,991.9
2026-02-02T03:00,14.9,66,992.5
2026-02-02T04:00,17.2,60,993.3
2026-02-02T05:00,20.3,51,993.6
2026-02-02T06:00,22.7,41,993.7
2026-02-02T07:00,24.5,32,992.6
2026-02-02T08:00,25.4,27,991.5
2026-02-02T09:00,25.8,25,990.4
2026-02-02T10:00,25.9,24,989.9
2026-02-02T11:00,25.4,24,989.6
2026-02-02T12:00,24.5,24,989.7
2026-02-02T13:00,22.8,28,989.7
2026-02-02T14:00,21.8,30,990.3
2026-02-02T15:00,20.6,33,990.6
2026-02-02T16:00,19.3,36,990.9
2026-02-02T17:00,18.2,39,991.0
2026-02-02T18:00,17.6,42,991.3
2026-02-02T19:00,17.1,44,991.2
2026-02-02T20:00,16.4,47,991.1
2026-02-02T21:00,15.8,49,991.0
2026-02-02T22:00,15.3,51,990.7
2026-02-02T23:00,14.8,52,990.3
2026-02-03T00:00,14.3,58,990.7
2026-02-03T01:00,14.0,59,991.0
2026-02-03T02:00,13.6,61,991.9
2026-02-03T03:00,14.5,59,992.7
2026-02-03T04:00,17.1,50,993.7
2026-02-03T05:00,20.3,40,994.2
2026-02-03T06:00,23.1,31,994.0
2026-02-03T07:00,24.9,24,993.1
2026-02-03T08:00,25.8,21,992.0
2026-02-03T09:00,26.2,19,991.1
2026-02-03T10:00,26.3,19,990.5
2026-02-03T11:00,25.8,19,990.3
2026-02-03T12:00,25.1,19,990.5
2026-02-03T13:00,23.6,22,990.7
2026-02-03T14:00,22.7,24,991.3
2026-02-03T15:00,21.8,27,991.6
2026-02-03T16:00,20.3,30,991.8
2026-02-03T17:00,19.0,33,992.1
2026-02-03T18:00,18.2,37,992.5
2026-02-03T19:00,18.1,45,992.3
2026-02-03T20:00,17.6,54,992.6
2026-02-03T21:00,17.0,59,992.3
2026-02-03T22:00,16.5,62,992.2
2026-02-03T23:00,16.1,64,992.1
2026-02-04T00:00,15.2,66,992.3
2026-02-04T01:00,14.8,69,992.5
2026-02-04T02:00,14.3,71,993.2
2026-02-04T03:00,15.2,67,993.9
2026-02-04T04:00,17.6,57,994.8
2026-02-04T05:00,20.8,45,995.2
2026-02-04T06:00,24.0,29,995.0
2026-02-04T07:00,25.5,19,994.3
2026-02-04T08:00,26.2,17,993.1
2026-02-04T09:00,26.5,17,992.0
2026-02-04T10:00,26.5,16,991.6
2026-02-04T11:00,26.1,17,991.4
2026-02-04T12:00,25.3,19,991.4
2026-02-04T13:00,23.5,23,991.3
2026-02-04T14:00,22.2,27,991.7
2026-02-04T15:00,20.9,30,992.1
2026-02-04T16:00,20.0,32,992.1
2026-02-04T17:00,19.3,34,992.1
2026-02-04T18:00,18.4,36,992.4
2026-02-04T19:00,17.2,40,992.4
2026-02-04T20:00,16.4,42,992.2
2026-02-04T21:00,15.9,44,991.7
2026-02-04T22:00,15.3,46,991.5
2026-02-04T23:00,14.7,48,991.2
2026-02-05T00:00,14.3,49,991.4
2026-02-05T01:00,13.8,51,991.9
2026-02-05T02:00,13.5,52,992.4
2026-02-05T03:00,14.5,50,993.0
2026-02-05T04:00,17.1,44,993.7
2026-02-05T05:00,20.6,36,994.2
2026-02-05T06:00,23.8,29,993.9
2026-02-05T07:00,25.6,23,993.1
2026-02-05T08:00,26.6,20,992.2
2026-02-05T09:00,27.2,19,991.3
2026-02-05T10:00,27.4,18,991.0
2026-02-05T11:00,27.0,18,990.6
2026-02-05T12:00,26.0,20,990.6
2026-02-05T13:00,24.1,23,991.0
2026-02-05T14:00,23.4,24,991.5
2026-02-05T15:00,22.3,24,991.8
2026-02-05T16:00,20.8,25,991.9
2026-02-05T17:00,19.8,25,991.8
2026-02-05T18:00,19.0,27,991.8
2026-02-05T19:00,18.0,29,991.8
2026-02-05T20:00,17.7,30,991.5
2026-02-05T21:00,17.1,32,990.8
2026-02-05T22:00,16.2,35,990.5
2026-02-05T23:00,15.5,38,990.2
2026-02-06T00:00,15.1,46,990.4
2026-02-06T01:00,14.6,53,990.9
2026-02-06T02:00,14.3,59,991.8
2026-02-06T03:00,15.5,59,992.5
2026-02-06T04:00,18.5,52,993.4
2026-02-06T05:00,22.3,43,994.1
2026-02-06T06:00,25.4,35,993.3
2026-02-06T07:00,27.4,25,992.4
2026-02-06T08:00,28.2,23,991.3
2026-02-06T09:00,28.6,22,990.3
2026-02-06T10:00,28.7,20,989.6
2026-02-06T11:00,28.3,19,989.2
2026-02-06T12:00,27.5,21,989.0
2026-02-06T13:00,25.8,24,989.3
2026-02-06T14:00,24.2,29,989.5
2026-02-06T15:00,22.5,31,990.1
2026-02-06T16:00,22.1,28,990.5
2026-02-06T17:00,21.5,27,990.7
2026-02-06T18:00,20.0,34,990.6
2026-02-06T19:00,19.1,32,990.3
2026-02-06T20:00,18.1,32,990.2
2026-02-06T21:00,17.1,34,989.8
2026-02-06T22:00,16.4,35,989.4
2026-02-06T23:00,16.0,36,988.9
2026-02-07T00:00,15.7,40,989.1
2026-02-07T01:00,15.1,42,989.3
2026-02-07T02:00,14.7,44,989.8
2026-02-07T03:00,15.9,42,990.5
2026-02-07T04:00,19.7,35,991.3
2026-02-07T05:00,23.6,29,991.9
2026-02-07T06:00,26.4,21,991.8
2026-02-07T07:00,28.0,17,991.1
2026-02-07T08:00,28.6,16,989.8
2026-02-07T09:00,28.9,15,988.8
2026-02-07T10:00,28.8,15,988.2
2026-02-07T11:00,28.5,15,987.8
2026-02-07T12:00,27.5,16,987.5
2026-02-07T13:00,24.8,26,987.6
2026-02-07T14:00,23.3,25,987.9
2026-02-07T15:00,22.2,28,988.4
2026-02-07T16:00,21.7,30,989.2
2026-02-07T17:00,20.2,32,989.5
2026-02-07T18:00,20.0,30,989.4
2026-02-07T19:00,19.3,32,988.9
2026-02-07T20:00,19.2,36,988.7
2026-02-07T21:00,18.4,43,988.3
2026-02-07T22:00,17.5,49,987.8
2026-02-07T23:00,16.5,55,987.4
2026-02-08T00:00,15.4,59,987.4
2026-02-08T01:00,14.6,63,987.8
2026-02-08T02:00,14.0,65,988.5
2026-02-08T03:00,15.1,60,989.2
2026-02-08T04:00,18.3,46,990.5
2026-02-08T05:00,22.0,35,991.1
2026-02-08T06:00,25.3,27,990.6
2026-02-08T07:00,27.2,20,989.8
2026-02-08T08:00,28.0,18,988.2
2026-02-08T09:00,28.5,16,987.0
2026-02-08T10:00,28.7,15,986.0
2026-02-08T11:00,28.4,15,985.7
2026-02-08T12:00,27.5,17,985.5
2026-02-08T13:00,25.3,20,985.4
2026-02-08T14:00,24.0,22,985.8
2026-02-08T15:00,22.5,27,986.3
2026-02-08T16:00,21.6,26,986.3
2026-02-08T17:00,20.4,30,986.2
2026-02-08T18:00,19.8,34,986.1
2026-02-08T19:00,19.1,37,985.5
2026-02-08T20:00,18.4,37,985.5
2026-02-08T21:00,17.0,40,985.2
2026-02-08T22:00,16.9,38,984.8
2026-02-08T23:00,16.0,41,984.2
2026-02-09T00:00,16.4,42,984.2
2026-02-09T01:00,15.5,44,984.8
2026-02-09T02:00,14.6,48,985.6
2026-02-09T03:00,15.6,46,986.3
2026-02-09T04:00,19.4,38,987.2
2026-02-09T05:00,23.2,28,988.0
2026-02-09T06:00,26.8,20,988.0
2026-02-09T07:00,28.6,16,987.5
2026-02-09T08:00,29.2,16,986.4
2026-02-09T09:00,29.4,16,985.2
2026-02-09T10:00,29.3,17,984.5
2026-02-09T11:00,28.8,18,984.6
2026-02-09T12:00,27.9,19,984.5
2026-02-09T13:00,25.4,31,984.5
2026-02-09T14:00,24.7,31,985.0
2026-02-09T15:00,23.8,34,985.6
2026-02-09T16:00,22.8,35,985.7
2026-02-09T17:00,22.1,37,985.5
2026-02-09T18:00,21.0,41,985.7
2026-02-09T19:00,20.2,41,985.4
2026-02-09T20:00,19.6,41,985.4
2026-02-09T21:00,18.5,46,984.9
2026-02-09T22:00,17.7,49,984.6
2026-02-09T23:00,16.9,53,984.5
2026-02-10T00:00,16.4,55,985.0
2026-02-10T01:00,15.7,60,985.3
2026-02-10T02:00,15.5,58,986.3
2026-02-10T03:00,17.0,53,987.1
2026-02-10T04:00,20.1,43,988.2
2026-02-10T05:00,23.2,35,989.0
2026-02-10T06:00,25.1,35,988.8
2026-02-10T07:00,26.8,31,988.4
2026-02-10T08:00,27.7,28,987.5
2026-02-10T09:00,28.1,27,986.5
2026-02-10T10:00,28.1,26,986.3
2026-02-10T11:00,27.7,26,986.3
2026-02-10T12:00,27.1,27,986.5
2026-02-10T13:00,25.6,30,987.0
2026-02-10T14:00,24.5,33,988.1
2026-02-10T15:00,23.2,38,989.0
2026-02-10T16:00,22.8,38,989.6
2026-02-10T17:00,22.4,39,989.6
2026-02-10T18:00,21.4,44,989.8
2026-02-10T19:00,20.9,41,990.0
2026-02-10T20:00,20.3,42,989.7
2026-02-10T21:00,19.5,45,989.3
2026-02-10T22:00,18.6,50,989.3
2026-02-10T23:00,17.9,54,989.2
2026-02-11T00:00,17.5,61,989.8
2026-02-11T01:00,17.2,64,990.2
2026-02-11T02:00,16.9,65,991.3
2026-02-11T03:00,18.0,62,991.8
2026-02-11T04:00,20.3,55,992.6
2026-02-11T05:00,23.2,46,993.4
2026-02-11T06:00,25.9,40,993.3
2026-02-11T07:00,27.9,29,992.4
2026-02-11T08:00,28.7,25,991.5
2026-02-11T09:00,29.0,24,990.3
2026-02-11T10:00,29.1,23,989.8
2026-02-11T11:00,28.6,23,989.7
2026-02-11T12:00,28.0,25,989.5
2026-02-11T13:00,26.4,28,989.6
2026-02-11T14:00,25.4,31,990.2
2026-02-11T15:00,24.3,34,990.5
2026-02-11T16:00,23.0,38,990.9
2026-02-11T17:00,22.2,40,990.9
2026-02-11T18:00,21.3,45,991.0
2026-02-11T19:00,20.5,47,990.8
2026-02-11T20:00,19.8,49,990.7
2026-02-11T21:00,19.1,51,990.7
2026-02-11T22:00,18.5,53,990.4
2026-02-11T23:00,18.0,54,990.2
2026-02-12T00:00,17.7,54,990.2
2026-02-12T01:00,17.4,55,990.6
2026-02-12T02:00,17.0,56,991.2
2026-02-12T03:00,18.0,53,992.0
2026-02-12T04:00,20.2,46,992.8
2026-02-12T05:00,23.2,41,992.9
2026-02-12T06:00,25.9,36,992.6
2026-02-12T07:00,27.6,29,991.6
2026-02-12T08:00,28.6,26,990.3
2026-02-12T09:00,29.1,24,989.3
2026-02-12T10:00,29.1,23,988.9
2026-02-12T11:00,28.7,24,988.4
2026-02-12T12:00,27.7,26,987.9
2026-02-12T13:00,26.3,28,988.0
2026-02-12T14:00,25.1,30,988.5
2026-02-12T15:00,23.8,32,989.1
2026-02-12T16:00,22.5,33,989.3
2026-02-12T17:00,21.6,27,989.3
2026-02-12T18:00,20.5,30,989.2
2026-02-12T19:00,19.8,31,988.9
2026-02-12T20:00,19.2,33,988.7
2026-02-12T21:00,18.5,35,988.2
2026-02-12T22:00,18.1,36,987.8
2026-02-12T23:00,17.6,38,986.9
2026-02-13T00:00,17.1,41,987.1
2026-02-13T01:00,16.7,42,987.1
2026-02-13T02:00,16.2,44,988.0
2026-02-13T03:00,17.6,42,988.9
2026-02-13T04:00,20.6,36,989.9
2026-02-13T05:00,24.1,33,990.2
2026-02-13T06:00,26.8,26,989.8
2026-02-13T07:00,28.4,22,989.2
2026-02-13T08:00,29.2,20,988.2
2026-02-13T09:00,29.7,19,987.3
2026-02-13T10:00,29.9,18,986.9
2026-02-13T11:00,29.6,18,986.4
2026-02-13T12:00,28.6,19,986.2
2026-02-13T13:00,26.6,22,986.4
2026-02-13T14:00,25.2,23,986.8
2026-02-13T15:00,23.7,25,987.2
2026-02-13T16:00,23.1,28,987.3
2026-02-13T17:00,21.7,28,987.2
2026-02-13T18:00,21.1,30,987.7
2026-02-13T19:00,19.7,33,987.4
2026-02-13T20:00,18.7,34,987.2
2026-02-13T21:00,18.1,35,986.6
2026-02-13T22:00,17.5,37,986.2
2026-02-13T23:00,16.9,38,985.9
2026-02-14T00:00,16.3,43,986.1
2026-02-14T01:00,16.0,47,986.5
2026-02-14T02:00,15.6,53,987.1
2026-02-14T03:00,17.0,55,988.1
2026-02-14T04:00,20.4,49,989.1
2026-02-14T05:00,24.3,41,989.6
2026-02-14T06:00,27.6,23,989.3
2026-02-14T07:00,29.4,18,988.8
2026-02-14T08:00,30.2,17,987.7
2026-02-14T09:00,30.7,16,986.8
2026-02-14T10:00,30.8,15,986.2
2026-02-14T11:00,30.6,15,985.6
2026-02-14T12:00,29.7,17,985.4
2026-02-14T13:00,27.4,20,985.4
2026-02-14T14:00,25.5,25,985.9
2026-02-14T15:00,24.7,28,986.3
2026-02-14T16:00,24.1,28,986.6
2026-02-14T17:00,22.4,31,986.5
2026-02-14T18:00,21.4,33,986.9
2026-02-14T19:00,20.8,34,986.6
2026-02-14T20:00,20.6,34,986.0
2026-02-14T21:00,19.5,36,985.7
2026-02-14T22:00,18.7,37,985.4
2026-02-14T23:00,18.2,40,985.3
2026-02-15T00:00,17.3,45,985.5
2026-02-15T01:00,16.0,51,985.9
2026-02-15T02:00,15.5,54,986.7
2026-02-15T03:00,17.3,49,987.6
2026-02-15T04:00,21.4,39,988.8
2026-02-15T05:00,25.3,29,989.4
2026-02-15T06:00,28.6,21,989.0
2026-02-15T07:00,30.4,17,988.4
2026-02-15T08:00,31.2,15,987.3
2026-02-15T09:00,31.6,14,986.4
2026-02-15T10:00,31.6,13,985.7
2026-02-15T11:00,31.2,14,985.2
2026-02-15T12:00,30.3,16,985.2
2026-02-15T13:00,28.5,18,985.1
2026-02-15T14:00,27.2,20,985.3
2026-02-15T15:00,25.6,26,985.5
2026-02-15T16:00,24.8,27,985.7
2026-02-15T17:00,23.3,28,985.7
2026-02-15T18:00,23.0,32,985.6
2026-02-15T19:00,22.3,33,985.2
2026-02-15T20:00,21.1,32,984.9
2026-02-15T21:00,18.9,38,984.4
2026-02-15T22:00,18.3,39,984.1
2026-02-15T23:00,18.4,38,983.7
2026-02-16T00:00,18.3,39,983.8
2026-02-16T01:00,16.4,50,984.2
2026-02-16T02:00,16.1,48,984.9
2026-02-16T03:00,17.4,46,985.7
2026-02-16T04:00,20.8,37,986.6
2026-02-16T05:00,24.5,30,987.0
2026-02-16T06:00,27.9,25,986.7
2026-02-16T07:00,30.1,21,985.9
2026-02-16T08:00,31.3,16,984.9
2026-02-16T09:00,31.6,14,983.5
2026-02-16T10:00,31.6,14,982.6
2026-02-16T11:00,31.4,14,981.9
2026-02-16T12:00,30.7,14,981.6
2026-02-16T13:00,27.8,20,981.5
2026-02-16T14:00,26.4,21,981.9
2026-02-16T15:00,25.3,24,982.2
2026-02-16T16:00,24.9,24,983.0
2026-02-16T17:00,23.9,26,983.3
2026-02-16T18:00,23.5,28,983.6
2026-02-16T19:00,22.2,30,983.9
2026-02-16T20:00,21.0,33,983.8
2026-02-16T21:00,20.4,35,983.5
2026-02-16T22:00,19.5,39,983.2
2026-02-16T23:00,18.9,44,983.1
2026-02-17T00:00,18.5,45,983.7
2026-02-17T01:00,17.6,47,984.2
2026-02-17T02:00,17.9,45,984.7
2026-02-17T03:00,19.3,41,985.4
2026-02-17T04:00,22.5,33,986.3
2026-02-17T05:00,25.6,27,986.6
2026-02-17T06:00,27.5,24,986.6
2026-02-17T07:00,29.3,21,985.9
2026-02-17T08:00,30.2,20,984.7
2026-02-17T09:00,30.7,19,983.6
2026-02-17T10:00,30.7,20,983.2
2026-02-17T11:00,30.2,20,982.8
2026-02-17T12:00,30.2,21,982.3
2026-02-17T13:00,28.4,34,982.2
2026-02-17T14:00,27.4,30,982.7
2026-02-17T15:00,26.2,27,983.4
2026-02-17T16:00,25.3,27,983.5
2026-02-17T17:00,23.5,38,983.8
2026-02-17T18:00,22.7,36,983.9
2026-02-17T19:00,21.9,44,983.4
2026-02-17T20:00,20.8,49,983.4
2026-02-17T21:00,20.1,54,983.1
2026-02-17T22:00,19.2,50,983.0
2026-02-17T23:00,17.8,54,983.0
2026-02-18T00:00,19.1,58,983.3
2026-02-18T01:00,19.3,57,983.8
2026-02-18T02:00,19.3,55,984.4
2026-02-18T03:00,20.6,52,985.2
2026-02-18T04:00,22.5,50,986.0
2026-02-18T05:00,24.2,49,986.6
2026-02-18T06:00,26.1,43,986.9
2026-02-18T07:00,27.5,27,986.1
2026-02-18T08:00,28.1,27,985.3
2026-02-18T09:00,28.3,28,984.5
2026-02-18T10:00,28.0,28,984.1
2026-02-18T11:00,27.7,29,983.9
2026-02-18T12:00,29.0,17,983.3
2026-02-18T13:00,24.7,42,984.1
2026-02-18T14:00,22.4,55,985.1
2026-02-18T15:00,21.5,59,986.0
2026-02-18T16:00,20.5,63,986.6
2026-02-18T17:00,19.6,68,987.1
2026-02-18T18:00,19.3,71,987.3
2026-02-18T19:00,18.8,73,987.4
2026-02-18T20:00,18.3,76,987.2
2026-02-18T21:00,17.8,79,986.9
2026-02-18T22:00,17.5,80,986.5
2026-02-18T23:00,17.0,83,986.1
2026-02-19T00:00,16.7,80,986.2
2026-02-19T01:00,16.3,82,986.7
2026-02-19T02:00,16.0,83,987.6
2026-02-19T03:00,17.1,78,988.6
2026-02-19T04:00,19.5,66,989.3
2026-02-19T05:00,22.1,55,989.4
2026-02-19T06:00,24.4,47,989.6
2026-02-19T07:00,26.3,38,988.8
2026-02-19T08:00,27.1,34,987.8
2026-02-19T09:00,27.7,31,987.1
2026-02-19T10:00,28.0,29,986.5
2026-02-19T11:00,27.9,28,986.3
2026-02-19T12:00,27.0,29,986.4
2026-02-19T13:00,25.8,31,986.6
2026-02-19T14:00,25.2,32,987.5
2026-02-19T15:00,24.2,36,988.2
2026-02-19T16:00,22.5,41,988.8
2026-02-19T17:00,21.6,47,989.0
2026-02-19T18:00,20.8,58,989.5
2026-02-19T19:00,20.5,64,989.7
2026-02-19T20:00,20.0,68,989.6
2026-02-19T21:00,19.5,71,989.3
2026-02-19T22:00,19.0,73,989.1
2026-02-19T23:00,18.5,75,988.9
2026-02-20T00:00,18.0,78,988.9
2026-02-20T01:00,17.8,79,989.6
2026-02-20T02:00,17.5,79,990.3
2026-02-20T03:00,18.7,73,991.3
2026-02-20T04:00,21.2,61,992.0
2026-02-20T05:00,24.0,51,992.4
2026-02-20T06:00,26.3,44,992.1
2026-02-20T07:00,28.2,33,991.3
2026-02-20T08:00,29.4,26,990.3
2026-02-20T09:00,30.0,23,989.1
2026-02-20T10:00,30.2,21,988.2
2026-02-20T11:00,29.9,21,987.8
2026-02-20T12:00,29.1,22,987.5
2026-02-20T13:00,27.4,24,987.8
2026-02-20T14:00,26.2,24,988.2
2026-02-20T15:00,25.5,24,988.7
2026-02-20T16:00,24.0,29,988.7
2026-02-20T17:00,22.9,37,988.5
2026-02-20T18:00,21.9,43,988.4
2026-02-20T19:00,21.4,45,988.4
2026-02-20T20:00,20.8,48,988.1
2026-02-20T21:00,20.0,52,987.5
2026-02-20T22:00,19.5,57,987.1
2026-02-20T23:00,18.9,61,987.0
2026-02-21T00:00,18.2,68,986.6
2026-02-21T01:00,17.8,70,986.8
2026-02-21T02:00,17.5,73,987.4
2026-02-21T03:00,19.0,67,988.0
2026-02-21T04:00,22.0,59,988.6
2026-02-21T05:00,25.1,49,988.7
2026-02-21T06:00,27.6,32,988.4
2026-02-21T07:00,29.1,25,987.3
2026-02-21T08:00,30.0,22,986.2
2026-02-21T09:00,30.5,21,984.8
2026-02-21T10:00,30.6,20,983.9
2026-02-21T11:00,30.3,20,983.1
2026-02-21T12:00,29.7,22,982.8
2026-02-21T13:00,28.1,24,983.0
2026-02-21T14:00,26.2,30,983.3
2026-02-21T15:00,25.7,37,983.5
2026-02-21T16:00,25.2,39,983.6
2026-02-21T17:00,24.7,32,983.2
2026-02-21T18:00,24.1,37,983.1
2026-02-21T19:00,23.3,39,982.8
2026-02-21T20:00,22.0,39,982.5
2026-02-21T21:00,20.6,40,982.0
2026-02-21T22:00,19.8,42,981.4
2026-02-21T23:00,18.9,46,981.1
2026-02-22T00:00,18.3,53,981.1
2026-02-22T01:00,17.7,57,981.5
2026-02-22T02:00,17.7,58,982.1
2026-02-22T03:00,20.0,50,982.9
2026-02-22T04:00,23.7,38,983.7
2026-02-22T05:00,27.1,30,984.1
2026-02-22T06:00,29.5,25,983.8
2026-02-22T07:00,30.6,24,983.0
2026-02-22T08:00,31.1,24,982.0
2026-02-22T09:00,31.4,23,980.8
2026-02-22T10:00,31.5,22,980.1
2026-02-22T11:00,31.1,20,979.7
2026-02-22T12:00,30.4,20,979.7
2026-02-22T13:00,28.7,21,980.0
2026-02-22T14:00,27.5,22,980.7
2026-02-22T15:00,26.3,24,981.1
2026-02-22T16:00,25.2,31,981.2
2026-02-22T17:00,24.4,31,981.1
2026-02-22T18:00,24.0,33,980.8
2026-02-22T19:00,22.7,32,980.5
2026-02-22T20:00,21.5,33,980.4
2026-02-22T21:00,20.5,34,980.0
2026-02-22T22:00,19.7,36,979.9
2026-02-22T23:00,18.8,40,979.8
2026-02-23T00:00,17.7,44,980.0
2026-02-23T01:00,16.7,49,980.5
2026-02-23T02:00,16.5,52,981.4
2026-02-23T03:00,18.6,42,982.5
2026-02-23T04:00,22.0,32,983.6
2026-02-23T05:00,25.4,25,984.0
2026-02-23T06:00,28.5,21,983.9
2026-02-23T07:00,30.4,17,983.4
2026-02-23T08:00,31.0,17,982.4
2026-02-23T09:00,31.3,17,981.6
2026-02-23T10:00,31.4,16,981.0
2026-02-23T11:00,31.0,16,980.5
2026-02-23T12:00,30.4,16,980.6
2026-02-23T13:00,28.5,21,980.8
2026-02-23T14:00,27.5,25,981.2
2026-02-23T15:00,26.2,24,981.8
2026-02-23T16:00,25.4,24,982.2
2026-02-23T17:00,23.8,29,982.3
2026-02-23T18:00,23.0,32,982.4
2026-02-23T19:00,23.3,31,982.1
2026-02-23T20:00,22.5,30,982.1
2026-02-23T21:00,21.2,35,981.5
2026-02-23T22:00,19.9,37,981.7
2026-02-23T23:00,18.8,39,981.6
2026-02-24T00:00,19.3,44,981.6
2026-02-24T01:00,19.4,43,982.1
2026-02-24T02:00,18.6,43,983.1
2026-02-24T03:00,19.9,41,984.0
2026-02-24T04:00,22.9,33,985.1
2026-02-24T05:00,26.5,25,985.5
2026-02-24T06:00,29.8,18,985.4
2026-02-24T07:00,31.6,14,984.9
2026-02-24T08:00,32.1,14,984.0
2026-02-24T09:00,32.3,14,983.0
2026-02-24T10:00,32.0,14,982.8
2026-02-24T11:00,31.4,14,982.7
2026-02-24T12:00,31.0,15,982.5
2026-02-24T13:00,29.0,18,982.5
2026-02-24T14:00,27.8,20,983.4
2026-02-24T15:00,27.2,21,983.7
2026-02-24T16:00,26.7,22,984.0
2026-02-24T17:00,24.9,25,984.1
2026-02-24T18:00,23.6,32,984.1
2026-02-24T19:00,23.8,34,983.9
2026-02-24T20:00,22.5,30,983.7
2026-02-24T21:00,21.8,29,983.4
2026-02-24T22:00,20.4,32,983.5
2026-02-24T23:00,19.6,34,983.2
2026-02-25T00:00,20.7,44,983.4
2026-02-25T01:00,20.7,38,984.0
2026-02-25T02:00,19.9,37,984.8
2026-02-25T03:00,20.9,36,985.6
2026-02-25T04:00,24.5,30,986.5
2026-02-25T05:00,28.0,23,986.7
2026-02-25T06:00,30.4,18,986.6
2026-02-25T07:00,32.4,14,986.0
2026-02-25T08:00,33.0,14,985.1
2026-02-25T09:00,33.2,13,984.1
2026-02-25T10:00,32.7,14,983.5
2026-02-25T11:00,32.0,14,983.5
2026-02-25T12:00,31.2,15,983.3
2026-02-25T13:00,29.8,17,983.4
2026-02-25T14:00,28.2,20,983.7
2026-02-25T15:00,27.1,21,984.3
2026-02-25T16:00,26.8,25,984.7
2026-02-25T17:00,25.8,23,984.8
2026-02-25T18:00,24.5,26,984.7
2026-02-25T19:00,24.6,25,984.6
2026-02-25T20:00,23.4,28,984.2
2026-02-25T21:00,21.9,34,983.8
2026-02-25T22:00,20.5,34,983.6
2026-02-25T23:00,20.7,35,983.3
2026-02-26T00:00,21.7,33,983.0
2026-02-26T01:00,20.3,36,983.2
2026-02-26T02:00,19.2,38,983.7
2026-02-26T03:00,20.9,36,984.4
2026-02-26T04:00,24.8,28,985.1
2026-02-26T05:00,28.4,21,985.4
2026-02-26T06:00,31.3,17,985.2
2026-02-26T07:00,33.1,15,984.5
2026-02-26T08:00,33.5,15,983.3
2026-02-26T09:00,33.6,15,982.3
2026-02-26T10:00,33.4,15,981.6
2026-02-26T11:00,33.0,15,981.1
2026-02-26T12:00,32.6,16,980.4
2026-02-26T13:00,30.3,22,980.4
2026-02-26T14:00,28.9,21,980.5
2026-02-26T15:00,28.4,25,981.0
2026-02-26T16:00,28.8,32,981.4
2026-02-26T17:00,27.5,25,981.2
2026-02-26T18:00,26.0,26,981.1
2026-02-26T19:00,24.9,27,980.6
2026-02-26T20:00,24.0,29,980.9
2026-02-26T21:00,23.8,32,980.6
2026-02-26T22:00,23.5,35,980.5
2026-02-26T23:00,22.8,38,980.0
2026-02-27T00:00,21.8,41,980.2
2026-02-27T01:00,21.8,41,980.3
2026-02-27T02:00,21.4,43,981.1
2026-02-27T03:00,22.5,41,982.3
2026-02-27T04:00,25.1,37,982.9
2026-02-27T05:00,27.9,33,982.9
2026-02-27T06:00,30.2,29,982.5
2026-02-27T07:00,31.7,25,981.8
2026-02-27T08:00,32.6,22,980.8
2026-02-27T09:00,33.0,19,979.6
2026-02-27T10:00,32.8,19,978.9
2026-02-27T11:00,32.7,19,978.4
2026-02-27T12:00,32.0,19,977.8
2026-02-27T13:00,30.3,21,978.2
2026-02-27T14:00,28.4,24,978.7
2026-02-27T15:00,27.3,27,979.1
2026-02-27T16:00,26.4,31,979.6
2026-02-27T17:00,25.4,35,979.7
2026-02-27T18:00,24.9,40,979.8
2026-02-27T19:00,24.0,44,979.9
2026-02-27T20:00,23.0,47,980.0
2026-02-27T21:00,22.2,50,979.7
2026-02-27T22:00,22.0,50,979.4
2026-02-27T23:00,21.7,51,979.3
2026-02-28T00:00,21.4,53,979.2
2026-02-28T01:00,20.6,55,979.7
2026-02-28T02:00,20.0,55,980.6
2026-02-28T03:00,21.3,50,981.7
2026-02-28T04:00,23.7,43,982.7
2026-02-28T05:00,26.2,37,983.0
2026-02-28T06:00,28.6,33,982.8
2026-02-28T07:00,30.7,27,982.2
2026-02-28T08:00,32.0,23,981.1
2026-02-28T09:00,32.9,20,980.0
2026-02-28T10:00,32.9,19,979.6
2026-02-28T11:00,32.4,19,979.3
2026-02-28T12:00,31.7,20,979.4
2026-02-28T13:00,30.1,27,979.6
2026-02-28T14:00,28.6,25,980.3
2026-02-28T15:00,27.8,28,980.6
2026-02-28T16:00,27.1,29,981.2
2026-02-28T17:00,25.8,31,981.6
2026-02-28T18:00,24.8,37,981.5
2026-02-28T19:00,24.5,38,981.3
2026-02-28T20:00,24.9,35,981.0
2026-02-28T21:00,23.9,37,981.0
2026-02-28T22:00,23.2,40,980.8
2026-02-28T23:00,22.3,45,980.6
2026-03-01T00:00,21.9,48,980.7
2026-03-01T01:00,21.1,53,981.6
2026-03-01T02:00,20.8,51,982.0
2026-03-01T03:00,22.3,48,983.2
2026-03-01T04:00,24.7,41,984.3
2026-03-01T05:00,27.4,35,984.6
2026-03-01T06:00,29.7,30,984.5
2026-03-01T07:00,31.9,22,984.2
2026-03-01T08:00,32.9,18,983.2
2026-03-01T09:00,33.3,17,982.3
2026-03-01T10:00,33.3,16,981.7
2026-03-01T11:00,33.0,16,981.3
2026-03-01T12:00,32.5,16,981.0
2026-03-01T13:00,30.8,19,981.3
2026-03-01T14:00,29.1,21,982.2
2026-03-01T15:00,27.8,27,982.8
2026-03-01T16:00,26.8,27,983.5
2026-03-01T17:00,26.3,29,983.8
2026-03-01T18:00,25.7,31,983.5
2026-03-01T19:00,25.3,32,983.2
2026-03-01T20:00,25.1,29,983.0
2026-03-01T21:00,23.0,36,982.6
2026-03-01T22:00,22.1,39,982.6
2026-03-01T23:00,21.3,38,982.7
2026-03-02T00:00,21.3,51,983.1
2026-03-02T01:00,21.3,49,983.8
2026-03-02T02:00,20.7,47,984.5
2026-03-02T03:00,22.6,43,985.5
2026-03-02T04:00,25.6,36,986.6
2026-03-02T05:00,28.2,30,986.9
2026-03-02T06:00,30.2,26,987.0
2026-03-02T07:00,32.5,22,986.6
2026-03-02T08:00,33.5,19,985.8
2026-03-02T09:00,33.9,18,984.9
2026-03-02T10:00,34.0,18,984.1
2026-03-02T11:00,33.9,19,983.7
2026-03-02T12:00,33.3,19,983.6
2026-03-02T13:00,31.9,21,984.0
2026-03-02T14:00,29.6,29,984.4
2026-03-02T15:00,28.5,27,985.0
2026-03-02T16:00,27.7,31,985.7
2026-03-02T17:00,27.2,28,986.0
2026-03-02T18:00,26.7,30,986.0
2026-03-02T19:00,25.7,33,985.8
2026-03-02T20:00,25.1,34,985.4
2026-03-02T21:00,24.8,34,985.1
2026-03-02T22:00,24.1,34,984.4
2026-03-02T23:00,23.5,33,984.1
2026-03-03T00:00,23.2,33,984.5
2026-03-03T01:00,22.4,34,985.0
2026-03-03T02:00,21.6,36,985.6
2026-03-03T03:00,22.7,35,986.6
2026-03-03T04:00,25.7,28,987.6
2026-03-03T05:00,29.2,22,988.2
2026-03-03T06:00,31.7,18,988.1
2026-03-03T07:00,33.9,16,987.5
2026-03-03T08:00,34.8,14,986.5
2026-03-03T09:00,35.3,13,985.5
2026-03-03T10:00,35.4,13,984.6
2026-03-03T11:00,35.1,12,984.2
2026-03-03T12:00,34.4,12,984.0
2026-03-03T13:00,32.6,14,984.5
2026-03-03T14:00,30.8,17,985.0
2026-03-03T15:00,28.8,21,985.8
2026-03-03T16:00,28.7,19,986.5
2026-03-03T17:00,27.5,22,986.4
2026-03-03T18:00,27.3,24,986.4
2026-03-03T19:00,25.8,25,986.0
2026-03-03T20:00,23.9,29,985.7
2026-03-03T21:00,23.2,30,985.3
2026-03-03T22:00,22.2,32,985.1
2026-03-03T23:00,20.9,39,985.0
2026-03-04T00:00,21.0,48,985.5
2026-03-04T01:00,20.6,40,986.2
2026-03-04T02:00,21.0,40,986.6
2026-03-04T03:00,23.5,33,987.6
2026-03-04T04:00,27.5,25,988.7
2026-03-04T05:00,30.8,20,989.1
2026-03-04T06:00,33.2,18,989.0
2026-03-04T07:00,34.9,16,988.6
2026-03-04T08:00,35.6,15,987.6
2026-03-04T09:00,36.0,15,986.4
2026-03-04T10:00,35.9,15,985.7
2026-03-04T11:00,35.6,14,985.2
2026-03-04T12:00,35.1,14,984.5
2026-03-04T13:00,33.2,17,984.9
2026-03-04T14:00,31.5,19,985.4
2026-03-04T15:00,30.6,19,985.8
2026-03-04T16:00,29.4,21,986.2
2026-03-04T17:00,29.5,21,986.3
2026-03-04T18:00,29.0,23,986.2
2026-03-04T19:00,27.3,27,986.1
2026-03-04T20:00,26.5,28,985.8
2026-03-04T21:00,25.2,31,985.3
2026-03-04T22:00,24.0,34,984.8
2026-03-04T23:00,23.7,35,984.6
2026-03-05T00:00,22.9,39,984.9
2026-03-05T01:00,22.5,40,985.4
2026-03-05T02:00,22.4,40,985.8
2026-03-05T03:00,24.1,36,986.7
2026-03-05T04:00,26.9,30,987.3
2026-03-05T05:00,29.4,25,987.5
2026-03-05T06:00,31.9,21,987.3
2026-03-05T07:00,34.0,17,986.7
2026-03-05T08:00,35.1,14,985.6
2026-03-05T09:00,35.8,12,984.4
2026-03-05T10:00,35.9,11,983.4
2026-03-05T11:00,35.6,11,983.0
2026-03-05T12:00,34.7,13,982.8
2026-03-05T13:00,32.8,15,982.9
2026-03-05T14:00,31.5,15,983.0
2026-03-05T15:00,30.0,14,983.6
2026-03-05T16:00,28.9,14,984.0
2026-03-05T17:00,27.7,14,984.3
2026-03-05T18:00,27.0,16,984.0
2026-03-05T19:00,26.0,17,983.6
2026-03-05T20:00,24.6,19,983.1
2026-03-05T21:00,23.6,21,982.7
2026-03-05T22:00,22.8,23,982.3
2026-03-05T23:00,22.3,25,982.0
2026-03-06T00:00,21.3,37,982.4
2026-03-06T01:00,20.2,43,983.0
2026-03-06T02:00,19.7,49,983.6
2026-03-06T03:00,21.3,47,984.8
2026-03-06T04:00,24.1,41,985.5
2026-03-06T05:00,27.1,34,985.8
2026-03-06T06:00,30.1,29,985.9
2026-03-06T07:00,32.3,23,985.3
2026-03-06T08:00,33.5,21,984.4
2026-03-06T09:00,34.3,18,983.3
2026-03-06T10:00,34.6,17,982.6
2026-03-06T11:00,34.4,17,982.1
2026-03-06T12:00,33.6,19,981.9
2026-03-06T13:00,31.9,22,981.9
2026-03-06T14:00,29.6,28,982.2
2026-03-06T15:00,28.7,31,982.6
2026-03-06T16:00,28.1,32,983.0
2026-03-06T17:00,27.5,34,983.1
2026-03-06T18:00,26.7,35,983.3
2026-03-06T19:00,25.7,37,983.1
2026-03-06T20:00,25.1,38,983.2
2026-03-06T21:00,24.1,40,982.9
2026-03-06T22:00,22.9,42,982.8
2026-03-06T23:00,21.9,44,982.7
2026-03-07T00:00,20.9,51,982.7
2026-03-07T01:00,20.0,54,983.3
2026-03-07T02:00,20.1,54,984.0
2026-03-07T03:00,22.1,47,984.8
2026-03-07T04:00,25.5,38,985.6
2026-03-07T05:00,28.5,36,986.2
2026-03-07T06:00,31.4,31,986.1
2026-03-07T07:00,33.8,25,985.6
2026-03-07T08:00,35.3,21,984.6
2026-03-07T09:00,36.3,18,983.7
2026-03-07T10:00,36.7,16,983.1
2026-03-07T11:00,36.5,15,982.9
2026-03-07T12:00,35.6,17,982.8
2026-03-07T13:00,33.8,20,983.1
2026-03-07T14:00,31.6,26,983.4
2026-03-07T15:00,31.0,27,984.1
2026-03-07T16:00,29.5,28,984.6
2026-03-07T17:00,28.5,28,984.9
2026-03-07T18:00,27.3,32,984.8
2026-03-07T19:00,26.8,33,984.9
2026-03-07T20:00,26.3,34,984.4
2026-03-07T21:00,25.1,39,984.3
2026-03-07T22:00,24.1,43,984.1
2026-03-07T23:00,23.5,47,983.8
2026-03-08T00:00,22.4,51,984.0
2026-03-08T01:00,21.5,57,984.6
2026-03-08T02:00,21.4,59,985.6
2026-03-08T03:00,23.6,50,986.3
2026-03-08T04:00,27.2,41,987.3
2026-03-08T05:00,30.6,32,987.6
2026-03-08T06:00,33.3,25,987.5
2026-03-08T07:00,35.6,20,986.9
2026-03-08T08:00,36.7,17,985.9
2026-03-08T09:00,37.4,15,984.8
2026-03-08T10:00,37.5,13,984.0
2026-03-08T11:00,37.0,13,983.5
2026-03-08T12:00,36.0,15,983.5
2026-03-08T13:00,34.2,17,983.9
2026-03-08T14:00,32.7,19,984.6
2026-03-08T15:00,31.5,20,985.1
2026-03-08T16:00,30.8,20,985.4
2026-03-08T17:00,29.9,20,985.4
2026-03-08T18:00,29.0,24,985.6
2026-03-08T19:00,28.1,25,985.5
2026-03-08T20:00,27.3,26,984.9
2026-03-08T21:00,25.9,28,984.4
2026-03-08T22:00,24.5,32,983.8
2026-03-08T23:00,23.7,35,983.9
2026-03-09T00:00,21.8,45,984.3
2026-03-09T01:00,21.4,45,985.0
2026-03-09T02:00,21.2,48,985.6
2026-03-09T03:00,23.4,41,986.3
2026-03-09T04:00,27.8,29,987.2
2026-03-09T05:00,31.5,21,987.7
2026-03-09T06:00,34.3,15,987.6
2026-03-09T07:00,36.1,12,987.0
2026-03-09T08:00,36.9,10,986.1
2026-03-09T09:00,37.3,9,985.1
2026-03-09T10:00,37.3,8,984.4
2026-03-09T11:00,37.0,8,984.3
2026-03-09T12:00,36.0,9,983.9
2026-03-09T13:00,34.1,10,984.3
2026-03-09T14:00,32.5,11,984.9
2026-03-09T15:00,30.9,13,985.2
2026-03-09T16:00,29.3,16,985.7
2026-03-09T17:00,29.6,17,985.7
2026-03-09T18:00,28.6,19,985.9
2026-03-09T19:00,27.6,20,986.1
2026-03-09T20:00,27.3,20,986.0
2026-03-09T21:00,26.4,20,985.6
2026-03-09T22:00,25.1,22,985.5
2026-03-09T23:00,23.9,25,985.5
2026-03-10T00:00,21.5,33,986.1
2026-03-10T01:00,21.1,34,986.7
2026-03-10T02:00,21.7,31,987.2
2026-03-10T03:00,24.5,28,988.3
2026-03-10T04:00,29.4,19,989.4
2026-03-10T05:00,32.3,17,989.8
2026-03-10T06:00,33.8,16,989.7
2026-03-10T07:00,36.2,14,989.1
2026-03-10T08:00,37.2,12,988.0
2026-03-10T09:00,37.7,10,986.8
2026-03-10T10:00,37.6,10,985.8
2026-03-10T11:00,37.0,11,985.5
2026-03-10T12:00,36.0,12,985.1
2026-03-10T13:00,34.3,14,985.4
2026-03-10T14:00,32.0,18,985.8
2026-03-10T15:00,31.2,18,986.2
2026-03-10T16:00,31.3,17,986.4
2026-03-10T17:00,30.2,18,986.1
2026-03-10T18:00,29.6,21,986.2
2026-03-10T19:00,28.7,22,986.1
2026-03-10T20:00,26.5,23,986.0
2026-03-10T21:00,25.3,28,985.7
2026-03-10T22:00,23.8,30,985.5
2026-03-10T23:00,23.6,32,985.6
2026-03-11T00:00,24.1,32,985.8
2026-03-11T01:00,23.1,33,986.2
2026-03-11T02:00,23.3,36,986.7
2026-03-11T03:00,25.5,30,987.6
2026-03-11T04:00,29.6,23,988.4
2026-03-11T05:00,33.0,18,988.8
2026-03-11T06:00,34.6,16,988.5
2026-03-11T07:00,36.5,13,987.9
2026-03-11T08:00,37.1,12,986.4
2026-03-11T09:00,37.1,12,985.3
2026-03-11T10:00,37.0,12,984.4
2026-03-11T11:00,36.7,12,983.7
2026-03-11T12:00,35.7,12,983.5
2026-03-11T13:00,34.2,13,983.7
2026-03-11T14:00,32.5,14,984.0
2026-03-11T15:00,31.7,15,984.1
2026-03-11T16:00,30.6,16,984.4
2026-03-11T17:00,29.2,18,984.4
2026-03-11T18:00,28.1,21,984.7
2026-03-11T19:00,27.4,21,984.2
2026-03-11T20:00,26.4,22,984.1
2026-03-11T21:00,25.3,24,983.4
2026-03-11T22:00,24.6,26,982.7
2026-03-11T23:00,23.8,27,982.3
2026-03-12T00:00,23.6,29,982.5
2026-03-12T01:00,22.9,30,982.9
2026-03-12T02:00,22.9,30,983.4
2026-03-12T03:00,24.4,28,984.0
2026-03-12T04:00,27.2,23,984.8
2026-03-12T05:00,30.0,19,985.2
2026-03-12T06:00,32.6,16,984.7
2026-03-12T07:00,34.3,11,983.9
2026-03-12T08:00,35.2,11,982.9
2026-03-12T09:00,35.6,11,981.7
2026-03-12T10:00,35.7,11,981.2
2026-03-12T11:00,35.7,11,980.9
2026-03-12T12:00,35.0,10,980.8
2026-03-12T13:00,33.1,12,980.7
2026-03-12T14:00,31.4,13,981.3
2026-03-12T15:00,30.4,15,981.6
2026-03-12T16:00,29.1,18,982.2
2026-03-12T17:00,28.5,21,982.2
2026-03-12T18:00,28.7,22,982.6
2026-03-12T19:00,27.0,25,982.3
2026-03-12T20:00,25.9,28,982.1
2026-03-12T21:00,25.0,30,981.3
2026-03-12T22:00,23.9,33,980.8
2026-03-12T23:00,22.9,40,980.7
2026-03-13T00:00,22.9,43,980.7
2026-03-13T01:00,22.2,43,981.2
2026-03-13T02:00,22.0,43,981.9
2026-03-13T03:00,24.1,40,983.0
2026-03-13T04:00,27.2,35,983.9
2026-03-13T05:00,30.4,28,983.9
2026-03-13T06:00,32.8,24,983.5
2026-03-13T07:00,34.8,19,982.8
2026-03-13T08:00,35.7,18,981.8
2026-03-13T09:00,36.1,17,980.6
2026-03-13T10:00,36.0,16,980.0
2026-03-13T11:00,35.6,16,979.6
2026-03-13T12:00,35.3,16,979.5
2026-03-13T13:00,33.9,16,979.8
2026-03-13T14:00,32.0,18,980.1
2026-03-13T15:00,31.1,20,980.5
2026-03-13T16:00,30.5,21,980.9
2026-03-13T17:00,29.8,22,981.2
2026-03-13T18:00,27.7,28,981.2
2026-03-13T19:00,27.3,30,981.1
2026-03-13T20:00,27.3,29,980.8
2026-03-13T21:00,26.1,31,980.2
2026-03-13T22:00,24.9,35,980.0
2026-03-13T23:00,24.4,35,979.8
2026-03-14T00:00,23.6,38,979.9
2026-03-14T01:00,22.6,40,980.6
2026-03-14T02:00,22.5,41,981.2
2026-03-14T03:00,24.9,35,982.3
2026-03-14T04:00,28.0,29,982.9
2026-03-14T05:00,30.5,25,983.3
2026-03-14T06:00,32.7,22,983.0
2026-03-14T07:00,34.5,18,982.1
2026-03-14T08:00,35.2,17,980.9
2026-03-14T09:00,35.8,16,979.9
2026-03-14T10:00,35.7,15,979.0
2026-03-14T11:00,35.4,15,978.5
2026-03-14T12:00,34.4,15,978.4
2026-03-14T13:00,33.2,17,978.8
2026-03-14T14:00,31.3,19,979.0
2026-03-14T15:00,30.4,20,979.7
2026-03-14T16:00,29.7,19,980.4
2026-03-14T17:00,28.5,21,980.8
2026-03-14T18:00,27.5,25,981.4
2026-03-14T19:00,26.6,27,981.2
2026-03-14T20:00,25.7,28,980.9
2026-03-14T21:00,24.8,29,980.0
2026-03-14T22:00,23.9,31,979.9
2026-03-14T23:00,23.3,33,979.9
2026-03-15T00:00,22.7,37,980.1
2026-03-15T01:00,22.8,36,980.6
2026-03-15T02:00,22.8,36,981.2
2026-03-15T03:00,24.9,33,982.5
2026-03-15T04:00,27.7,28,983.5
2026-03-15T05:00,30.0,24,983.8
2026-03-15T06:00,31.4,22,983.7
2026-03-15T07:00,33.2,18,983.0
2026-03-15T08:00,34.3,16,981.9
2026-03-15T09:00,34.8,14,980.7
2026-03-15T10:00,34.6,14,980.0
2026-03-15T11:00,34.6,14,979.6
2026-03-15T12:00,33.8,15,979.4
2026-03-15T13:00,32.4,17,979.1
2026-03-15T14:00,30.5,20,979.5
2026-03-15T15:00,29.3,23,980.1
2026-03-15T16:00,28.0,25,981.0
2026-03-15T17:00,27.2,25,981.2
2026-03-15T18:00,26.4,25,981.4
2026-03-15T19:00,25.0,27,981.0
2026-03-15T20:00,24.6,25,980.4
2026-03-15T21:00,23.8,23,979.6
2026-03-15T22:00,22.9,23,979.4
2026-03-15T23:00,22.1,25,979.4
2026-03-16T00:00,21.3,29,979.0
2026-03-16T01:00,20.8,31,979.6
2026-03-16T02:00,20.5,32,980.4
2026-03-16T03:00,23.1,27,981.4
2026-03-16T04:00,26.9,21,982.1
2026-03-16T05:00,30.1,19,982.3
2026-03-16T06:00,32.2,16,982.0
2026-03-16T07:00,33.7,12,981.1
2026-03-16T08:00,34.7,9,980.2
2026-03-16T09:00,34.9,9,978.9
2026-03-16T10:00,34.9,8,978.3
2026-03-16T11:00,34.6,7,978.2
2026-03-16T12:00,33.5,8,978.4
2026-03-16T13:00,31.8,11,978.7
2026-03-16T14:00,30.1,13,979.1
2026-03-16T15:00,28.2,17,979.5
2026-03-16T16:00,27.6,19,979.8
2026-03-16T17:00,27.8,16,980.5
2026-03-16T18:00,26.2,19,980.7
2026-03-16T19:00,24.8,22,981.3
2026-03-16T20:00,24.2,27,980.9
2026-03-16T21:00,22.8,32,980.5
2026-03-16T22:00,22.1,37,980.2
2026-03-16T23:00,21.3,44,979.8
2026-03-17T00:00,20.7,54,979.7
2026-03-17T01:00,20.6,56,980.1
2026-03-17T02:00,20.8,55,980.5
2026-03-17T03:00,22.6,49,981.6
2026-03-17T04:00,25.0,41,982.6
2026-03-17T05:00,27.5,33,982.9
2026-03-17T06:00,29.4,27,982.6
2026-03-17T07:00,31.7,20,982.2
2026-03-17T08:00,32.8,17,981.3
2026-03-17T09:00,33.6,15,980.6
2026-03-17T10:00,33.8,14,980.0
2026-03-17T11:00,33.7,14,979.6
2026-03-17T12:00,32.8,14,979.7
2026-03-17T13:00,31.5,21,979.9
2026-03-17T14:00,29.9,22,980.3
2026-03-17T15:00,28.9,21,980.8
2026-03-17T16:00,28.0,21,981.3
2026-03-17T17:00,27.5,21,981.3
2026-03-17T18:00,27.2,22,981.2
2026-03-17T19:00,25.9,24,981.1
2026-03-17T20:00,24.6,26,980.8
2026-03-17T21:00,23.8,27,980.3
2026-03-17T22:00,22.9,29,980.3
2026-03-17T23:00,21.6,34,980.4
2026-03-18T00:00,21.6,37,980.8
2026-03-18T01:00,20.9,39,981.2
2026-03-18T02:00,21.0,39,982.0
2026-03-18T03:00,22.9,35,983.0
2026-03-18T04:00,26.5,25,983.7
2026-03-18T05:00,29.0,23,983.8
2026-03-18T06:00,31.1,23,984.2
2026-03-18T07:00,33.1,20,983.7
2026-03-18T08:00,33.9,18,983.0
2026-03-18T09:00,33.7,17,982.1
2026-03-18T10:00,34.0,15,981.1
2026-03-18T11:00,33.4,16,980.9
2026-03-18T12:00,30.5,23,981.3
2026-03-18T13:00,27.7,30,981.9
2026-03-18T14:00,26.5,32,982.3
2026-03-18T15:00,26.0,33,982.9
2026-03-18T16:00,26.2,32,983.4
2026-03-18T17:00,25.4,34,983.5
2026-03-18T18:00,24.9,39,983.8
2026-03-18T19:00,24.6,40,983.9
2026-03-18T20:00,23.8,42,983.8
2026-03-18T21:00,23.3,43,983.3
2026-03-18T22:00,23.1,43,983.5
2026-03-18T23:00,20.7,64,984.2
2026-03-19T00:00,21.2,64,985.1
2026-03-19T01:00,21.1,62,985.8
2026-03-19T02:00,19.9,70,986.7
2026-03-19T03:00,19.0,88,986.0
2026-03-19T04:00,20.8,74,987.1
2026-03-19T05:00,22.7,62,986.8
2026-03-19T06:00,24.5,54,986.4
2026-03-19T07:00,26.7,47,985.6
2026-03-19T08:00,28.2,40,984.6
2026-03-19T09:00,29.2,35,983.1
2026-03-19T10:00,29.2,33,982.1
2026-03-19T11:00,28.2,33,982.4
2026-03-19T12:00,26.4,37,983.2
2026-03-19T13:00,20.7,73,983.9
2026-03-19T14:00,20.3,74,983.8
2026-03-19T15:00,19.8,76,984.1
2026-03-19T16:00,19.8,81,984.6
2026-03-19T17:00,19.7,83,985.2
2026-03-19T18:00,20.3,80,984.6
2026-03-19T19:00,20.0,83,984.4
2026-03-19T20:00,19.6,87,983.8
2026-03-19T21:00,19.5,87,983.1
2026-03-19T22:00,18.5,92,982.7
2026-03-19T23:00,17.4,94,982.8
2026-03-20T00:00,16.4,96,982.9
2026-03-20T01:00,16.5,95,983.5
2026-03-20T02:00,16.8,94,984.2
2026-03-20T03:00,18.3,86,984.9
2026-03-20T04:00,20.5,75,985.5
2026-03-20T05:00,22.5,65,985.8
2026-03-20T06:00,24.3,56,985.8
2026-03-20T07:00,25.3,51,984.8
2026-03-20T08:00,26.0,47,983.9
2026-03-20T09:00,26.6,45,982.9
2026-03-20T10:00,26.8,43,982.2
2026-03-20T11:00,27.1,41,981.5
2026-03-20T12:00,27.0,41,981.4
2026-03-20T13:00,25.0,54,981.8
2026-03-20T14:00,23.5,54,982.2
2026-03-20T15:00,22.5,57,982.6
2026-03-20T16:00,21.9,57,983.6
2026-03-20T17:00,21.4,58,984.0
2026-03-20T18:00,20.7,65,983.8
2026-03-20T19:00,20.7,63,983.8
2026-03-20T20:00,20.1,66,983.2
2026-03-20T21:00,20.0,67,983.0
2026-03-20T22:00,19.8,65,983.0
2026-03-20T23:00,18.9,69,982.7
2026-03-21T00:00,18.7,76,982.9
2026-03-21T01:00,18.3,78,983.8
2026-03-21T02:00,18.9,75,984.9
2026-03-21T03:00,21.7,64,985.8
2026-03-21T04:00,24.6,51,986.7
2026-03-21T05:00,26.7,42,987.3
2026-03-21T06:00,28.6,34,987.2
2026-03-21T07:00,29.2,31,986.6
2026-03-21T08:00,29.8,28,985.5
2026-03-21T09:00,30.2,26,984.4
2026-03-21T10:00,30.1,26,983.7
2026-03-21T11:00,29.5,26,983.3
2026-03-21T12:00,29.1,31,983.7
2026-03-21T13:00,26.4,40,984.3
2026-03-21T14:00,24.8,46,984.8
2026-03-21T15:00,24.6,49,985.0
2026-03-21T16:00,24.0,52,985.5
2026-03-21T17:00,23.2,54,985.4
2026-03-21T18:00,23.4,57,985.6
2026-03-21T19:00,22.7,51,985.7
2026-03-21T20:00,21.9,52,985.4
2026-03-21T21:00,20.9,57,984.9
2026-03-21T22:00,20.4,59,984.6
2026-03-21T23:00,19.7,62,984.5
2026-03-22T00:00,19.8,65,984.4
2026-03-22T01:00,19.2,71,984.9
2026-03-22T02:00,19.7,70,985.5
2026-03-22T03:00,22.5,61,986.2
2026-03-22T04:00,25.7,46,986.9
2026-03-22T05:00,28.3,38,987.1
2026-03-22T06:00,29.9,34,986.7
2026-03-22T07:00,31.0,32,986.4
2026-03-22T08:00,31.7,31,985.2
2026-03-22T09:00,32.1,29,984.2
2026-03-22T10:00,32.1,30,983.5
2026-03-22T11:00,32.0,30,983.1
2026-03-22T12:00,32.1,28,982.9
2026-03-22T13:00,26.9,46,984.1
2026-03-22T14:00,25.4,52,984.6
2026-03-22T15:00,24.2,61,984.5
2026-03-22T16:00,24.1,61,984.6
2026-03-22T17:00,23.2,71,984.9
2026-03-22T18:00,23.3,64,984.9
2026-03-22T19:00,24.0,67,984.1
2026-03-22T20:00,23.8,66,983.6
2026-03-22T21:00,23.5,64,983.2
2026-03-22T22:00,23.2,65,982.9
2026-03-22T23:00,23.1,63,983.1
2026-03-23T00:00,23.3,68,982.8
2026-03-23T01:00,23.5,64,983.5
2026-03-23T02:00,24.3,58,984.3
2026-03-23T03:00,25.6,52,985.1
2026-03-23T04:00,27.6,46,985.6
2026-03-23T05:00,29.0,40,985.9
2026-03-23T06:00,30.9,33,985.4
2026-03-23T07:00,32.2,30,984.6
2026-03-23T08:00,33.0,27,983.7
2026-03-23T09:00,32.7,27,982.8
2026-03-23T10:00,32.4,27,982.4
2026-03-23T11:00,32.2,28,981.9
2026-03-23T12:00,31.5,29,982.2
2026-03-23T13:00,30.6,30,982.4
2026-03-23T14:00,29.6,32,983.0
2026-03-23T15:00,28.6,35,983.2
2026-03-23T16:00,27.5,38,983.4
2026-03-23T17:00,27.0,38,983.6
2026-03-23T18:00,26.5,42,983.6
2026-03-23T19:00,26.5,40,983.7
2026-03-23T20:00,26.3,40,983.5
2026-03-23T21:00,25.7,41,983.0
2026-03-23T22:00,25.0,44,982.9
2026-03-23T23:00,24.2,46,982.5
2026-03-24T00:00,23.4,51,982.9
2026-03-24T01:00,23.4,50,983.3
2026-03-24T02:00,23.6,50,984.0
2026-03-24T03:00,25.6,44,984.8
2026-03-24T04:00,28.4,37,985.8
2026-03-24T05:00,31.1,29,986.0
2026-03-24T06:00,32.2,25,985.3
2026-03-24T07:00,33.8,21,984.3
2026-03-24T08:00,34.5,20,983.3
2026-03-24T09:00,34.8,18,982.5
2026-03-24T10:00,34.8,18,981.5
2026-03-24T11:00,34.6,17,980.9
2026-03-24T12:00,34.0,18,981.1
2026-03-24T13:00,33.0,18,980.9
2026-03-24T14:00,30.7,21,981.1
2026-03-24T15:00,29.7,24,981.7
2026-03-24T16:00,29.7,21,982.1
2026-03-24T17:00,29.4,20,981.9
2026-03-24T18:00,28.0,25,981.9
2026-03-24T19:00,28.0,24,981.9
2026-03-24T20:00,27.1,25,981.6
2026-03-24T21:00,26.3,25,981.3
2026-03-24T22:00,25.6,26,981.3
2026-03-24T23:00,24.8,29,981.0
2026-03-25T00:00,23.4,34,981.3
2026-03-25T01:00,23.6,34,981.7
2026-03-25T02:00,24.1,34,982.7
2026-03-25T03:00,26.2,33,983.9
2026-03-25T04:00,29.0,32,984.6
2026-03-25T05:00,31.3,30,984.9
2026-03-25T06:00,33.2,25,984.6
2026-03-25T07:00,34.3,22,983.7
2026-03-25T08:00,34.8,21,982.6
2026-03-25T09:00,34.7,21,981.4
2026-03-25T10:00,33.8,22,981.4
2026-03-25T11:00,32.8,23,981.2
2026-03-25T12:00,33.5,21,981.0
2026-03-25T13:00,32.5,23,981.1
2026-03-25T14:00,31.4,25,981.6
2026-03-25T15:00,30.2,27,982.0
2026-03-25T16:00,29.6,28,982.5
2026-03-25T17:00,29.1,30,982.9
2026-03-25T18:00,28.6,31,983.7
2026-03-25T19:00,27.4,33,983.5
2026-03-25T20:00,26.9,35,983.2
2026-03-25T21:00,26.5,35,983.0
2026-03-25T22:00,25.6,36,983.0
2026-03-25T23:00,24.9,38,983.1
2026-03-26T00:00,24.1,43,983.5
2026-03-26T01:00,23.7,44,984.4
2026-03-26T02:00,24.4,43,985.1
2026-03-26T03:00,26.2,39,985.9
2026-03-26T04:00,29.2,33,986.4
2026-03-26T05:00,31.5,28,986.7
2026-03-26T06:00,33.3,24,986.7
2026-03-26T07:00,34.7,21,985.9
2026-03-26T08:00,35.5,18,984.9
2026-03-26T09:00,35.8,17,983.7
2026-03-26T10:00,35.8,16,982.8
2026-03-26T11:00,35.7,15,982.4
2026-03-26T12:00,34.8,16,982.2
2026-03-26T13:00,33.6,18,982.8
2026-03-26T14:00,32.4,20,983.2
2026-03-26T15:00,31.7,22,983.8
2026-03-26T16:00,30.9,23,984.4
2026-03-26T17:00,29.7,29,984.9
2026-03-26T18:00,28.9,35,985.0
2026-03-26T19:00,28.1,38,984.8
2026-03-26T20:00,27.4,40,984.3
2026-03-26T21:00,26.7,42,983.5
2026-03-26T22:00,25.9,45,983.0
2026-03-26T23:00,25.0,49,982.8
2026-03-27T00:00,24.7,51,982.6
2026-03-27T01:00,24.1,54,983.3
2026-03-27T02:00,24.1,56,984.2
2026-03-27T03:00,25.3,55,984.9
2026-03-27T04:00,27.7,48,985.3
2026-03-27T05:00,30.2,36,985.4
2026-03-27T06:00,31.5,32,985.1
2026-03-27T07:00,33.0,28,984.2
2026-03-27T08:00,33.8,25,983.0
2026-03-27T09:00,34.1,24,981.7
2026-03-27T10:00,34.0,24,980.7
2026-03-27T11:00,33.7,24,980.1
2026-03-27T12:00,33.0,25,980.2
2026-03-27T13:00,32.1,27,980.3
2026-03-27T14:00,30.9,29,980.6
2026-03-27T15:00,30.1,31,981.2
2026-03-27T16:00,29.4,32,981.5
2026-03-27T17:00,28.7,35,981.5
2026-03-27T18:00,28.1,37,981.2
2026-03-27T19:00,27.9,38,980.7
2026-03-27T20:00,27.4,40,980.2
2026-03-27T21:00,26.5,42,979.6
2026-03-27T22:00,25.4,46,978.9
2026-03-27T23:00,25.1,53,978.6
2026-03-28T00:00,24.0,53,978.1
2026-03-28T01:00,23.9,52,978.7
2026-03-28T02:00,24.6,50,979.3
2026-03-28T03:00,27.5,43,980.5
2026-03-28T04:00,29.7,37,980.7
2026-03-28T05:00,31.5,34,980.6
2026-03-28T06:00,32.5,33,980.5
2026-03-28T07:00,33.6,30,979.8
2026-03-28T08:00,34.7,26,978.6
2026-03-28T09:00,35.2,24,977.1
2026-03-28T10:00,35.4,24,976.4
2026-03-28T11:00,35.2,24,975.8
2026-03-28T12:00,34.2,24,975.7
2026-03-28T13:00,33.4,26,975.9
2026-03-28T14:00,32.1,29,976.4
2026-03-28T15:00,31.3,31,976.6
2026-03-28T16:00,30.5,33,977.3
2026-03-28T17:00,29.5,36,977.3
2026-03-28T18:00,30.0,36,977.4
2026-03-28T19:00,29.6,39,977.2
2026-03-28T20:00,29.1,39,977.3
2026-03-28T21:00,28.3,40,977.0
2026-03-28T22:00,27.4,42,977.0
2026-03-28T23:00,26.4,43,976.7
2026-03-29T00:00,25.9,49,977.4
2026-03-29T01:00,25.6,49,978.2
2026-03-29T02:00,25.9,49,979.2
2026-03-29T03:00,27.1,47,980.1
2026-03-29T04:00,28.3,42,981.0
2026-03-29T05:00,29.6,32,981.3
2026-03-29T06:00,31.2,26,981.3
2026-03-29T07:00,32.5,22,981.2
2026-03-29T08:00,33.6,20,980.3
2026-03-29T09:00,33.9,21,979.4
2026-03-29T10:00,34.1,23,978.4
2026-03-29T11:00,34.3,20,977.7
2026-03-29T12:00,34.4,19,977.6
2026-03-29T13:00,33.6,17,977.7
2026-03-29T14:00,32.1,23,978.5
2026-03-29T15:00,31.4,24,979.0
2026-03-29T16:00,30.5,24,979.6
2026-03-29T17:00,29.4,27,979.8
2026-03-29T18:00,28.9,35,980.3
2026-03-29T19:00,28.8,38,979.9
2026-03-29T20:00,28.9,42,979.5
2026-03-29T21:00,28.4,43,979.1
2026-03-29T22:00,27.8,43,979.0
2026-03-29T23:00,27.1,44,979.3
2026-03-30T00:00,26.7,49,979.4
2026-03-30T01:00,25.5,53,980.2
2026-03-30T02:00,25.3,54,981.1
2026-03-30T03:00,25.0,52,982.7
2026-03-30T04:00,25.0,53,983.5
2026-03-30T05:00,26.4,50,983.4
2026-03-30T06:00,26.4,58,983.8
2026-03-30T07:00,30.9,41,983.0
2026-03-30T08:00,30.4,38,982.9
2026-03-30T09:00,32.8,34,981.3
2026-03-30T10:00,28.4,43,981.2
2026-03-30T11:00,30.6,35,981.3
2026-03-30T12:00,30.3,32,979.7
2026-03-30T13:00,27.0,46,979.9
2026-03-30T14:00,25.2,53,981.4
2026-03-30T15:00,25.2,61,980.7
2026-03-30T16:00,24.0,65,981.8
2026-03-30T17:00,23.8,64,982.2
2026-03-30T18:00,24.9,60,982.1
2026-03-30T19:00,22.4,68,982.3
2026-03-30T20:00,22.2,70,981.5
2026-03-30T21:00,22.4,66,981.0
2026-03-30T22:00,21.9,69,980.8
2026-03-30T23:00,21.7,70,981.0
2026-03-31T00:00,23.1,69,980.8
2026-03-31T01:00,23.3,68,981.6
2026-03-31T02:00,24.1,68,982.5
2026-03-31T03:00,26.4,60,983.5
2026-03-31T04:00,27.9,54,983.9
2026-03-31T05:00,29.4,46,984.1
2026-03-31T06:00,31.3,39,983.7
2026-03-31T07:00,32.0,34,983.3
2026-03-31T08:00,32.3,30,982.4
2026-03-31T09:00,32.2,32,981.2
2026-03-31T10:00,32.9,31,980.0
2026-03-31T11:00,32.4,29,979.1
2026-03-31T12:00,32.3,28,978.7
2026-03-31T13:00,30.2,33,979.2
2026-03-31T14:00,28.6,39,980.0
2026-03-31T15:00,28.1,39,981.1
2026-03-31T16:00,27.5,40,982.0
2026-03-31T17:00,26.5,44,982.5
2026-03-31T18:00,25.7,49,982.5
2026-03-31T19:00,24.8,50,982.6
2026-03-31T20:00,23.7,52,982.1
2026-03-31T21:00,22.8,52,981.5
2026-03-31T22:00,22.2,51,981.5
2026-03-31T23:00,21.6,53,981.2
2026-04-01T00:00,21.6,61,981.0
2026-04-01T01:00,21.4,60,981.9
2026-04-01T02:00,21.8,60,982.8
2026-04-01T03:00,23.6,54,983.7
2026-04-01T04:00,26.4,43,984.5
2026-04-01T05:00,28.9,34,984.8
2026-04-01T06:00,31.0,31,984.4
2026-04-01T07:00,32.0,31,983.7
2026-04-01T08:00,33.1,26,982.6
2026-04-01T09:00,33.4,25,981.6
2026-04-01T10:00,33.5,25,980.5
2026-04-01T11:00,33.4,24,979.7
2026-04-01T12:00,33.2,24,979.7
2026-04-01T13:00,31.3,29,979.9
2026-04-01T14:00,30.0,30,980.6
2026-04-01T15:00,28.6,35,980.7
2026-04-01T16:00,27.0,45,981.2
2026-04-01T17:00,26.5,46,981.6
2026-04-01T18:00,26.4,42,981.7
2026-04-01T19:00,26.6,37,981.7
2026-04-01T20:00,25.6,39,981.7
2026-04-01T21:00,24.9,39,980.9
2026-04-01T22:00,24.1,40,981.0
2026-04-01T23:00,23.8,39,981.1
2026-04-02T00:00,23.9,40,981.5
2026-04-02T01:00,23.3,42,981.9
2026-04-02T02:00,23.6,42,982.8
2026-04-02T03:00,25.4,39,983.5
2026-04-02T04:00,27.5,39,983.8
2026-04-02T05:00,29.4,33,983.6
2026-04-02T06:00,31.0,30,984.1
2026-04-02T07:00,32.7,27,983.9
2026-04-02T08:00,33.4,25,982.8
2026-04-02T09:00,33.9,23,981.4
2026-04-02T10:00,33.5,22,981.5
2026-04-02T11:00,32.3,25,981.2
2026-04-02T12:00,31.4,28,980.6
2026-04-02T13:00,29.9,31,981.2
2026-04-02T14:00,29.2,33,981.4
2026-04-02T15:00,27.5,40,982.0
2026-04-02T16:00,25.3,53,982.9
2026-04-02T17:00,24.5,57,983.9
2026-04-02T18:00,24.0,58,983.9
2026-04-02T19:00,23.6,59,983.7
2026-04-02T20:00,23.3,60,983.5
2026-04-02T21:00,22.7,61,983.5
2026-04-02T22:00,22.2,63,982.7
2026-04-02T23:00,21.7,68,981.7
2026-04-03T00:00,20.6,80,982.0
2026-04-03T01:00,20.8,79,982.4
2026-04-03T02:00,21.5,73,982.7
2026-04-03T03:00,23.6,61,983.9
2026-04-03T04:00,24.9,54,984.4
2026-04-03T05:00,25.1,52,984.6
2026-04-03T06:00,25.0,51,984.3
2026-04-03T07:00,22.5,67,984.8
2026-04-03T08:00,24.6,49,983.8
2026-04-03T09:00,25.2,50,982.8
2026-04-03T10:00,22.9,65,982.8
2026-04-03T11:00,23.6,51,981.8
2026-04-03T12:00,25.5,49,981.4
2026-04-03T13:00,24.2,57,981.5
2026-04-03T14:00,23.5,62,982.0
2026-04-03T15:00,23.0,64,982.2
2026-04-03T16:00,22.6,65,982.8
2026-04-03T17:00,22.5,65,983.0
2026-04-03T18:00,22.2,78,982.8
2026-04-03T19:00,21.7,82,982.7
2026-04-03T20:00,21.4,83,982.2
2026-04-03T21:00,21.3,82,981.8
2026-04-03T22:00,21.2,82,981.5
2026-04-03T23:00,20.7,83,981.6
2026-04-04T00:00,20.7,85,981.9
2026-04-04T01:00,20.1,88,982.4
2026-04-04T02:00,20.8,85,983.2
2026-04-04T03:00,23.0,71,984.0
2026-04-04T04:00,25.2,50,984.7
2026-04-04T05:00,26.7,40,984.9
2026-04-04T06:00,27.4,37,984.8
2026-04-04T07:00,28.6,31,984.0
2026-04-04T08:00,29.4,26,983.0
2026-04-04T09:00,29.8,24,981.9
2026-04-04T10:00,29.9,22,980.7
2026-04-04T11:00,29.7,22,980.3
2026-04-04T12:00,29.7,20,980.2
2026-04-04T13:00,29.6,17,980.2
2026-04-04T14:00,27.6,20,980.8
2026-04-04T15:00,26.5,23,981.3
2026-04-04T16:00,25.4,25,982.3
2026-04-04T17:00,24.5,29,982.8
2026-04-04T18:00,24.8,32,982.6
2026-04-04T19:00,24.6,33,982.4
2026-04-04T20:00,24.0,35,982.2
2026-04-04T21:00,23.4,37,981.7
2026-04-04T22:00,22.8,39,981.9
2026-04-04T23:00,21.8,42,982.1
2026-04-05T00:00,20.6,49,981.9
2026-04-05T01:00,20.5,49,982.6
2026-04-05T02:00,21.1,48,983.4
2026-04-05T03:00,23.6,41,984.2
2026-04-05T04:00,26.2,35,984.5
2026-04-05T05:00,28.4,27,984.7
2026-04-05T06:00,29.9,23,984.6
2026-04-05T07:00,31.0,21,984.1
2026-04-05T08:00,31.5,20,983.2
2026-04-05T09:00,31.5,20,981.8
2026-04-05T10:00,32.0,19,980.8
2026-04-05T11:00,32.0,19,980.1
2026-04-05T12:00,31.1,20,980.1
2026-04-05T13:00,30.5,20,980.2
2026-04-05T14:00,29.5,22,980.6
2026-04-05T15:00,28.3,24,981.2
2026-04-05T16:00,27.5,26,981.5
2026-04-05T17:00,26.6,28,981.6
2026-04-05T18:00,26.5,29,981.7
2026-04-05T19:00,25.8,30,981.9
2026-04-05T20:00,25.2,30,981.7
2026-04-05T21:00,24.6,31,981.4
2026-04-05T22:00,23.5,34,981.5
2026-04-05T23:00,22.9,37,981.6
2026-04-06T00:00,23.3,38,981.3
2026-04-06T01:00,22.7,40,981.8
2026-04-06T02:00,23.1,40,982.4
2026-04-06T03:00,24.9,36,983.4
2026-04-06T04:00,27.8,31,984.4
2026-04-06T05:00,29.4,27,984.6
2026-04-06T06:00,31.0,25,984.6
2026-04-06T07:00,32.0,22,983.8
2026-04-06T08:00,32.8,19,982.6
2026-04-06T09:00,33.4,17,981.3
2026-04-06T10:00,33.2,18,980.1
2026-04-06T11:00,33.1,18,979.1
2026-04-06T12:00,32.4,15,979.0
2026-04-06T13:00,31.5,17,979.2
2026-04-06T14:00,29.7,21,979.2
2026-04-06T15:00,28.2,23,980.0
2026-04-06T16:00,27.0,26,980.9
2026-04-06T17:00,26.3,29,981.3
2026-04-06T18:00,26.3,32,980.7
2026-04-06T19:00,26.3,32,980.7
2026-04-06T20:00,26.0,38,980.7
2026-04-06T21:00,20.3,70,980.8
2026-04-06T22:00,20.6,72,980.0
2026-04-06T23:00,20.2,72,979.7
2026-04-07T00:00,20.4,82,980.3
2026-04-07T01:00,19.5,85,980.9
2026-04-07T02:00,19.4,81,981.0
2026-04-07T03:00,20.5,79,981.4
2026-04-07T04:00,22.4,74,981.7
2026-04-07T05:00,22.9,73,981.5
2026-04-07T06:00,26.0,63,981.2
2026-04-07T07:00,27.8,56,980.6
2026-04-07T08:00,26.2,58,979.7
2026-04-07T09:00,27.6,53,978.4
2026-04-07T10:00,29.4,41,976.6
2026-04-07T11:00,29.9,36,975.8
2026-04-07T12:00,20.7,78,975.9
2026-04-07T13:00,22.3,74,976.8
2026-04-07T14:00,22.2,73,977.0
2026-04-07T15:00,22.0,74,977.4
2026-04-07T16:00,21.8,73,978.0
2026-04-07T17:00,21.4,73,978.5
2026-04-07T18:00,21.8,75,979.3
2026-04-07T19:00,20.7,83,979.2
2026-04-07T20:00,20.0,87,979.1
2026-04-07T21:00,20.6,80,978.6
2026-04-07T22:00,20.0,82,979.3
2026-04-07T23:00,19.2,83,978.7
2026-04-08T00:00,20.6,87,978.6
2026-04-08T01:00,20.7,83,979.2
2026-04-08T02:00,21.6,79,979.9
2026-04-08T03:00,23.7,64,980.9
2026-04-08T04:00,25.5,53,981.4
2026-04-08T05:00,27.2,39,981.8
2026-04-08T06:00,28.2,36,981.6
2026-04-08T07:00,29.3,30,981.5
2026-04-08T08:00,30.4,27,980.9
2026-04-08T09:00,30.8,24,980.1
2026-04-08T10:00,29.9,25,979.3
2026-04-08T11:00,29.9,25,978.9
2026-04-08T12:00,29.3,30,978.8
2026-04-08T13:00,27.7,36,978.9
2026-04-08T14:00,26.3,46,979.3
2026-04-08T15:00,24.3,51,979.8
2026-04-08T16:00,25.0,52,980.7
2026-04-08T17:00,23.0,58,981.3
2026-04-08T18:00,23.7,50,981.5
2026-04-08T19:00,23.1,46,982.1
2026-04-08T20:00,22.9,46,982.2
2026-04-08T21:00,22.1,48,981.8
2026-04-08T22:00,21.0,51,981.9
2026-04-08T23:00,19.9,55,982.1
2026-04-09T00:00,20.7,55,983.0
2026-04-09T01:00,20.2,57,983.6
2026-04-09T02:00,20.9,55,984.6
2026-04-09T03:00,23.6,49,985.6
2026-04-09T04:00,26.8,40,986.1
2026-04-09T05:00,29.4,22,986.7
2026-04-09T06:00,30.9,18,986.6
2026-04-09T07:00,32.2,15,986.1
2026-04-09T08:00,32.7,13,985.8
2026-04-09T09:00,32.7,12,984.9
2026-04-09T10:00,33.1,11,984.4
2026-04-09T11:00,32.3,11,984.0
2026-04-09T12:00,31.5,12,984.3
2026-04-09T13:00,29.6,16,984.6
2026-04-09T14:00,27.7,19,985.2
2026-04-09T15:00,26.5,21,986.2
2026-04-09T16:00,25.6,23,986.6
2026-04-09T17:00,24.7,25,986.9
2026-04-09T18:00,24.3,28,987.4
2026-04-09T19:00,23.5,30,987.2
2026-04-09T20:00,22.9,32,987.1
2026-04-09T21:00,22.4,33,986.4
2026-04-09T22:00,21.4,36,986.3
2026-04-09T23:00,20.4,38,986.3
2026-04-10T00:00,21.1,39,986.7
2026-04-10T01:00,20.9,40,987.1
2026-04-10T02:00,21.6,38,987.8
2026-04-10T03:00,23.7,34,988.5
2026-04-10T04:00,26.5,30,989.0
2026-04-10T05:00,29.5,23,989.3
2026-04-10T06:00,32.0,15,989.1
2026-04-10T07:00,33.4,13,988.8
2026-04-10T08:00,34.3,13,987.8
2026-04-10T09:00,34.6,13,986.6
2026-04-10T10:00,34.7,13,985.9
2026-04-10T11:00,34.6,13,985.1
2026-04-10T12:00,33.7,13,984.7
2026-04-10T13:00,32.0,16,984.8
2026-04-10T14:00,30.6,17,984.8
2026-04-10T15:00,29.9,19,985.1
2026-04-10T16:00,28.8,21,985.4
2026-04-10T17:00,28.2,22,985.5
2026-04-10T18:00,27.4,24,985.4
2026-04-10T19:00,26.3,27,984.7
2026-04-10T20:00,25.0,29,984.1
2026-04-10T21:00,24.4,31,983.5
2026-04-10T22:00,23.5,33,983.2
2026-04-10T23:00,23.3,32,983.1
2026-04-11T00:00,23.8,32,983.2
2026-04-11T01:00,22.9,34,983.4
2026-04-11T02:00,23.3,34,984.2
2026-04-11T03:00,26.1,29,985.1
2026-04-11T04:00,29.2,22,985.7
2026-04-11T05:00,32.5,17,985.4
2026-04-11T06:00,34.7,19,985.1
2026-04-11T07:00,35.9,18,984.2
2026-04-11T08:00,36.6,18,983.2
2026-04-11T09:00,37.3,17,981.8
2026-04-11T10:00,36.9,18,981.0
2026-04-11T11:00,37.2,16,980.2
2026-04-11T12:00,36.5,16,980.1
2026-04-11T13:00,35.0,18,980.2
2026-04-11T14:00,33.6,19,980.8
2026-04-11T15:00,32.8,21,981.5
2026-04-11T16:00,30.1,26,982.5
2026-04-11T17:00,29.4,29,982.8
2026-04-11T18:00,28.8,31,983.0
2026-04-11T19:00,28.2,31,982.9
2026-04-11T20:00,27.1,33,982.6
2026-04-11T21:00,26.2,35,982.0
2026-04-11T22:00,25.3,39,981.6
2026-04-11T23:00,24.7,41,981.4
2026-04-12T00:00,24.4,44,981.4
2026-04-12T01:00,24.1,44,982.0
2026-04-12T02:00,24.9,42,982.8
2026-04-12T03:00,27.1,37,983.5
2026-04-12T04:00,29.5,32,984.0
2026-04-12T05:00,31.8,26,984.0
2026-04-12T06:00,33.5,17,983.7
2026-04-12T07:00,35.0,14,983.3
2026-04-12T08:00,35.6,13,982.4
2026-04-12T09:00,35.9,13,981.2
2026-04-12T10:00,36.1,13,980.6
2026-04-12T11:00,36.2,13,980.1
2026-04-12T12:00,35.1,13,979.9
2026-04-12T13:00,33.7,14,980.1
2026-04-12T14:00,31.6,30,980.6
2026-04-12T15:00,30.3,24,981.1
2026-04-12T16:00,30.0,21,981.7
2026-04-12T17:00,28.8,22,981.8
2026-04-12T18:00,28.1,27,981.7
2026-04-12T19:00,27.5,25,981.8
2026-04-12T20:00,27.3,25,981.1
2026-04-12T21:00,25.9,28,980.6
2026-04-12T22:00,24.7,29,980.5
2026-04-12T23:00,24.0,31,980.3
2026-04-13T00:00,23.7,35,980.4
2026-04-13T01:00,23.3,37,980.7
2026-04-13T02:00,24.2,36,981.5
2026-04-13T03:00,27.6,29,982.7
2026-04-13T04:00,31.3,22,983.4
2026-04-13T05:00,34.4,16,983.7
2026-04-13T06:00,36.3,13,983.4
2026-04-13T07:00,37.6,11,983.0
2026-04-13T08:00,38.2,10,982.2
2026-04-13T09:00,38.5,10,981.2
2026-04-13T10:00,38.7,9,980.4
2026-04-13T11:00,38.6,9,979.9
2026-04-13T12:00,38.0,9,979.6
2026-04-13T13:00,36.3,12,979.9
2026-04-13T14:00,33.2,17,980.2
2026-04-13T15:00,32.5,20,980.8
2026-04-13T16:00,31.3,21,981.2
2026-04-13T17:00,30.9,19,981.2
2026-04-13T18:00,30.4,21,981.2
2026-04-13T19:00,29.8,23,980.9
2026-04-13T20:00,28.9,26,980.1
2026-04-13T21:00,28.0,28,979.7
2026-04-13T22:00,27.0,31,979.5
2026-04-13T23:00,26.5,32,979.5
2026-04-14T00:00,26.7,34,979.8
2026-04-14T01:00,26.2,36,980.3
2026-04-14T02:00,26.7,36,981.4
2026-04-14T03:00,28.9,33,982.2
2026-04-14T04:00,31.3,30,982.6
2026-04-14T05:00,33.4,26,982.4
2026-04-14T06:00,35.2,21,982.0
2026-04-14T07:00,36.5,19,981.4
2026-04-14T08:00,37.5,15,980.7
2026-04-14T09:00,37.9,13,979.5
2026-04-14T10:00,37.9,14,978.7
2026-04-14T11:00,37.6,14,978.2
2026-04-14T12:00,36.8,15,977.9
2026-04-14T13:00,35.6,16,978.2
2026-04-14T14:00,33.9,18,978.6
2026-04-14T15:00,32.2,25,978.7
2026-04-14T16:00,31.3,26,979.3
2026-04-14T17:00,30.9,23,979.5
2026-04-14T18:00,30.7,24,979.5
2026-04-14T19:00,30.8,26,979.0
2026-04-14T20:00,30.7,26,978.4
2026-04-14T21:00,30.2,26,977.8
2026-04-14T22:00,28.0,30,977.5
2026-04-14T23:00,26.9,32,977.7
2026-04-15T00:00,26.8,34,978.0
2026-04-15T01:00,26.8,34,978.3
2026-04-15T02:00,27.8,33,978.8
2026-04-15T03:00,30.4,30,979.6
2026-04-15T04:00,33.0,29,980.1
2026-04-15T05:00,35.4,26,980.3
2026-04-15T06:00,37.2,20,980.1
2026-04-15T07:00,38.9,16,979.8
2026-04-15T08:00,39.9,14,979.0
2026-04-15T09:00,40.1,13,977.9
2026-04-15T10:00,40.0,14,976.9
2026-04-15T11:00,38.8,15,976.6
2026-04-15T12:00,38.6,14,976.5
2026-04-15T13:00,37.1,15,976.7
2026-04-15T14:00,35.4,17,977.0
2026-04-15T15:00,34.7,18,977.3
2026-04-15T16:00,33.9,19,977.7
2026-04-15T17:00,32.5,25,978.1
2026-04-15T18:00,31.6,24,978.2
2026-04-15T19:00,30.5,25,977.8
2026-04-15T20:00,30.1,27,977.2
2026-04-15T21:00,29.5,39,977.1
2026-04-15T22:00,28.4,33,977.4
2026-04-15T23:00,27.4,32,977.0
2026-04-16T00:00,26.9,35,977.1
2026-04-16T01:00,26.8,37,977.7
2026-04-16T02:00,27.8,37,978.5
2026-04-16T03:00,30.2,35,979.6
2026-04-16T04:00,32.7,32,980.3
2026-04-16T05:00,35.2,27,980.6
2026-04-16T06:00,37.7,21,980.7
2026-04-16T07:00,39.6,16,980.3
2026-04-16T08:00,40.4,15,979.6
2026-04-16T09:00,40.7,15,978.6
2026-04-16T10:00,40.4,15,977.7
2026-04-16T11:00,40.1,15,977.2
2026-04-16T12:00,39.3,15,976.7
2026-04-16T13:00,38.3,16,977.0
2026-04-16T14:00,36.7,17,977.5
2026-04-16T15:00,35.4,19,978.2
2026-04-16T16:00,34.1,22,979.0
2026-04-16T17:00,33.6,23,979.1
2026-04-16T18:00,33.2,25,979.2
2026-04-16T19:00,32.2,26,979.4
2026-04-16T20:00,31.7,27,979.3
2026-04-16T21:00,31.2,27,978.8
2026-04-16T22:00,30.5,28,979.2
2026-04-16T23:00,29.6,29,979.2
2026-04-17T00:00,28.7,32,979.8
2026-04-17T01:00,28.3,32,980.4
2026-04-17T02:00,28.9,30,981.2
2026-04-17T03:00,30.7,27,982.0
2026-04-17T04:00,33.0,23,982.8
2026-04-17T05:00,35.3,20,983.1
2026-04-17T06:00,36.8,16,982.7
2026-04-17T07:00,38.2,14,982.2
2026-04-17T08:00,39.1,13,981.4
2026-04-17T09:00,39.6,11,980.5
2026-04-17T10:00,39.8,9,979.8
2026-04-17T11:00,39.5,8,978.9
2026-04-17T12:00,39.0,6,978.5
2026-04-17T13:00,37.4,8,978.6
2026-04-17T14:00,35.2,11,979.1
2026-04-17T15:00,34.2,16,979.6
2026-04-17T16:00,32.8,19,979.9
2026-04-17T17:00,32.1,20,980.4
2026-04-17T18:00,31.6,23,980.4
2026-04-17T19:00,30.8,25,980.5
2026-04-17T20:00,30.1,27,980.3
2026-04-17T21:00,29.3,30,980.0
2026-04-17T22:00,28.6,33,979.9
2026-04-17T23:00,27.9,35,979.7
2026-04-18T00:00,27.7,36,979.8
2026-04-18T01:00,27.0,38,980.1
2026-04-18T02:00,27.7,37,981.0
2026-04-18T03:00,30.0,32,981.8
2026-04-18T04:00,32.8,27,982.2
2026-04-18T05:00,35.3,22,982.5
2026-04-18T06:00,37.0,19,982.4
2026-04-18T07:00,38.9,16,982.0
2026-04-18T08:00,39.9,13,981.4
2026-04-18T09:00,40.3,11,980.6
2026-04-18T10:00,40.4,9,979.8
2026-04-18T11:00,39.9,8,979.3
2026-04-18T12:00,39.1,8,978.9
2026-04-18T13:00,37.8,9,979.0
2026-04-18T14:00,35.9,10,979.3
2026-04-18T15:00,34.8,11,979.7
2026-04-18T16:00,33.7,12,980.3
2026-04-18T17:00,32.7,13,980.5
2026-04-18T18:00,32.4,13,980.7
2026-04-18T19:00,31.9,13,980.5
2026-04-18T20:00,30.9,14,980.1
2026-04-18T21:00,29.8,15,979.5
2026-04-18T22:00,28.7,16,979.4
2026-04-18T23:00,27.8,18,979.1
2026-04-19T00:00,28.2,22,979.4
2026-04-19T01:00,27.7,24,979.7
2026-04-19T02:00,28.5,24,980.6
2026-04-19T03:00,30.5,22,981.4
2026-04-19T04:00,33.1,18,982.0
2026-04-19T05:00,35.6,16,982.3
2026-04-19T06:00,36.9,14,982.0
2026-04-19T07:00,38.3,13,981.3
2026-04-19T08:00,38.7,12,980.7
2026-04-19T09:00,38.9,12,979.8
2026-04-19T10:00,38.7,13,979.0
2026-04-19T11:00,38.2,14,978.5
2026-04-19T12:00,37.3,14,978.5
2026-04-19T13:00,36.6,13,978.5
2026-04-19T14:00,34.8,13,979.2
2026-04-19T15:00,33.3,14,979.6
2026-04-19T16:00,32.9,14,979.9
2026-04-19T17:00,32.3,15,980.0
2026-04-19T18:00,31.2,16,980.2
2026-04-19T19:00,29.9,17,979.7
2026-04-19T20:00,28.8,17,979.3
2026-04-19T21:00,27.7,18,978.8
2026-04-19T22:00,26.7,19,978.5
2026-04-19T23:00,25.4,21,978.9
2026-04-20T00:00,25.3,29,979.1
2026-04-20T01:00,25.3,28,979.5
2026-04-20T02:00,26.8,26,980.6
2026-04-20T03:00,29.3,24,981.5
2026-04-20T04:00,31.8,22,982.1
2026-04-20T05:00,34.2,21,982.2
2026-04-20T06:00,36.8,18,981.7
2026-04-20T07:00,38.5,12,981.1
2026-04-20T08:00,39.1,12,980.3
2026-04-20T09:00,39.3,12,979.1
2026-04-20T10:00,39.4,12,978.4
2026-04-20T11:00,39.1,12,977.9
2026-04-20T12:00,38.3,13,977.7
2026-04-20T13:00,37.2,13,978.1
2026-04-20T14:00,35.5,15,978.3
2026-04-20T15:00,34.4,15,978.6
2026-04-20T16:00,33.6,16,979.2
2026-04-20T17:00,31.2,20,979.7
2026-04-20T18:00,31.0,23,980.0
2026-04-20T19:00,30.7,24,979.9
2026-04-20T20:00,30.5,24,979.6
2026-04-20T21:00,29.9,24,979.1
2026-04-20T22:00,29.2,26,979.3
2026-04-20T23:00,28.6,28,979.1
2026-04-21T00:00,28.2,36,978.9
2026-04-21T01:00,27.8,41,979.4
2026-04-21T02:00,28.5,42,980.3
2026-04-21T03:00,30.3,40,981.0
2026-04-21T04:00,32.6,35,981.6
2026-04-21T05:00,35.0,29,981.9
2026-04-21T06:00,36.9,22,981.5
2026-04-21T07:00,38.2,17,981.1
2026-04-21T08:00,39.0,15,980.4
2026-04-21T09:00,39.6,13,979.2
2026-04-21T10:00,39.7,12,978.7
2026-04-21T11:00,39.4,12,978.1
2026-04-21T12:00,38.2,12,977.8
2026-04-21T13:00,37.0,12,977.9
2026-04-21T14:00,35.2,12,978.2
2026-04-21T15:00,33.4,12,978.7
2026-04-21T16:00,32.2,13,979.2
2026-04-21T17:00,31.4,12,979.5
2026-04-21T18:00,30.5,13,979.8
2026-04-21T19:00,29.8,13,979.6
2026-04-21T20:00,29.1,14,979.4
2026-04-21T21:00,28.3,15,979.3
2026-04-21T22:00,27.5,17,979.3
2026-04-21T23:00,26.7,18,979.2
2026-04-22T00:00,27.0,23,979.4
2026-04-22T01:00,26.3,25,979.9
2026-04-22T02:00,26.8,26,981.1
2026-04-22T03:00,28.9,25,981.9
2026-04-22T04:00,31.2,25,982.3
2026-04-22T05:00,33.7,21,982.4
2026-04-22T06:00,35.7,16,981.8
2026-04-22T07:00,37.1,14,981.2
2026-04-22T08:00,37.9,12,980.3
2026-04-22T09:00,38.3,10,979.3
2026-04-22T10:00,38.2,10,978.7
2026-04-22T11:00,38.0,8,978.1
2026-04-22T12:00,36.6,9,977.7
2026-04-22T13:00,35.2,12,977.9
2026-04-22T14:00,33.2,14,978.3
2026-04-22T15:00,31.9,16,979.1
2026-04-22T16:00,30.7,18,979.7
2026-04-22T17:00,29.7,18,980.0
2026-04-22T18:00,29.4,18,979.8
2026-04-22T19:00,28.9,19,979.6
2026-04-22T20:00,28.4,21,979.3
2026-04-22T21:00,27.9,22,978.9
2026-04-22T22:00,27.5,24,979.0
2026-04-22T23:00,26.9,25,979.2
2026-04-23T00:00,26.8,30,979.3
2026-04-23T01:00,26.0,33,979.8
2026-04-23T02:00,26.6,34,980.7
2026-04-23T03:00,29.0,33,982.0
2026-04-23T04:00,31.2,35,982.3
2026-04-23T05:00,33.3,34,982.3
2026-04-23T06:00,34.8,27,981.8
2026-04-23T07:00,36.4,22,981.1
2026-04-23T08:00,37.3,20,980.2
2026-04-23T09:00,37.8,19,979.3
2026-04-23T10:00,37.9,19,978.5
2026-04-23T11:00,37.7,19,978.0
2026-04-23T12:00,37.3,18,978.1
2026-04-23T13:00,36.3,19,978.2
2026-04-23T14:00,34.6,21,978.4
2026-04-23T15:00,33.7,22,979.2
2026-04-23T16:00,32.8,23,979.4
2026-04-23T17:00,31.5,26,979.5
2026-04-23T18:00,30.8,29,979.6
2026-04-23T19:00,30.9,28,979.3
2026-04-23T20:00,30.4,28,979.1
2026-04-23T21:00,29.8,29,978.7
2026-04-23T22:00,29.4,30,978.7
2026-04-23T23:00,28.9,31,978.7
2026-04-24T00:00,29.2,32,979.0
2026-04-24T01:00,28.7,33,979.6
2026-04-24T02:00,29.6,33,980.5
2026-04-24T03:00,31.9,30,981.5
2026-04-24T04:00,34.3,27,981.8
2026-04-24T05:00,36.8,24,981.8
2026-04-24T06:00,38.4,21,981.3
2026-04-24T07:00,40.2,17,980.8
2026-04-24T08:00,40.9,14,979.8
2026-04-24T09:00,41.3,14,978.9
2026-04-24T10:00,41.5,13,978.0
2026-04-24T11:00,41.4,13,977.6
2026-04-24T12:00,40.4,13,977.2
2026-04-24T13:00,39.0,15,977.5
2026-04-24T14:00,37.4,17,978.1
2026-04-24T15:00,36.6,17,978.7
2026-04-24T16:00,35.6,19,979.4
2026-04-24T17:00,34.4,21,979.6
2026-04-24T18:00,34.1,22,980.1
2026-04-24T19:00,33.9,22,979.8
2026-04-24T20:00,33.6,22,979.5
2026-04-24T21:00,32.9,22,979.5
2026-04-24T22:00,31.8,24,979.5
2026-04-24T23:00,30.8,26,979.8
2026-04-25T00:00,29.7,31,980.5
2026-04-25T01:00,29.2,33,981.1
2026-04-25T02:00,30.1,32,981.7
2026-04-25T03:00,32.9,28,982.3
2026-04-25T04:00,35.6,23,982.8
2026-04-25T05:00,38.5,19,982.8
2026-04-25T06:00,40.3,16,982.6
2026-04-25T07:00,41.8,13,982.0
2026-04-25T08:00,42.6,13,981.0
2026-04-25T09:00,42.6,13,980.2
2026-04-25T10:00,42.5,13,979.5
2026-04-25T11:00,41.7,13,979.0
2026-04-25T12:00,41.7,13,978.2
2026-04-25T13:00,40.2,14,978.6
2026-04-25T14:00,38.2,16,979.5
2026-04-25T15:00,36.8,20,980.3
2026-04-25T16:00,36.4,20,980.7
2026-04-25T17:00,34.8,22,980.6
2026-04-25T18:00,34.1,24,980.4
2026-04-25T19:00,34.1,24,980.0
2026-04-25T20:00,34.1,24,979.5
2026-04-25T21:00,32.5,27,979.0
2026-04-25T22:00,31.9,28,979.1
2026-04-25T23:00,30.6,30,979.2
2026-04-26T00:00,31.9,28,979.1
2026-04-26T01:00,31.2,29,979.5
2026-04-26T02:00,32.2,27,980.5
2026-04-26T03:00,34.7,24,981.1
2026-04-26T04:00,37.4,21,981.2
2026-04-26T05:00,39.5,19,981.2
2026-04-26T06:00,40.6,17,980.6
2026-04-26T07:00,42.0,15,979.8
2026-04-26T08:00,42.5,13,978.9
2026-04-26T09:00,42.9,13,977.8
2026-04-26T10:00,42.9,12,976.9
2026-04-26T11:00,42.3,12,976.3
2026-04-26T12:00,41.9,12,975.7
2026-04-26T13:00,40.5,13,975.8
2026-04-26T14:00,38.2,16,976.2
2026-04-26T15:00,37.5,17,976.7
2026-04-26T16:00,36.6,18,977.2
2026-04-26T17:00,35.0,20,977.6
2026-04-26T18:00,34.4,20,977.5
2026-04-26T19:00,34.4,19,977.1
2026-04-26T20:00,33.9,19,976.4
2026-04-26T21:00,33.2,20,976.1
2026-04-26T22:00,32.4,21,976.1
2026-04-26T23:00,31.7,23,975.9
2026-04-27T00:00,31.2,26,976.0
2026-04-27T01:00,30.8,28,976.5
2026-04-27T02:00,31.6,28,977.4
2026-04-27T03:00,33.4,27,978.1
2026-04-27T04:00,35.3,24,978.6
2026-04-27T05:00,37.4,21,978.6
2026-04-27T06:00,39.9,16,978.0
2026-04-27T07:00,41.6,12,977.5
2026-04-27T08:00,42.6,10,976.7
2026-04-27T09:00,42.9,11,975.1
2026-04-27T10:00,42.9,11,974.2
2026-04-27T11:00,42.6,11,973.5
2026-04-27T12:00,41.9,10,973.0
2026-04-27T13:00,40.6,11,973.4
2026-04-27T14:00,38.3,13,974.1
2026-04-27T15:00,36.4,14,974.4
2026-04-27T16:00,35.1,15,975.0
2026-04-27T17:00,33.7,16,975.9
2026-04-27T18:00,32.9,22,975.8
2026-04-27T19:00,32.0,30,975.6
2026-04-27T20:00,30.7,32,975.6
2026-04-27T21:00,29.7,34,975.5
2026-04-27T22:00,29.6,32,975.4
2026-04-27T23:00,29.6,28,975.5
2026-04-28T00:00,28.8,35,976.3
2026-04-28T01:00,28.4,37,976.6
2026-04-28T02:00,29.1,36,977.5
2026-04-28T03:00,30.7,35,977.8
2026-04-28T04:00,32.3,35,978.2
2026-04-28T05:00,34.1,32,978.2
2026-04-28T06:00,36.0,28,978.1
2026-04-28T07:00,38.0,23,977.3
2026-04-28T08:00,39.3,20,976.2
2026-04-28T09:00,40.4,17,975.1
2026-04-28T10:00,41.2,13,973.7
2026-04-28T11:00,41.0,13,973.4
2026-04-28T12:00,39.6,16,972.9
2026-04-28T13:00,38.6,18,973.0
2026-04-28T14:00,37.1,20,973.4
2026-04-28T15:00,35.9,21,974.2
2026-04-28T16:00,35.0,22,974.4
2026-04-28T17:00,34.1,25,975.4
2026-04-28T18:00,33.4,26,974.9
2026-04-28T19:00,33.3,24,974.8
2026-04-28T20:00,32.6,29,974.6
2026-04-28T21:00,31.8,33,974.4
2026-04-28T22:00,31.0,34,974.6
2026-04-28T23:00,30.4,35,974.9
2026-04-29T00:00,30.3,40,974.9
2026-04-29T01:00,29.8,42,975.5
2026-04-29T02:00,30.5,42,976.2
2026-04-29T03:00,31.8,40,977.0
2026-04-29T04:00,33.5,37,977.5
2026-04-29T05:00,35.2,34,977.5
2026-04-29T06:00,36.4,34,977.7
2026-04-29T07:00,37.4,30,976.9
2026-04-29T08:00,38.3,25,976.4
2026-04-29T09:00,39.0,22,975.2
2026-04-29T10:00,39.4,21,974.5
2026-04-29T11:00,39.5,17,974.2
2026-04-29T12:00,38.7,16,973.6
2026-04-29T13:00,37.9,17,974.0
2026-04-29T14:00,36.5,20,974.2
2026-04-29T15:00,35.3,22,975.0
2026-04-29T16:00,34.1,32,975.2
2026-04-29T17:00,33.7,31,975.3
2026-04-29T18:00,32.1,31,975.3
2026-04-29T19:00,31.2,33,975.0
2026-04-29T20:00,30.4,34,974.5
2026-04-29T21:00,29.4,36,974.4
2026-04-29T22:00,29.0,35,974.6
2026-04-29T23:00,28.9,35,974.7
2026-04-30T00:00,27.9,50,975.4
2026-04-30T01:00,28.1,51,976.0
2026-04-30T02:00,29.2,50,976.9
2026-04-30T03:00,31.1,47,977.3
2026-04-30T04:00,33.4,40,977.7
2026-04-30T05:00,35.6,33,977.8
2026-04-30T06:00,36.9,28,977.8
2026-04-30T07:00,38.7,23,977.1
2026-04-30T08:00,39.7,19,976.5
2026-04-30T09:00,40.2,17,975.8
2026-04-30T10:00,40.3,17,975.2
2026-04-30T11:00,40.0,17,974.5
2026-04-30T12:00,40.2,16,973.5
2026-04-30T13:00,39.2,18,973.7
2026-04-30T14:00,37.2,21,974.1
2026-04-30T15:00,35.9,21,974.7
2026-04-30T16:00,35.2,21,975.7
2026-04-30T17:00,34.8,22,976.0
2026-04-30T18:00,33.7,24,975.8
2026-04-30T19:00,33.2,25,975.5
2026-04-30T20:00,32.3,31,975.1
2026-04-30T21:00,31.7,33,975.2
2026-04-30T22:00,31.0,35,975.5
2026-04-30T23:00,30.0,41,975.5
2026-05-01T00:00,29.1,49,976.0
2026-05-01T01:00,28.9,52,976.6
2026-05-01T02:00,29.7,52,977.1
2026-05-01T03:00,31.1,49,977.6
2026-05-01T04:00,32.9,45,978.1
2026-05-01T05:00,34.8,39,978.0
2026-05-01T06:00,36.9,32,977.8
2026-05-01T07:00,38.9,26,977.3
2026-05-01T08:00,40.4,21,976.4
2026-05-01T09:00,41.1,19,975.2
2026-05-01T10:00,41.3,18,974.0
2026-05-01T11:00,37.9,20,974.8
2026-05-01T12:00,40.0,15,973.7
2026-05-01T13:00,37.9,18,973.7
2026-05-01T14:00,36.1,20,974.1
2026-05-01T15:00,35.3,21,974.3
2026-05-01T16:00,35.0,23,974.8
2026-05-01T17:00,33.7,27,975.0
2026-05-01T18:00,33.1,32,975.3
2026-05-01T19:00,32.9,32,974.6
2026-05-01T20:00,32.1,34,974.5
2026-05-01T21:00,31.9,36,974.2
2026-05-01T22:00,31.3,43,973.9
2026-05-01T23:00,30.4,47,973.9
2026-05-02T00:00,29.7,58,974.2
2026-05-02T01:00,29.4,60,974.8
2026-05-02T02:00,30.2,58,975.7
2026-05-02T03:00,31.7,52,976.3
2026-05-02T04:00,33.5,44,976.8
2026-05-02T05:00,35.4,37,976.8
2026-05-02T06:00,36.9,33,976.7
2026-05-02T07:00,38.6,29,976.1
2026-05-02T08:00,40.0,25,975.0
2026-05-02T09:00,41.0,22,974.0
2026-05-02T10:00,41.5,18,972.8
2026-05-02T11:00,41.7,14,972.3
2026-05-02T12:00,40.7,15,971.7
2026-05-02T13:00,39.4,16,971.4
2026-05-02T14:00,37.3,19,972.2
2026-05-02T15:00,35.9,20,972.8
2026-05-02T16:00,35.1,22,973.5
2026-05-02T17:00,34.1,23,973.6
2026-05-02T18:00,32.6,28,973.4
2026-05-02T19:00,31.8,28,973.6
2026-05-02T20:00,31.2,31,972.9
2026-05-02T21:00,30.2,34,973.0
2026-05-02T22:00,29.4,38,973.0
2026-05-02T23:00,28.7,43,973.3
2026-05-03T00:00,28.1,44,974.0
2026-05-03T01:00,27.9,46,974.5
2026-05-03T02:00,28.8,44,975.4
2026-05-03T03:00,30.4,41,975.9
2026-05-03T04:00,32.2,38,976.3
2026-05-03T05:00,34.2,34,976.4
2026-05-03T06:00,35.8,31,976.4
2026-05-03T07:00,37.5,27,976.2
2026-05-03T08:00,38.8,24,975.5
2026-05-03T09:00,39.7,22,974.6
2026-05-03T10:00,39.6,19,973.8
2026-05-03T11:00,39.5,16,973.4
2026-05-03T12:00,39.5,16,973.0
2026-05-03T13:00,37.6,18,973.3
2026-05-03T14:00,35.5,23,973.9
2026-05-03T15:00,34.3,25,974.2
2026-05-03T16:00,33.6,28,974.5
2026-05-03T17:00,32.5,28,975.1
2026-05-03T18:00,32.5,29,974.9
2026-05-03T19:00,31.8,31,974.7
2026-05-03T20:00,30.7,34,974.4
2026-05-03T21:00,29.9,36,974.1
2026-05-03T22:00,29.3,37,974.9
2026-05-03T23:00,28.8,39,974.9
2026-05-04T00:00,27.9,48,974.7
2026-05-04T01:00,27.9,54,975.4
2026-05-04T02:00,28.9,57,976.7
2026-05-04T03:00,30.2,56,977.2
2026-05-04T04:00,31.9,51,977.7
2026-05-04T05:00,33.9,43,978.2
2026-05-04T06:00,36.0,33,977.9
2026-05-04T07:00,37.4,28,977.4
2026-05-04T08:00,38.5,23,976.6
2026-05-04T09:00,39.5,17,975.4
2026-05-04T10:00,39.4,16,974.9
2026-05-04T11:00,38.8,15,974.3
2026-05-04T12:00,29.6,47,975.5
2026-05-04T13:00,30.4,44,975.1
2026-05-04T14:00,28.9,50,976.5
2026-05-04T15:00,28.8,48,976.8
2026-05-04T16:00,28.7,49,977.4
2026-05-04T17:00,28.5,50,977.7
2026-05-04T18:00,24.7,71,978.9
2026-05-04T19:00,25.5,61,978.2
2026-05-04T20:00,26.5,54,977.5
2026-05-04T21:00,25.9,57,978.1
2026-05-04T22:00,25.5,60,978.2
2026-05-04T23:00,25.4,59,978.3
2026-05-05T00:00,24.7,65,979.8
2026-05-05T01:00,23.5,71,980.6
2026-05-05T02:00,24.5,67,981.5
2026-05-05T03:00,26.0,59,982.1
2026-05-05T04:00,28.5,50,982.5
2026-05-05T05:00,31.3,45,982.6
2026-05-05T06:00,33.7,39,982.8
2026-05-05T07:00,35.1,35,982.4
2026-05-05T08:00,36.1,29,981.7
2026-05-05T09:00,37.0,25,980.9
2026-05-05T10:00,37.2,24,980.1
2026-05-05T11:00,37.0,24,979.5
2026-05-05T12:00,36.1,20,979.3
2026-05-05T13:00,35.3,21,979.5
2026-05-05T14:00,34.2,22,980.1
2026-05-05T15:00,34.0,21,980.5
2026-05-05T16:00,33.2,24,981.0
2026-05-05T17:00,31.8,24,981.3
2026-05-05T18:00,30.1,30,981.9
2026-05-05T19:00,29.1,33,981.6
2026-05-05T20:00,27.9,36,981.1
2026-05-05T21:00,27.1,38,980.7
2026-05-05T22:00,26.5,39,980.7
2026-05-05T23:00,25.9,41,980.5
2026-05-06T00:00,26.3,43,980.3
2026-05-06T01:00,26.4,43,980.9
2026-05-06T02:00,27.1,43,981.8
2026-05-06T03:00,29.3,38,982.5
2026-05-06T04:00,32.0,33,982.7
2026-05-06T05:00,34.4,27,982.7
2026-05-06T06:00,36.0,22,982.2
2026-05-06T07:00,37.4,16,981.4
2026-05-06T08:00,37.9,14,980.7
2026-05-06T09:00,38.2,12,979.7
2026-05-06T10:00,38.2,12,978.7
2026-05-06T11:00,38.1,12,978.1
2026-05-06T12:00,38.0,12,977.4
2026-05-06T13:00,36.8,13,977.2
2026-05-06T14:00,35.0,16,977.5
2026-05-06T15:00,33.8,17,977.5
2026-05-06T16:00,33.1,19,977.7
2026-05-06T17:00,32.6,20,978.0
2026-05-06T18:00,32.0,23,978.0
2026-05-06T19:00,31.4,24,977.4
2026-05-06T20:00,30.7,25,976.9
2026-05-06T21:00,29.6,28,976.7
2026-05-06T22:00,28.9,30,976.6
2026-05-06T23:00,28.4,31,976.9
2026-05-07T00:00,29.1,34,976.9
2026-05-07T01:00,28.9,35,977.7
2026-05-07T02:00,29.6,35,978.6
2026-05-07T03:00,31.3,33,979.3
2026-05-07T04:00,33.5,31,979.8
2026-05-07T05:00,35.9,28,979.9
2026-05-07T06:00,38.1,18,979.8
2026-05-07T07:00,39.6,13,979.5
2026-05-07T08:00,40.4,11,978.8
2026-05-07T09:00,40.7,11,978.1
2026-05-07T10:00,40.8,11,977.5
2026-05-07T11:00,40.4,11,977.2
2026-05-07T12:00,40.0,11,976.6
2026-05-07T13:00,38.8,12,977.0
2026-05-07T14:00,37.0,14,977.3
2026-05-07T15:00,34.9,17,977.4
2026-05-07T16:00,33.8,18,977.9
2026-05-07T17:00,33.2,17,978.4
2026-05-07T18:00,32.4,19,978.5
2026-05-07T19:00,32.3,17,978.1
2026-05-07T20:00,31.4,18,978.1
2026-05-07T21:00,30.4,21,977.9
2026-05-07T22:00,29.3,25,977.8
2026-05-07T23:00,28.5,28,977.8
2026-05-08T00:00,28.3,40,978.4
2026-05-08T01:00,28.1,43,979.1
2026-05-08T02:00,29.3,42,980.2
2026-05-08T03:00,31.3,40,980.7
2026-05-08T04:00,33.6,37,981.0
2026-05-08T05:00,35.9,30,981.1
2026-05-08T06:00,37.7,22,980.7
2026-05-08T07:00,39.4,16,980.4
2026-05-08T08:00,40.6,13,980.0
2026-05-08T09:00,41.3,11,979.2
2026-05-08T10:00,41.3,10,978.4
2026-05-08T11:00,40.9,11,978.0
2026-05-08T12:00,40.8,9,977.7
2026-05-08T13:00,39.4,11,978.0
2026-05-08T14:00,38.0,12,978.4
2026-05-08T15:00,37.8,12,978.8
2026-05-08T16:00,37.1,13,979.0
2026-05-08T17:00,34.6,16,979.2
2026-05-08T18:00,33.5,18,979.5
2026-05-08T19:00,33.4,18,978.9
2026-05-08T20:00,32.8,18,978.8
2026-05-08T21:00,31.9,19,978.5
2026-05-08T22:00,30.8,22,979.0
2026-05-08T23:00,29.7,26,979.6
2026-05-09T00:00,30.2,37,979.5
2026-05-09T01:00,30.1,42,980.2
2026-05-09T02:00,31.0,42,981.2
2026-05-09T03:00,33.0,40,981.7
2026-05-09T04:00,35.5,35,981.9
2026-05-09T05:00,37.9,28,981.8
2026-05-09T06:00,39.9,19,981.5
2026-05-09T07:00,40.9,15,980.9
2026-05-09T08:00,41.6,14,980.3
2026-05-09T09:00,42.0,13,979.2
2026-05-09T10:00,42.2,12,978.5
2026-05-09T11:00,41.7,13,978.0
2026-05-09T12:00,41.9,11,977.2
2026-05-09T13:00,40.6,12,977.6
2026-05-09T14:00,38.6,13,978.1
2026-05-09T15:00,37.7,14,978.4
2026-05-09T16:00,37.4,13,978.9
2026-05-09T17:00,36.5,14,979.2
2026-05-09T18:00,35.9,16,979.1
2026-05-09T19:00,33.6,29,979.0
2026-05-09T20:00,32.2,21,978.6
2026-05-09T21:00,32.5,20,978.2
2026-05-09T22:00,31.6,21,978.5
2026-05-09T23:00,31.0,22,978.5
2026-05-10T00:00,30.0,25,978.7
2026-05-10T01:00,29.8,27,979.6
2026-05-10T02:00,31.2,26,980.2
2026-05-10T03:00,33.7,23,981.1
2026-05-10T04:00,36.2,20,981.5
2026-05-10T05:00,38.5,18,981.2
2026-05-10T06:00,40.4,16,980.5
2026-05-10T07:00,42.0,14,979.9
2026-05-10T08:00,43.0,12,979.1
2026-05-10T09:00,43.3,11,978.1
2026-05-10T10:00,43.2,11,977.1
2026-05-10T11:00,42.8,11,976.5
2026-05-10T12:00,42.6,11,975.9
2026-05-10T13:00,41.5,11,976.1
2026-05-10T14:00,39.7,12,976.4
2026-05-10T15:00,38.2,13,976.8
2026-05-10T16:00,37.1,15,977.1
2026-05-10T17:00,36.5,15,977.1
2026-05-10T18:00,35.8,16,977.2
2026-05-10T19:00,35.3,15,977.4
2026-05-10T20:00,34.2,15,976.9
2026-05-10T21:00,33.0,16,977.0
2026-05-10T22:00,32.2,18,977.4
2026-05-10T23:00,31.4,22,977.5
2026-05-11T00:00,31.2,25,977.6
2026-05-11T01:00,31.0,26,978.4
2026-05-11T02:00,31.8,26,979.8
2026-05-11T03:00,33.5,23,981.2
2026-05-11T04:00,35.5,19,981.4
2026-05-11T05:00,37.6,16,981.4
2026-05-11T06:00,39.9,13,980.8
2026-05-11T07:00,41.9,11,980.4
2026-05-11T08:00,43.0,9,979.4
2026-05-11T09:00,43.5,9,978.4
2026-05-11T10:00,43.5,10,977.4
2026-05-11T11:00,43.3,10,976.9
2026-05-11T12:00,42.5,11,976.4
2026-05-11T13:00,41.3,12,976.6
2026-05-11T14:00,39.8,13,976.6
2026-05-11T15:00,39.0,14,977.0
2026-05-11T16:00,37.0,16,977.7
2026-05-11T17:00,36.3,17,978.1
2026-05-11T18:00,35.8,18,977.7
2026-05-11T19:00,35.3,18,977.0
2026-05-11T20:00,34.7,18,976.9
2026-05-11T21:00,34.0,18,976.7
2026-05-11T22:00,32.9,19,976.7
2026-05-11T23:00,31.9,21,977.2
2026-05-12T00:00,32.0,26,977.4
2026-05-12T01:00,31.7,31,978.1
2026-05-12T02:00,32.5,34,978.8
2026-05-12T03:00,34.6,34,979.4
2026-05-12T04:00,37.1,29,979.6
2026-05-12T05:00,39.5,21,979.6
2026-05-12T06:00,40.7,18,979.2
2026-05-12T07:00,41.9,15,978.6
2026-05-12T08:00,42.7,13,977.5
2026-05-12T09:00,42.9,12,976.5
2026-05-12T10:00,42.9,12,975.5
2026-05-12T11:00,42.7,12,974.9
2026-05-12T12:00,42.8,11,974.0
2026-05-12T13:00,41.5,12,974.4
2026-05-12T14:00,39.1,15,974.9
2026-05-12T15:00,37.4,18,975.5
2026-05-12T16:00,36.5,20,975.8
2026-05-12T17:00,35.5,22,976.2
2026-05-12T18:00,35.3,23,976.1
2026-05-12T19:00,34.3,25,975.7
2026-05-12T20:00,33.5,26,975.3
2026-05-12T21:00,32.8,27,975.2
2026-05-12T22:00,32.1,28,974.9
2026-05-12T23:00,31.4,29,975.1
2026-05-13T00:00,31.5,34,975.3
2026-05-13T01:00,30.9,36,975.8
2026-05-13T02:00,32.2,33,976.6
2026-05-13T03:00,34.3,29,977.5
2026-05-13T04:00,36.6,26,977.8
2026-05-13T05:00,39.0,24,977.9
2026-05-13T06:00,41.3,17,977.6
2026-05-13T07:00,42.4,15,976.8
2026-05-13T08:00,42.8,13,975.8
2026-05-13T09:00,43.1,11,974.8
2026-05-13T10:00,43.3,10,974.0
2026-05-13T11:00,43.3,10,973.3
2026-05-13T12:00,42.8,10,972.0
2026-05-13T13:00,41.2,12,972.5
2026-05-13T14:00,39.0,16,973.1
2026-05-13T15:00,37.5,19,973.9
2026-05-13T16:00,36.5,22,974.1
2026-05-13T17:00,35.8,22,974.4
2026-05-13T18:00,34.0,25,975.4
2026-05-13T19:00,32.9,26,974.8
2026-05-13T20:00,32.3,26,974.0
2026-05-13T21:00,31.8,27,973.4
2026-05-13T22:00,31.2,29,973.2
2026-05-13T23:00,31.1,32,973.3
2026-05-14T00:00,30.8,40,974.1
2026-05-14T01:00,30.5,44,974.9
2026-05-14T02:00,32.0,41,975.8
2026-05-14T03:00,34.1,35,976.3
2026-05-14T04:00,36.3,29,976.6
2026-05-14T05:00,38.3,26,976.8
2026-05-14T06:00,40.0,23,976.6
2026-05-14T07:00,41.1,20,975.7
2026-05-14T08:00,41.9,19,975.0
2026-05-14T09:00,42.4,17,973.8
2026-05-14T10:00,42.1,17,973.0
2026-05-14T11:00,41.8,17,972.4
2026-05-14T12:00,41.3,16,971.5
2026-05-14T13:00,40.4,17,971.9
2026-05-14T14:00,39.4,18,972.5
2026-05-14T15:00,38.4,20,973.1
2026-05-14T16:00,37.8,22,973.8
2026-05-14T17:00,34.4,29,974.8
2026-05-14T18:00,31.5,38,975.7
2026-05-14T19:00,31.2,37,975.4
2026-05-14T20:00,30.9,37,975.3
2026-05-14T21:00,30.1,38,975.0
2026-05-14T22:00,29.4,41,975.2
2026-05-14T23:00,28.9,43,975.1
2026-05-15T00:00,28.9,49,975.5
2026-05-15T01:00,28.9,49,976.2
2026-05-15T02:00,30.2,46,977.1
2026-05-15T03:00,32.0,38,977.7
2026-05-15T04:00,33.7,34,978.3
2026-05-15T05:00,35.5,29,978.4
2026-05-15T06:00,37.5,23,978.3
2026-05-15T07:00,38.5,18,977.8
2026-05-15T08:00,39.1,17,977.2
2026-05-15T09:00,39.3,17,976.1
2026-05-15T10:00,39.5,16,975.2
2026-05-15T11:00,39.2,15,974.2
2026-05-15T12:00,39.1,14,973.8
2026-05-15T13:00,38.0,15,973.9
2026-05-15T14:00,36.0,19,974.6
2026-05-15T15:00,34.7,21,975.3
2026-05-15T16:00,33.8,22,975.8
2026-05-15T17:00,32.8,24,976.2
2026-05-15T18:00,32.5,27,976.6
2026-05-15T19:00,31.8,30,976.6
2026-05-15T20:00,31.6,33,976.3
2026-05-15T21:00,31.3,34,975.9
2026-05-15T22:00,31.2,35,975.9
2026-05-15T23:00,31.1,35,976.1
2026-05-16T00:00,30.2,43,976.3
2026-05-16T01:00,29.9,46,976.9
2026-05-16T02:00,30.8,45,977.6
2026-05-16T03:00,32.5,42,978.4
2026-05-16T04:00,34.8,37,979.0
2026-05-16T05:00,36.9,30,978.9
2026-05-16T06:00,38.5,24,978.7
2026-05-16T07:00,39.6,21,978.2
2026-05-16T08:00,40.2,20,977.5
2026-05-16T09:00,40.6,19,976.7
2026-05-16T10:00,40.8,18,975.9
2026-05-16T11:00,40.6,18,975.5
2026-05-16T12:00,40.6,17,975.1
2026-05-16T13:00,39.6,18,975.3
2026-05-16T14:00,37.7,21,975.6
2026-05-16T15:00,36.8,23,976.4
2026-05-16T16:00,35.9,24,977.0
2026-05-16T17:00,35.0,27,977.3
2026-05-16T18:00,34.8,28,977.4
2026-05-16T19:00,33.8,30,977.1
2026-05-16T20:00,33.1,31,976.9
2026-05-16T21:00,32.9,32,976.6
2026-05-16T22:00,32.5,32,976.6
2026-05-16T23:00,32.1,31,976.8
2026-05-17T00:00,31.4,33,977.1
2026-05-17T01:00,31.2,35,977.7
2026-05-17T02:00,32.6,33,978.6
2026-05-17T03:00,34.8,29,979.4
2026-05-17T04:00,36.9,27,980.0
2026-05-17T05:00,38.9,23,980.0
2026-05-17T06:00,40.7,19,979.6
2026-05-17T07:00,41.7,17,979.1
2026-05-17T08:00,42.1,16,978.2
2026-05-17T09:00,42.4,16,977.2
2026-05-17T10:00,42.3,15,976.5
2026-05-17T11:00,42.1,15,975.8
2026-05-17T12:00,42.1,15,975.4
2026-05-17T13:00,41.1,16,975.5
2026-05-17T14:00,39.5,18,975.5
2026-05-17T15:00,38.4,19,975.6
2026-05-17T16:00,36.9,22,976.0
2026-05-17T17:00,35.9,23,976.4
2026-05-17T18:00,36.1,23,976.0
2026-05-17T19:00,35.1,24,975.9
2026-05-17T20:00,33.9,26,975.6
2026-05-17T21:00,33.1,26,975.4
2026-05-17T22:00,32.5,24,975.5
2026-05-17T23:00,31.8,24,975.9
2026-05-18T00:00,31.3,24,975.7
2026-05-18T01:00,30.7,25,976.2
2026-05-18T02:00,31.8,24,977.3
2026-05-18T03:00,33.4,23,977.9
2026-05-18T04:00,35.5,20,978.2
2026-05-18T05:00,37.8,16,978.4
2026-05-18T06:00,39.9,14,978.2
2026-05-18T07:00,41.2,12,977.7
2026-05-18T08:00,42.2,12,977.0
2026-05-18T09:00,42.7,13,976.4
2026-05-18T10:00,42.7,13,975.8
2026-05-18T11:00,42.3,13,975.3
2026-05-18T12:00,42.1,11,974.7
2026-05-18T13:00,40.7,12,975.0
2026-05-18T14:00,38.6,13,975.1
2026-05-18T15:00,37.5,13,975.4
2026-05-18T16:00,36.5,14,975.7
2026-05-18T17:00,35.5,15,976.0
2026-05-18T18:00,34.8,17,975.9
2026-05-18T19:00,33.5,19,975.6
2026-05-18T20:00,32.6,21,975.3
2026-05-18T21:00,31.8,23,975.0
2026-05-18T22:00,30.9,26,975.1
2026-05-18T23:00,30.2,28,975.5
2026-05-19T00:00,29.6,34,975.8
2026-05-19T01:00,29.2,36,976.4
2026-05-19T02:00,30.1,36,977.1
2026-05-19T03:00,31.5,35,977.5
2026-05-19T04:00,33.2,30,978.0
2026-05-19T05:00,35.0,26,978.2
2026-05-19T06:00,37.3,22,978.0
2026-05-19T07:00,38.7,21,977.6
2026-05-19T08:00,39.7,19,976.9
2026-05-19T09:00,40.4,18,976.1
2026-05-19T10:00,40.8,16,975.5
2026-05-19T11:00,40.5,16,974.8
2026-05-19T12:00,40.5,16,974.5
2026-05-19T13:00,39.3,18,974.6
2026-05-19T14:00,37.5,22,975.1
2026-05-19T15:00,36.1,25,975.5
2026-05-19T16:00,35.2,26,975.8
2026-05-19T17:00,34.8,26,976.0
2026-05-19T18:00,34.6,28,976.1
2026-05-19T19:00,33.8,29,975.8
2026-05-19T20:00,33.2,30,975.4
2026-05-19T21:00,32.7,31,975.0
2026-05-19T22:00,32.0,34,975.1
2026-05-19T23:00,31.1,40,975.6
2026-05-20T00:00,30.2,51,975.7
2026-05-20T01:00,29.7,58,976.2
2026-05-20T02:00,30.6,60,977.0
2026-05-20T03:00,31.9,57,977.4
2026-05-20T04:00,33.6,50,977.9
2026-05-20T05:00,35.3,39,977.6
2026-05-20T06:00,37.3,28,977.3
2026-05-20T07:00,38.5,25,976.9
2026-05-20T08:00,39.3,24,976.0
2026-05-20T09:00,39.8,24,975.2
2026-05-20T10:00,40.1,23,974.4
2026-05-20T11:00,40.2,22,973.8
2026-05-20T12:00,40.2,22,973.3
2026-05-20T13:00,39.5,21,973.4
2026-05-20T14:00,37.8,23,973.7
2026-05-20T15:00,36.7,22,974.4
2026-05-20T16:00,36.1,21,975.0
2026-05-20T17:00,35.5,22,975.6
2026-05-20T18:00,35.0,23,975.8
2026-05-20T19:00,34.0,24,975.6
2026-05-20T20:00,32.9,26,975.4
2026-05-20T21:00,32.1,28,975.5
2026-05-20T22:00,31.4,30,975.9
2026-05-20T23:00,30.3,31,976.4
2026-05-21T00:00,29.8,37,976.9
2026-05-21T01:00,29.3,39,977.5
2026-05-21T02:00,30.2,39,978.1
2026-05-21T03:00,31.8,38,978.6
2026-05-21T04:00,33.6,34,978.9
2026-05-21T05:00,35.6,28,978.9
2026-05-21T06:00,37.6,20,979.0
2026-05-21T07:00,38.9,16,978.4
2026-05-21T08:00,39.8,14,977.6
2026-05-21T09:00,40.2,14,976.6
2026-05-21T10:00,40.2,15,975.8
2026-05-21T11:00,40.1,16,975.3
2026-05-21T12:00,40.0,17,974.8
2026-05-21T13:00,38.9,18,975.1
2026-05-21T14:00,37.2,21,975.7
2026-05-21T15:00,36.0,22,976.4
2026-05-21T16:00,35.2,23,976.9
2026-05-21T17:00,34.5,24,977.5
2026-05-21T18:00,34.2,25,977.5
2026-05-21T19:00,33.1,27,977.5
2026-05-21T20:00,32.1,28,977.7
2026-05-21T21:00,31.4,30,977.8
2026-05-21T22:00,30.9,35,978.1
2026-05-21T23:00,30.5,41,978.8
2026-05-22T00:00,29.6,42,978.9
2026-05-22T01:00,29.2,45,979.5
2026-05-22T02:00,30.5,44,980.5
2026-05-22T03:00,32.1,44,981.2
2026-05-22T04:00,33.9,40,981.4
2026-05-22T05:00,35.7,33,981.6
2026-05-22T06:00,37.4,24,981.3
2026-05-22T07:00,38.6,20,980.9
2026-05-22T08:00,39.5,17,980.2
2026-05-22T09:00,40.0,15,979.2
2026-05-22T10:00,40.2,15,978.4
2026-05-22T11:00,40.1,15,977.9
2026-05-22T12:00,39.8,16,977.6
2026-05-22T13:00,38.9,17,977.8
2026-05-22T14:00,37.6,19,977.9
2026-05-22T15:00,36.5,22,978.3
2026-05-22T16:00,35.3,25,978.7
2026-05-22T17:00,34.3,28,978.9
2026-05-22T18:00,34.2,29,978.9
2026-05-22T19:00,33.2,32,978.5
2026-05-22T20:00,32.6,34,978.3
2026-05-22T21:00,32.1,35,978.3
2026-05-22T22:00,31.8,35,978.9
2026-05-22T23:00,31.6,35,979.6
2026-05-23T00:00,31.6,46,979.6
2026-05-23T01:00,31.1,50,980.1
2026-05-23T02:00,31.7,49,980.6
2026-05-23T03:00,33.2,45,981.2
2026-05-23T04:00,35.3,37,981.7
2026-05-23T05:00,37.6,27,981.8
2026-05-23T06:00,39.6,19,981.4
2026-05-23T07:00,40.6,17,980.8
2026-05-23T08:00,41.4,16,980.1
2026-05-23T09:00,41.8,15,979.1
2026-05-23T10:00,42.0,14,978.4
2026-05-23T11:00,41.9,13,977.6
2026-05-23T12:00,42.2,12,977.0
2026-05-23T13:00,41.2,13,977.1
2026-05-23T14:00,39.6,15,977.2
2026-05-23T15:00,38.1,17,977.6
2026-05-23T16:00,36.3,21,978.0
2026-05-23T17:00,36.2,23,978.4
2026-05-23T18:00,35.9,24,978.3
2026-05-23T19:00,35.0,26,977.8
2026-05-23T20:00,34.2,27,977.6
2026-05-23T21:00,33.4,28,977.5
2026-05-23T22:00,32.6,31,977.6
2026-05-23T23:00,31.8,37,978.1
2026-05-24T00:00,31.3,44,978.3
2026-05-24T01:00,30.9,49,979.1
2026-05-24T02:00,31.6,47,980.1
2026-05-24T03:00,32.7,42,980.9
2026-05-24T04:00,34.2,36,981.3
2026-05-24T05:00,36.2,29,981.5
2026-05-24T06:00,38.6,22,981.2
2026-05-24T07:00,39.9,19,980.5
2026-05-24T08:00,40.7,18,979.7
2026-05-24T09:00,41.3,17,978.6
2026-05-24T10:00,41.5,17,977.9
2026-05-24T11:00,41.3,16,977.3
2026-05-24T12:00,40.8,16,976.9
2026-05-24T13:00,39.6,18,976.7
2026-05-24T14:00,38.0,21,977.3
2026-05-24T15:00,36.8,23,977.9
2026-05-24T16:00,36.1,26,978.4
2026-05-24T17:00,35.4,27,978.5
2026-05-24T18:00,35.0,26,978.5
2026-05-24T19:00,34.2,27,977.9
2026-05-24T20:00,33.3,30,977.4
2026-05-24T21:00,32.4,35,977.4
2026-05-24T22:00,31.4,43,977.3
2026-05-24T23:00,30.3,51,977.3
2026-05-25T00:00,29.5,54,977.1
2026-05-25T01:00,28.7,59,977.6
2026-05-25T02:00,29.1,59,978.8
2026-05-25T03:00,30.0,56,979.5
2026-05-25T04:00,31.4,51,979.8
2026-05-25T05:00,33.2,46,979.6
2026-05-25T06:00,35.5,40,979.3
2026-05-25T07:00,37.0,37,978.8
2026-05-25T08:00,38.3,34,978.0
2026-05-25T09:00,39.2,32,977.0
2026-05-25T10:00,39.7,31,976.3
2026-05-25T11:00,39.7,30,975.7
2026-05-25T12:00,39.3,31,975.7
2026-05-25T13:00,38.2,33,975.7
2026-05-25T14:00,37.2,35,976.1
2026-05-25T15:00,36.3,37,976.6
2026-05-25T16:00,35.5,39,977.1
2026-05-25T17:00,35.0,40,977.5
2026-05-25T18:00,35.1,42,977.6
2026-05-25T19:00,34.4,44,977.4
2026-05-25T20:00,33.8,46,977.3
2026-05-25T21:00,33.0,49,977.1
2026-05-25T22:00,32.2,53,977.2
2026-05-25T23:00,31.5,56,977.3
2026-05-26T00:00,30.8,61,977.8
2026-05-26T01:00,30.3,64,978.6
2026-05-26T02:00,30.7,64,979.2
2026-05-26T03:00,31.7,60,979.9
2026-05-26T04:00,33.2,54,980.3
2026-05-26T05:00,35.1,48,980.3
2026-05-26T06:00,36.8,40,980.3
2026-05-26T07:00,38.3,35,979.6
2026-05-26T08:00,39.6,31,978.6
2026-05-26T09:00,40.5,26,977.7
2026-05-26T10:00,41.0,23,976.8
2026-05-26T11:00,41.1,21,976.5
2026-05-26T12:00,41.2,19,976.2
2026-05-26T13:00,40.2,21,976.4
2026-05-26T14:00,38.6,24,976.9
2026-05-26T15:00,37.4,27,977.2
2026-05-26T16:00,36.5,31,977.6
2026-05-26T17:00,35.9,33,977.9
2026-05-26T18:00,35.6,36,977.8
2026-05-26T19:00,34.8,38,977.3
2026-05-26T20:00,34.4,39,976.8
2026-05-26T21:00,33.9,41,976.8
2026-05-26T22:00,33.2,43,977.1
2026-05-26T23:00,32.4,47,977.4
2026-05-27T00:00,31.5,53,978.1
2026-05-27T01:00,30.9,57,978.9
2026-05-27T02:00,31.2,58,979.8
2026-05-27T03:00,32.3,56,980.5
2026-05-27T04:00,34.0,50,980.8
2026-05-27T05:00,35.8,44,980.8
2026-05-27T06:00,37.9,35,980.6
2026-05-27T07:00,39.5,30,979.9
2026-05-27T08:00,40.9,26,979.2
2026-05-27T09:00,41.9,22,978.2
2026-05-27T10:00,42.4,19,977.5
2026-05-27T11:00,42.3,17,977.0
2026-05-27T12:00,42.2,16,976.5
2026-05-27T13:00,40.9,18,976.7
2026-05-27T14:00,39.1,21,977.0
2026-05-27T15:00,37.8,24,977.3
2026-05-27T16:00,37.0,27,977.6
2026-05-27T17:00,36.1,29,978.0
2026-05-27T18:00,35.8,31,978.0
2026-05-27T19:00,35.0,33,977.3
2026-05-27T20:00,34.3,35,977.0
2026-05-27T21:00,33.8,36,977.0
2026-05-27T22:00,33.0,39,976.8
2026-05-27T23:00,31.7,44,976.8
2026-05-28T00:00,30.7,51,976.9
2026-05-28T01:00,29.9,56,977.4
2026-05-28T02:00,30.2,57,978.4
2026-05-28T03:00,31.2,53,979.0
2026-05-28T04:00,32.7,49,979.4
2026-05-28T05:00,34.4,45,979.2
2026-05-28T06:00,36.8,40,978.6
2026-05-28T07:00,38.2,37,978.0
2026-05-28T08:00,39.5,34,977.0
2026-05-28T09:00,40.4,31,976.2
2026-05-28T10:00,40.7,30,975.5
2026-05-28T11:00,40.6,31,974.6
2026-05-28T12:00,40.3,29,974.5
2026-05-28T13:00,39.2,31,974.3
2026-05-28T14:00,38.2,34,974.7
2026-05-28T15:00,37.6,35,975.0
2026-05-28T16:00,37.1,36,975.6
2026-05-28T17:00,36.6,36,975.9
2026-05-28T18:00,36.2,38,975.4
2026-05-28T19:00,35.1,40,974.9
2026-05-28T20:00,34.3,42,974.9
2026-05-28T21:00,33.0,47,974.9
2026-05-28T22:00,31.7,54,975.1
2026-05-28T23:00,30.6,58,975.0
2026-05-29T00:00,30.4,57,975.5
2026-05-29T01:00,29.9,59,976.1
2026-05-29T02:00,30.1,59,977.1
2026-05-29T03:00,30.8,58,977.5
2026-05-29T04:00,32.2,54,977.7
2026-05-29T05:00,33.7,51,977.4
2026-05-29T06:00,35.6,45,977.4
2026-05-29T07:00,37.2,40,976.7
2026-05-29T08:00,38.5,36,976.0
2026-05-29T09:00,39.4,33,974.9
2026-05-29T10:00,39.7,31,974.1
2026-05-29T11:00,39.9,30,973.6
2026-05-29T12:00,39.7,27,973.8
2026-05-29T13:00,39.1,26,973.5
2026-05-29T14:00,37.9,27,974.2
2026-05-29T15:00,36.9,28,974.6
2026-05-29T16:00,35.9,28,975.0
2026-05-29T17:00,35.4,29,975.1
2026-05-29T18:00,35.1,34,974.8
2026-05-29T19:00,34.4,36,975.2
2026-05-29T20:00,32.7,40,976.5
2026-05-29T21:00,29.9,44,976.2
2026-05-29T22:00,30.4,43,975.8
2026-05-29T23:00,30.6,48,976.2
2026-05-30T00:00,27.3,73,977.4
2026-05-30T01:00,27.6,71,977.2
2026-05-30T02:00,29.1,65,977.6
2026-05-30T03:00,30.9,59,977.8
2026-05-30T04:00,33.0,51,977.6
2026-05-30T05:00,35.1,44,977.6
2026-05-30T06:00,35.9,41,978.0
2026-05-30T07:00,37.2,37,977.4
2026-05-30T08:00,38.4,34,976.8
2026-05-30T09:00,39.2,31,975.9
2026-05-30T10:00,39.1,28,976.4
2026-05-30T11:00,37.4,29,976.3
2026-05-30T12:00,29.7,57,977.8
2026-05-30T13:00,28.0,65,976.7
2026-05-30T14:00,29.1,57,977.8
2026-05-30T15:00,29.0,56,977.8
2026-05-30T16:00,28.9,56,978.1
2026-05-30T17:00,28.4,59,978.2
2026-05-30T18:00,28.7,51,977.3
2026-05-30T19:00,28.0,54,977.1
2026-05-30T20:00,27.4,56,977.2
2026-05-30T21:00,27.1,58,977.4
2026-05-30T22:00,27.0,57,977.5
2026-05-30T23:00,27.3,56,978.1
2026-05-31T00:00,26.1,68,979.1
2026-05-31T01:00,26.5,65,979.7
2026-05-31T02:00,28.0,57,980.7
2026-05-31T03:00,29.7,57,981.2
2026-05-31T04:00,31.9,53,981.2
2026-05-31T05:00,32.8,51,981.2
2026-05-31T06:00,34.1,48,981.2
2026-05-31T07:00,35.2,44,980.6
2026-05-31T08:00,36.1,40,980.2
2026-05-31T09:00,36.8,37,979.6
2026-05-31T10:00,37.2,34,978.9
2026-05-31T11:00,37.4,32,978.3
2026-05-31T12:00,37.1,31,978.4
2026-05-31T13:00,36.3,34,977.9
2026-05-31T14:00,34.5,46,977.8
2026-05-31T15:00,33.7,52,978.5
2026-05-31T16:00,32.7,54,979.1
2026-05-31T17:00,32.1,56,979.5
2026-05-31T18:00,32.6,51,979.3
2026-05-31T19:00,31.7,60,978.8
2026-05-31T20:00,30.8,67,978.6
2026-05-31T21:00,30.3,68,978.7
2026-05-31T22:00,29.7,70,978.4
2026-05-31T23:00,29.3,69,978.4
2026-06-01T00:00,30.3,56,979.1
2026-06-01T01:00,30.1,57,979.6
2026-06-01T02:00,31.6,52,980.3
2026-06-01T03:00,33.3,47,980.7
2026-06-01T04:00,35.1,43,980.9
2026-06-01T05:00,36.6,41,980.9
2026-06-01T06:00,38.1,33,980.5
2026-06-01T07:00,37.4,36,980.5
2026-06-01T08:00,35.9,37,980.1
2026-06-01T09:00,37.3,35,979.2
2026-06-01T10:00,35.6,35,978.8
2026-06-01T11:00,36.1,32,978.7
2026-06-01T12:00,37.2,32,977.7
2026-06-01T13:00,36.8,33,978.2
2026-06-01T14:00,32.1,48,979.1
2026-06-01T15:00,30.6,53,980.0
2026-06-01T16:00,30.0,59,979.9
2026-06-01T17:00,29.7,61,980.4
2026-06-01T18:00,28.8,64,980.6
2026-06-01T19:00,28.3,65,979.9
2026-06-01T20:00,28.3,64,979.2
2026-06-01T21:00,28.1,65,978.6
2026-06-01T22:00,28.0,65,978.7
2026-06-01T23:00,27.9,65,978.8
2026-06-02T00:00,27.0,71,979.0
2026-06-02T01:00,26.9,73,979.5
2026-06-02T02:00,27.8,67,980.2
2026-06-02T03:00,29.2,61,980.9
2026-06-02T04:00,30.8,55,981.2
2026-06-02T05:00,32.5,51,981.2
2026-06-02T06:00,33.2,48,981.3
2026-06-02T07:00,34.5,43,980.6
2026-06-02T08:00,35.4,40,979.8
2026-06-02T09:00,36.3,36,978.7
2026-06-02T10:00,37.0,35,977.9
2026-06-02T11:00,37.0,33,977.0
2026-06-02T12:00,36.8,34,976.6
2026-06-02T13:00,36.6,34,976.5
2026-06-02T14:00,35.4,37,976.6
2026-06-02T15:00,34.1,43,976.9
2026-06-02T16:00,33.3,46,977.4
2026-06-02T17:00,32.6,48,977.7
2026-06-02T18:00,32.5,48,978.0
2026-06-02T19:00,32.0,49,977.5
2026-06-02T20:00,31.5,51,977.1
2026-06-02T21:00,30.9,55,977.2
2026-06-02T22:00,30.4,58,977.2
2026-06-02T23:00,30.0,60,977.4
2026-06-03T00:00,30.0,60,977.7
2026-06-03T01:00,29.9,60,977.8
2026-06-03T02:00,31.2,56,978.1
2026-06-03T03:00,33.3,49,978.0
2026-06-03T04:00,35.3,43,978.1
2026-06-03T05:00,36.9,38,978.0
2026-06-03T06:00,38.2,34,977.5
2026-06-03T07:00,39.4,30,977.0
2026-06-03T08:00,40.0,28,976.4
2026-06-03T09:00,40.2,28,975.4
2026-06-03T10:00,40.3,27,974.7
2026-06-03T11:00,39.3,27,974.5
2026-06-03T12:00,40.0,24,973.1
2026-06-03T13:00,39.0,26,973.4
2026-06-03T14:00,37.2,29,973.7
2026-06-03T15:00,36.2,31,974.1
2026-06-03T16:00,35.8,31,974.3
2026-06-03T17:00,34.9,33,974.8
2026-06-03T18:00,34.0,38,975.4
2026-06-03T19:00,33.3,41,975.0
2026-06-03T20:00,33.0,43,974.7
2026-06-03T21:00,32.5,44,974.2
2026-06-03T22:00,31.9,47,974.2
2026-06-03T23:00,31.3,49,974.2
2026-06-04T00:00,30.7,51,975.0
2026-06-04T01:00,30.6,52,975.4
2026-06-04T02:00,31.5,52,975.6
2026-06-04T03:00,32.7,51,975.9
2026-06-04T04:00,34.2,44,976.0
2026-06-04T05:00,35.9,37,976.0
2026-06-04T06:00,37.8,30,976.1
2026-06-04T07:00,38.6,27,975.2
2026-06-04T08:00,39.4,26,974.5
2026-06-04T09:00,39.8,26,973.3
2026-06-04T10:00,40.0,23,973.4
2026-06-04T11:00,35.9,34,972.9
2026-06-04T12:00,38.2,26,971.9
2026-06-04T13:00,36.9,30,971.8
2026-06-04T14:00,36.0,34,972.1
2026-06-04T15:00,35.2,37,972.8
2026-06-04T16:00,34.5,40,973.3
2026-06-04T17:00,33.8,42,973.8
2026-06-04T18:00,32.9,47,973.4
2026-06-04T19:00,32.5,49,973.3
2026-06-04T20:00,32.2,51,973.4
2026-06-04T21:00,32.1,50,973.8
2026-06-04T22:00,31.3,57,974.0
2026-06-04T23:00,30.5,62,974.3
2026-06-05T00:00,25.1,79,976.5
2026-06-05T01:00,24.9,80,976.2
2026-06-05T02:00,26.3,73,976.8
2026-06-05T03:00,28.3,66,977.5
2026-06-05T04:00,30.4,62,977.4
2026-06-05T05:00,32.3,57,977.3
2026-06-05T06:00,34.1,49,977.5
2026-06-05T07:00,35.6,44,977.1
2026-06-05T08:00,37.0,40,976.0
2026-06-05T09:00,37.8,35,975.1
2026-06-05T10:00,38.2,33,974.5
2026-06-05T11:00,38.4,30,973.8
2026-06-05T12:00,37.8,34,973.6
2026-06-05T13:00,36.4,38,973.6
2026-06-05T14:00,34.9,45,974.0
2026-06-05T15:00,34.2,51,974.4
2026-06-05T16:00,33.7,53,974.9
2026-06-05T17:00,32.9,53,975.5
2026-06-05T18:00,32.6,54,975.7
2026-06-05T19:00,31.9,57,975.1
2026-06-05T20:00,31.4,58,975.0
2026-06-05T21:00,31.1,58,974.6
2026-06-05T22:00,30.8,58,975.0
2026-06-05T23:00,30.4,59,975.2
2026-06-06T00:00,30.9,61,975.5
2026-06-06T01:00,30.7,63,976.2
2026-06-06T02:00,31.7,61,976.9
2026-06-06T03:00,33.0,58,977.4
2026-06-06T04:00,34.7,53,977.7
2026-06-06T05:00,36.2,47,977.7
2026-06-06T06:00,37.5,43,977.9
2026-06-06T07:00,38.4,37,977.5
2026-06-06T08:00,38.9,35,976.8
2026-06-06T09:00,39.7,31,975.9
2026-06-06T10:00,39.8,31,975.1
2026-06-06T11:00,38.6,32,974.7
2026-06-06T12:00,40.5,24,973.7
2026-06-06T13:00,38.8,28,973.9
2026-06-06T14:00,36.8,34,974.5
2026-06-06T15:00,35.8,37,975.3
2026-06-06T16:00,35.3,42,975.9
2026-06-06T17:00,34.8,45,976.2
2026-06-06T18:00,33.0,50,977.3
2026-06-06T19:00,32.1,53,976.8
2026-06-06T20:00,31.9,53,976.8
2026-06-06T21:00,31.4,53,976.3
2026-06-06T22:00,31.1,54,976.4
2026-06-06T23:00,30.9,57,976.8
2026-06-07T00:00,30.5,60,977.1
2026-06-07T01:00,30.1,61,977.5
2026-06-07T02:00,30.9,59,978.0
2026-06-07T03:00,32.1,56,978.2
2026-06-07T04:00,33.7,51,978.3
2026-06-07T05:00,35.3,47,978.3
2026-06-07T06:00,37.2,41,978.3
2026-06-07T07:00,38.4,37,977.9
2026-06-07T08:00,39.6,32,977.0
2026-06-07T09:00,40.4,28,976.1
2026-06-07T10:00,40.7,26,975.3
2026-06-07T11:00,40.6,26,974.8
2026-06-07T12:00,40.5,27,974.4
2026-06-07T13:00,39.5,28,974.2
2026-06-07T14:00,37.9,32,974.5
2026-06-07T15:00,36.5,37,975.1
2026-06-07T16:00,35.7,40,975.6
2026-06-07T17:00,35.2,42,975.9
2026-06-07T18:00,34.6,45,975.5
2026-06-07T19:00,34.0,47,975.5
2026-06-07T20:00,33.6,47,975.3
2026-06-07T21:00,33.1,48,974.9
2026-06-07T22:00,32.5,51,975.2
2026-06-07T23:00,31.8,55,975.3
2026-06-08T00:00,31.7,59,975.5
2026-06-08T01:00,31.3,63,975.9
2026-06-08T02:00,31.7,64,976.5
2026-06-08T03:00,32.7,61,977.0
2026-06-08T04:00,34.1,56,977.3
2026-06-08T05:00,35.6,50,977.2
2026-06-08T06:00,37.5,42,977.1
2026-06-08T07:00,38.8,38,976.5
2026-06-08T08:00,39.9,34,975.6
2026-06-08T09:00,40.7,31,974.6
2026-06-08T10:00,41.2,27,974.2
2026-06-08T11:00,41.2,25,973.6
2026-06-08T12:00,40.5,28,973.4
2026-06-08T13:00,39.2,32,973.4
2026-06-08T14:00,37.6,37,973.6
2026-06-08T15:00,36.5,41,974.1
2026-06-08T16:00,35.6,44,974.6
2026-06-08T17:00,34.8,46,975.0
2026-06-08T18:00,34.5,48,974.8
2026-06-08T19:00,33.8,50,974.7
2026-06-08T20:00,33.5,49,974.4
2026-06-08T21:00,32.9,51,974.2
2026-06-08T22:00,32.3,54,974.3
2026-06-08T23:00,31.5,58,974.6
2026-06-09T00:00,31.2,63,974.6
2026-06-09T01:00,30.7,67,975.0
2026-06-09T02:00,30.9,66,975.6
2026-06-09T03:00,31.6,62,976.0
2026-06-09T04:00,32.8,57,976.2
2026-06-09T05:00,34.2,52,976.1
2026-06-09T06:00,35.9,47,975.6
2026-06-09T07:00,37.3,42,975.3
2026-06-09T08:00,38.4,39,974.6
2026-06-09T09:00,39.5,35,973.7
2026-06-09T10:00,39.9,32,973.2
2026-06-09T11:00,39.9,30,972.8
2026-06-09T12:00,40.0,33,972.1
2026-06-09T13:00,38.9,34,972.2
2026-06-09T14:00,37.5,37,972.8
2026-06-09T15:00,36.4,39,973.2
2026-06-09T16:00,35.6,41,973.8
2026-06-09T17:00,35.0,43,974.0
2026-06-09T18:00,34.6,47,973.7
2026-06-09T19:00,33.8,49,973.4
2026-06-09T20:00,33.4,50,973.3
2026-06-09T21:00,32.6,55,973.4
2026-06-09T22:00,32.1,58,973.6
2026-06-09T23:00,31.2,62,973.8
2026-06-10T00:00,30.8,67,974.6
2026-06-10T01:00,30.1,69,975.4
2026-06-10T02:00,30.4,67,975.8
2026-06-10T03:00,31.2,63,976.0
2026-06-10T04:00,32.4,59,975.8
2026-06-10T05:00,34.0,53,975.6
2026-06-10T06:00,35.9,46,975.5
2026-06-10T07:00,37.2,42,975.0
2026-06-10T08:00,38.6,37,973.9
2026-06-10T09:00,39.4,34,972.9
2026-06-10T10:00,39.8,32,972.5
2026-06-10T11:00,39.6,33,972.0
2026-06-10T12:00,39.9,34,971.8
2026-06-10T13:00,38.8,37,971.8
2026-06-10T14:00,37.7,40,971.8
2026-06-10T15:00,36.9,42,972.0
2026-06-10T16:00,36.2,43,972.4
2026-06-10T17:00,35.8,44,973.0
2026-06-10T18:00,35.4,45,973.5
2026-06-10T19:00,34.8,47,973.2
2026-06-10T20:00,33.9,49,972.7
2026-06-10T21:00,32.3,57,972.7
2026-06-10T22:00,31.6,60,972.6
2026-06-10T23:00,31.1,62,972.9
2026-06-11T00:00,30.9,66,972.6
2026-06-11T01:00,30.4,69,973.2
2026-06-11T02:00,30.7,68,973.6
2026-06-11T03:00,31.6,65,973.9
2026-06-11T04:00,32.8,60,974.3
2026-06-11T05:00,34.4,54,974.3
2026-06-11T06:00,36.3,48,974.0
2026-06-11T07:00,37.7,42,973.5
2026-06-11T08:00,38.8,39,973.0
2026-06-11T09:00,39.5,36,972.1
2026-06-11T10:00,39.9,35,971.7
2026-06-11T11:00,39.9,34,971.2
2026-06-11T12:00,40.0,35,970.4
2026-06-11T13:00,39.0,37,970.7
2026-06-11T14:00,38.0,40,971.3
2026-06-11T15:00,37.1,43,971.7
2026-06-11T16:00,36.4,45,972.1
2026-06-11T17:00,35.7,46,972.6
2026-06-11T18:00,35.9,46,972.3
2026-06-11T19:00,34.9,48,972.3
2026-06-11T20:00,33.8,56,972.2
2026-06-11T21:00,32.9,59,972.0
2026-06-11T22:00,32.0,61,972.6
2026-06-11T23:00,31.0,64,972.7
2026-06-12T00:00,30.9,67,973.1
2026-06-12T01:00,30.5,69,973.8
2026-06-12T02:00,30.6,67,974.8
2026-06-12T03:00,31.0,64,975.3
2026-06-12T04:00,32.2,59,976.0
2026-06-12T05:00,33.8,53,976.2
2026-06-12T06:00,35.4,47,975.9
2026-06-12T07:00,36.7,43,975.7
2026-06-12T08:00,38.2,38,975.2
2026-06-12T09:00,39.1,35,974.3
2026-06-12T10:00,39.6,34,973.8
2026-06-12T11:00,39.7,33,973.3
2026-06-12T12:00,40.1,32,972.9
2026-06-12T13:00,39.0,34,972.8
2026-06-12T14:00,38.1,38,973.3
2026-06-12T15:00,37.3,40,973.9
2026-06-12T16:00,36.7,42,974.7
2026-06-12T17:00,36.0,44,975.4
2026-06-12T18:00,35.3,46,975.4
2026-06-12T19:00,34.6,48,975.6
2026-06-12T20:00,33.8,47,975.5
2026-06-12T21:00,32.9,53,975.1
2026-06-12T22:00,31.8,57,975.7
2026-06-12T23:00,31.3,59,976.2
2026-06-13T00:00,27.3,69,977.0
2026-06-13T01:00,27.5,70,977.9
2026-06-13T02:00,29.4,66,978.5
2026-06-13T03:00,30.8,62,978.7
2026-06-13T04:00,32.2,57,978.7
2026-06-13T05:00,33.5,53,978.7
2026-06-13T06:00,34.6,47,979.1
2026-06-13T07:00,35.6,44,978.6
2026-06-13T08:00,36.8,39,977.9
2026-06-13T09:00,37.5,36,977.3
2026-06-13T10:00,38.1,33,976.6
2026-06-13T11:00,37.9,34,975.7
2026-06-13T12:00,37.7,35,975.7
2026-06-13T13:00,36.4,39,975.5
2026-06-13T14:00,35.5,44,975.7
2026-06-13T15:00,34.6,51,975.9
2026-06-13T16:00,34.0,57,976.5
2026-06-13T17:00,33.1,55,976.9
2026-06-13T18:00,30.6,56,977.2
2026-06-13T19:00,29.0,64,976.8
2026-06-13T20:00,29.8,61,976.7
2026-06-13T21:00,29.5,60,976.7
2026-06-13T22:00,28.7,63,976.7
2026-06-13T23:00,28.4,63,976.6
2026-06-14T00:00,31.1,65,976.8
2026-06-14T01:00,30.5,68,977.2
2026-06-14T02:00,30.8,67,977.7
2026-06-14T03:00,31.8,62,978.1
2026-06-14T04:00,33.0,57,978.5
2026-06-14T05:00,34.4,51,978.5
2026-06-14T06:00,35.7,47,978.8
2026-06-14T07:00,36.8,42,978.2
2026-06-14T08:00,37.8,37,977.4
2026-06-14T09:00,38.4,33,976.5
2026-06-14T10:00,38.3,31,975.4
2026-06-14T11:00,38.3,31,974.9
2026-06-14T12:00,36.8,33,975.5
2026-06-14T13:00,36.4,36,974.6
2026-06-14T14:00,35.3,42,974.9
2026-06-14T15:00,34.3,47,975.4
2026-06-14T16:00,33.8,47,976.2
2026-06-14T17:00,33.4,46,976.5
2026-06-14T18:00,27.2,73,977.2
2026-06-14T19:00,27.6,72,977.0
2026-06-14T20:00,27.7,75,976.5
2026-06-14T21:00,27.3,79,976.2
2026-06-14T22:00,27.0,76,976.1
2026-06-14T23:00,26.6,75,976.3
2026-06-15T00:00,29.0,66,976.5
2026-06-15T01:00,28.6,68,977.1
2026-06-15T02:00,29.1,65,977.5
2026-06-15T03:00,30.2,60,977.9
2026-06-15T04:00,31.8,55,978.6
2026-06-15T05:00,33.4,48,978.7
2026-06-15T06:00,34.2,46,978.0
2026-06-15T07:00,35.6,43,977.6
2026-06-15T08:00,36.1,42,976.6
2026-06-15T09:00,36.6,41,976.3
2026-06-15T10:00,37.3,37,975.8
2026-06-15T11:00,37.3,36,975.5
2026-06-15T12:00,37.7,35,975.0
2026-06-15T13:00,36.1,39,975.5
2026-06-15T14:00,35.7,41,975.6
2026-06-15T15:00,35.0,44,976.2
2026-06-15T16:00,34.4,45,976.4
2026-06-15T17:00,33.7,47,976.6
2026-06-15T18:00,33.8,45,976.2
2026-06-15T19:00,33.2,47,976.0
2026-06-15T20:00,32.5,51,976.1
2026-06-15T21:00,31.8,56,976.2
2026-06-15T22:00,31.1,59,976.5
2026-06-15T23:00,30.7,61,976.8
2026-06-16T00:00,30.0,64,977.1
2026-06-16T01:00,29.7,65,978.0
2026-06-16T02:00,30.4,62,978.7
2026-06-16T03:00,31.4,58,978.9
2026-06-16T04:00,32.8,52,979.4
2026-06-16T05:00,34.2,48,979.9
2026-06-16T06:00,35.8,39,979.3
2026-06-16T07:00,36.9,37,979.1
2026-06-16T08:00,37.4,36,978.3
2026-06-16T09:00,37.7,32,977.6
2026-06-16T10:00,37.1,35,977.0
2026-06-16T11:00,37.8,33,975.9
2026-06-16T12:00,37.2,34,976.2
2026-06-16T13:00,36.7,35,976.5
2026-06-16T14:00,35.8,38,977.1
2026-06-16T15:00,35.1,40,977.6
2026-06-16T16:00,34.5,41,978.1
2026-06-16T17:00,33.9,42,978.0
2026-06-16T18:00,33.0,45,978.5
2026-06-16T19:00,32.4,47,977.7
2026-06-16T20:00,32.1,48,977.4
2026-06-16T21:00,31.4,50,977.3
2026-06-16T22:00,30.8,52,977.3
2026-06-16T23:00,30.6,54,977.7
2026-06-17T00:00,28.8,68,978.3
2026-06-17T01:00,28.9,72,979.2
2026-06-17T02:00,29.6,70,979.9
2026-06-17T03:00,30.8,65,980.3
2026-06-17T04:00,32.3,58,980.5
2026-06-17T05:00,33.7,52,980.3
2026-06-17T06:00,34.1,51,980.4
2026-06-17T07:00,35.6,45,979.9
2026-06-17T08:00,35.0,43,979.3
2026-06-17T09:00,35.4,42,978.2
2026-06-17T10:00,36.0,41,977.7
2026-06-17T11:00,36.4,40,976.8
2026-06-17T12:00,37.0,39,975.6
2026-06-17T13:00,35.6,42,975.8
2026-06-17T14:00,34.7,45,976.2
2026-06-17T15:00,33.8,49,976.9
2026-06-17T16:00,33.1,50,977.5
2026-06-17T17:00,32.6,50,978.0
2026-06-17T18:00,33.1,46,978.2
2026-06-17T19:00,32.3,49,977.8
2026-06-17T20:00,31.8,51,977.6
2026-06-17T21:00,31.2,52,977.2
2026-06-17T22:00,30.7,53,977.3
2026-06-17T23:00,29.9,61,977.6
2026-06-18T00:00,30.9,58,977.7
2026-06-18T01:00,30.0,66,978.2
2026-06-18T02:00,30.6,64,978.8
2026-06-18T03:00,31.6,62,979.5
2026-06-18T04:00,32.8,57,979.6
2026-06-18T05:00,34.0,53,979.5
2026-06-18T06:00,35.1,44,979.7
2026-06-18T07:00,35.0,47,979.2
2026-06-18T08:00,35.6,46,978.7
2026-06-18T09:00,37.0,42,977.7
2026-06-18T10:00,37.5,39,976.8
2026-06-18T11:00,36.9,38,975.8
2026-06-18T12:00,36.0,42,975.4
2026-06-18T13:00,35.1,44,975.4
2026-06-18T14:00,34.5,46,975.7
2026-06-18T15:00,33.7,48,976.4
2026-06-18T16:00,33.4,48,977.3
2026-06-18T17:00,32.8,49,977.7
2026-06-18T18:00,31.7,54,977.2
2026-06-18T19:00,27.2,74,978.0
2026-06-18T20:00,25.7,83,977.2
2026-06-18T21:00,25.9,85,976.5
2026-06-18T22:00,26.2,85,976.4
2026-06-18T23:00,26.8,82,976.4
2026-06-19T00:00,29.0,69,976.6
2026-06-19T01:00,28.7,74,977.3
2026-06-19T02:00,30.1,63,978.0
2026-06-19T03:00,31.2,60,978.6
2026-06-19T04:00,32.4,57,978.9
2026-06-19T05:00,33.6,52,979.2
2026-06-19T06:00,33.5,48,979.2
2026-06-19T07:00,34.5,44,979.4
2026-06-19T08:00,35.2,43,978.8
2026-06-19T09:00,36.0,41,978.2
2026-06-19T10:00,36.2,40,977.3
2026-06-19T11:00,36.3,39,976.7
2026-06-19T12:00,35.8,42,976.7
2026-06-19T13:00,35.2,41,976.5
2026-06-19T14:00,33.8,47,976.9
2026-06-19T15:00,32.8,52,977.5
2026-06-19T16:00,32.3,52,978.3
2026-06-19T17:00,31.8,51,978.9
2026-06-19T18:00,30.2,62,978.8
2026-06-19T19:00,29.0,65,978.6
2026-06-19T20:00,28.8,68,978.1
2026-06-19T21:00,29.2,66,977.5
2026-06-19T22:00,29.6,62,977.3
2026-06-19T23:00,29.3,61,978.0
2026-06-20T00:00,29.4,63,978.0
2026-06-20T01:00,29.1,64,978.7
2026-06-20T02:00,30.0,61,979.5
2026-06-20T03:00,31.1,57,980.1
2026-06-20T04:00,32.3,54,980.3
2026-06-20T05:00,33.6,50,980.2
2026-06-20T06:00,34.9,44,979.9
2026-06-20T07:00,35.6,41,979.5
2026-06-20T08:00,36.4,39,978.9
2026-06-20T09:00,36.8,37,978.2
2026-06-20T10:00,37.0,36,977.5
2026-06-20T11:00,36.9,35,976.9
2026-06-20T12:00,35.8,35,976.4
2026-06-20T13:00,36.1,34,976.6
2026-06-20T14:00,35.0,38,976.9
2026-06-20T15:00,34.3,41,977.5
2026-06-20T16:00,33.8,43,978.0
2026-06-20T17:00,33.1,45,978.3
2026-06-20T18:00,33.0,47,978.1
2026-06-20T19:00,30.4,58,978.0
2026-06-20T20:00,29.7,64,977.4
2026-06-20T21:00,28.0,68,977.0
2026-06-20T22:00,27.7,66,976.7
2026-06-20T23:00,28.6,64,977.3
2026-06-21T00:00,30.0,64,977.8
2026-06-21T01:00,29.7,66,978.3
2026-06-21T02:00,30.2,65,979.0
2026-06-21T03:00,31.0,62,979.3
2026-06-21T04:00,32.2,56,979.1
2026-06-21T05:00,33.5,50,978.9
2026-06-21T06:00,34.8,43,978.8
2026-06-21T07:00,35.9,40,977.9
2026-06-21T08:00,36.8,37,977.1
2026-06-21T09:00,37.4,35,976.2
2026-06-21T10:00,37.7,33,975.4
2026-06-21T11:00,37.8,32,974.8
2026-06-21T12:00,37.9,32,974.0
2026-06-21T13:00,36.5,36,974.1
2026-06-21T14:00,35.7,38,974.9
2026-06-21T15:00,34.8,39,975.4
2026-06-21T16:00,34.0,41,976.2
2026-06-21T17:00,33.4,44,976.5
2026-06-21T18:00,33.5,45,976.2
2026-06-21T19:00,32.7,45,976.1
2026-06-21T20:00,32.2,45,975.9
2026-06-21T21:00,31.7,45,975.3
2026-06-21T22:00,31.1,46,975.7
2026-06-21T23:00,30.4,48,976.3
2026-06-22T00:00,29.6,57,976.9
2026-06-22T01:00,29.3,61,977.9
2026-06-22T02:00,29.9,61,978.5
2026-06-22T03:00,31.0,57,978.8
2026-06-22T04:00,32.3,51,979.1
2026-06-22T05:00,33.7,46,979.0
2026-06-22T06:00,35.3,37,978.6
2026-06-22T07:00,35.3,38,978.0
2026-06-22T08:00,35.7,37,977.3
2026-06-22T09:00,37.1,32,976.2
2026-06-22T10:00,37.4,31,975.5
2026-06-22T11:00,37.4,30,974.8
2026-06-22T12:00,37.8,26,974.4
2026-06-22T13:00,37.1,28,974.6
2026-06-22T14:00,35.8,31,974.9
2026-06-22T15:00,34.7,35,975.4
2026-06-22T16:00,34.1,36,976.1
2026-06-22T17:00,33.8,36,976.4
2026-06-22T18:00,33.5,39,976.5
2026-06-22T19:00,32.8,43,976.0
2026-06-22T20:00,32.4,44,975.5
2026-06-22T21:00,32.2,45,975.0
2026-06-22T22:00,31.2,48,974.9
2026-06-22T23:00,30.7,50,975.0
2026-06-23T00:00,30.4,55,975.5
2026-06-23T01:00,30.0,60,976.0
2026-06-23T02:00,30.5,62,976.7
2026-06-23T03:00,31.7,58,977.0
2026-06-23T04:00,33.1,52,976.9
2026-06-23T05:00,34.3,48,976.9
2026-06-23T06:00,35.5,42,976.4
2026-06-23T07:00,36.5,38,976.0
2026-06-23T08:00,37.4,34,975.3
2026-06-23T09:00,37.8,32,974.0
2026-06-23T10:00,37.9,32,973.4
2026-06-23T11:00,37.9,31,972.9
2026-06-23T12:00,37.8,29,972.3
2026-06-23T13:00,37.8,29,972.3
2026-06-23T14:00,36.4,32,972.8
2026-06-23T15:00,35.3,36,973.3
2026-06-23T16:00,34.7,38,974.0
2026-06-23T17:00,34.0,40,974.7
2026-06-23T18:00,33.7,41,974.5
2026-06-23T19:00,32.9,44,974.1
2026-06-23T20:00,32.7,45,973.7
2026-06-23T21:00,32.2,47,973.5
2026-06-23T22:00,31.8,49,973.6
2026-06-23T23:00,31.3,52,974.0
2026-06-24T00:00,30.6,64,974.3
2026-06-24T01:00,30.2,66,974.9
2026-06-24T02:00,30.8,64,975.3
2026-06-24T03:00,32.1,58,975.8
2026-06-24T04:00,33.4,52,976.1
2026-06-24T05:00,34.8,47,976.0
2026-06-24T06:00,36.0,39,975.8
2026-06-24T07:00,37.0,34,975.1
2026-06-24T08:00,37.5,34,974.3
2026-06-24T09:00,38.2,32,973.6
2026-06-24T10:00,38.5,31,973.1
2026-06-24T11:00,38.2,31,972.6
2026-06-24T12:00,37.4,31,972.0
2026-06-24T13:00,36.7,33,972.0
2026-06-24T14:00,35.3,39,972.6
2026-06-24T15:00,34.0,43,973.1
2026-06-24T16:00,33.5,42,974.0
2026-06-24T17:00,33.2,42,974.6
2026-06-24T18:00,27.9,67,975.4
2026-06-24T19:00,27.9,69,975.1
2026-06-24T20:00,26.1,82,974.6
2026-06-24T21:00,26.4,79,974.3
2026-06-24T22:00,27.1,80,974.6
2026-06-24T23:00,27.7,77,974.8
2026-06-25T00:00,29.7,65,975.2
2026-06-25T01:00,29.5,68,976.0
2026-06-25T02:00,30.1,66,976.8
2026-06-25T03:00,31.2,62,977.4
2026-06-25T04:00,32.3,59,977.8
2026-06-25T05:00,33.5,55,977.7
2026-06-25T06:00,33.2,54,977.9
2026-06-25T07:00,34.7,50,977.2
2026-06-25T08:00,36.0,44,976.6
2026-06-25T09:00,36.6,41,975.9
2026-06-25T10:00,36.8,40,975.0
2026-06-25T11:00,36.6,39,974.3
2026-06-25T12:00,36.6,39,973.8
2026-06-25T13:00,36.1,40,974.0
2026-06-25T14:00,34.8,43,975.0
2026-06-25T15:00,32.2,58,975.7
2026-06-25T16:00,32.3,56,976.2
2026-06-25T17:00,32.2,57,976.5
2026-06-25T18:00,32.8,52,976.6
2026-06-25T19:00,32.4,52,976.4
2026-06-25T20:00,31.6,54,976.2
2026-06-25T21:00,29.3,63,976.4
2026-06-25T22:00,26.1,80,976.3
2026-06-25T23:00,26.6,81,976.6
2026-06-26T00:00,30.4,62,976.4
2026-06-26T01:00,30.3,63,977.2
2026-06-26T02:00,30.9,62,977.9
2026-06-26T03:00,31.9,58,978.5
2026-06-26T04:00,33.3,54,978.9
2026-06-26T05:00,34.6,49,979.0
2026-06-26T06:00,34.2,50,979.3
2026-06-26T07:00,35.7,47,978.6
2026-06-26T08:00,36.3,44,977.8
2026-06-26T09:00,37.2,40,976.9
2026-06-26T10:00,37.4,39,976.2
2026-06-26T11:00,37.5,38,975.5
2026-06-26T12:00,38.1,35,974.5
2026-06-26T13:00,37.2,37,974.9
2026-06-26T14:00,30.4,65,976.3
2026-06-26T15:00,26.2,89,977.0
2026-06-26T16:00,27.6,91,977.5
2026-06-26T17:00,26.0,91,978.6
2026-06-26T18:00,28.5,79,977.3
2026-06-26T19:00,28.5,77,977.0
2026-06-26T20:00,28.2,80,977.0
2026-06-26T21:00,27.5,84,977.1
2026-06-26T22:00,27.6,80,976.5
2026-06-26T23:00,28.1,75,976.2
2026-06-27T00:00,31.4,59,976.1
2026-06-27T01:00,31.3,59,976.8
2026-06-27T02:00,32.1,55,977.6
2026-06-27T03:00,33.0,53,978.0
2026-06-27T04:00,34.8,48,978.5
2026-06-27T05:00,36.3,43,978.5
2026-06-27T06:00,37.5,41,978.3
2026-06-27T07:00,38.2,40,977.6
2026-06-27T08:00,38.9,37,977.0
2026-06-27T09:00,39.6,34,975.8
2026-06-27T10:00,39.5,33,974.7
2026-06-27T11:00,38.6,34,973.8
2026-06-27T12:00,37.0,42,973.7
2026-06-27T13:00,37.0,41,974.1
2026-06-27T14:00,34.3,49,974.5
2026-06-27T15:00,31.2,58,974.9
2026-06-27T16:00,31.4,60,975.4
2026-06-27T17:00,31.9,60,975.6
2026-06-27T18:00,33.1,56,975.5
2026-06-27T19:00,33.1,54,975.1
2026-06-27T20:00,32.9,53,974.6
2026-06-27T21:00,33.0,48,974.2
2026-06-27T22:00,32.7,46,974.2
2026-06-27T23:00,32.1,49,974.4
2026-06-28T00:00,31.8,55,974.7
2026-06-28T01:00,31.1,60,975.2
2026-06-28T02:00,31.7,59,975.8
2026-06-28T03:00,32.7,56,976.2
2026-06-28T04:00,34.0,51,976.5
2026-06-28T05:00,35.3,46,976.8
2026-06-28T06:00,36.6,41,976.4
2026-06-28T07:00,37.7,38,975.6
2026-06-28T08:00,38.7,35,974.8
2026-06-28T09:00,39.3,32,974.0
2026-06-28T10:00,39.4,31,973.1
2026-06-28T11:00,39.1,30,972.4
2026-06-28T12:00,38.7,30,972.2
2026-06-28T13:00,37.9,31,972.2
2026-06-28T14:00,36.5,35,972.6
2026-06-28T15:00,35.6,37,973.1
2026-06-28T16:00,34.9,38,973.8
2026-06-28T17:00,34.2,40,974.3
2026-06-28T18:00,34.5,41,974.7
2026-06-28T19:00,33.9,43,974.1
2026-06-28T20:00,33.3,45,973.7
2026-06-28T21:00,32.8,46,973.1
2026-06-28T22:00,32.4,47,973.4
2026-06-28T23:00,31.8,49,973.7
2026-06-29T00:00,31.2,55,973.3
2026-06-29T01:00,30.8,58,973.8
2026-06-29T02:00,31.1,58,974.4
2026-06-29T03:00,32.1,55,975.1
2026-06-29T04:00,33.4,49,975.4
2026-06-29T05:00,34.6,43,975.5
2026-06-29T06:00,36.2,38,975.2
2026-06-29T07:00,37.2,35,974.7
2026-06-29T08:00,38.2,32,974.0
2026-06-29T09:00,38.9,29,973.3
2026-06-29T10:00,39.2,29,972.4
2026-06-29T11:00,39.1,29,971.4
2026-06-29T12:00,39.0,30,971.0
2026-06-29T13:00,38.0,32,971.0
2026-06-29T14:00,36.8,36,971.4
2026-06-29T15:00,35.9,39,972.2
2026-06-29T16:00,35.3,40,973.0
2026-06-29T17:00,34.7,42,973.4
2026-06-29T18:00,34.6,43,973.4
2026-06-29T19:00,33.8,46,973.1
2026-06-29T20:00,33.2,48,973.0
2026-06-29T21:00,32.8,50,972.5
2026-06-29T22:00,32.1,52,972.9
2026-06-29T23:00,31.0,55,973.1
2026-06-30T00:00,30.7,59,973.0
2026-06-30T01:00,30.2,60,973.9
2026-06-30T02:00,30.5,59,974.4
2026-06-30T03:00,31.1,56,975.1
2026-06-30T04:00,32.0,54,975.3
2026-06-30T05:00,33.3,50,975.5
2026-06-30T06:00,34.8,45,975.3
2026-06-30T07:00,35.9,42,975.0
2026-06-30T08:00,37.1,38,973.8
2026-06-30T09:00,37.7,36,972.8
2026-06-30T10:00,38.1,35,972.0
2026-06-30T11:00,38.1,34,971.4
2026-06-30T12:00,38.2,35,971.2
2026-06-30T13:00,37.4,36,971.4
2026-06-30T14:00,36.5,38,971.8
2026-06-30T15:00,35.7,40,972.4
2026-06-30T16:00,35.0,42,972.9
2026-06-30T17:00,34.4,44,973.4
2026-06-30T18:00,34.2,43,973.3
2026-06-30T19:00,33.6,45,973.2
2026-06-30T20:00,33.0,46,973.0
2026-06-30T21:00,32.5,48,972.4
2026-06-30T22:00,32.0,49,972.6
2026-06-30T23:00,31.5,51,972.9
2026-07-01T00:00,30.9,56,972.9
2026-07-01T01:00,30.6,58,973.7
2026-07-01T02:00,30.9,56,974.4
2026-07-01T03:00,31.9,53,974.8
2026-07-01T04:00,33.2,49,975.0
2026-07-01T05:00,34.4,45,975.0
2026-07-01T06:00,35.8,40,974.6
2026-07-01T07:00,36.8,38,974.1
2026-07-01T08:00,37.5,36,973.3
2026-07-01T09:00,37.9,36,972.1
2026-07-01T10:00,38.0,35,971.2
2026-07-01T11:00,38.1,35,970.7
2026-07-01T12:00,38.4,34,970.2
2026-07-01T13:00,37.7,35,970.4
2026-07-01T14:00,36.9,36,970.9
2026-07-01T15:00,36.3,38,971.8
2026-07-01T16:00,35.7,40,972.5
2026-07-01T17:00,35.1,41,973.3
2026-07-01T18:00,35.0,40,973.9
2026-07-01T19:00,34.5,42,973.7
2026-07-01T20:00,33.9,43,973.1
2026-07-01T21:00,33.4,44,972.4
2026-07-01T22:00,33.0,45,972.4
2026-07-01T23:00,32.4,47,972.7
2026-07-02T00:00,31.2,57,973.2
2026-07-02T01:00,31.1,56,974.0
2026-07-02T02:00,31.7,57,974.4
2026-07-02T03:00,32.9,55,975.0
2026-07-02T04:00,34.6,48,975.5
2026-07-02T05:00,36.1,43,975.5
2026-07-02T06:00,37.1,40,975.3
2026-07-02T07:00,37.9,38,974.9
2026-07-02T08:00,38.8,36,974.3
2026-07-02T09:00,39.1,35,973.3
2026-07-02T10:00,39.2,35,972.4
2026-07-02T11:00,39.0,35,971.9
2026-07-02T12:00,38.9,34,971.5
2026-07-02T13:00,38.1,34,971.7
2026-07-02T14:00,33.2,60,972.7
2026-07-02T15:00,29.5,69,973.0
2026-07-02T16:00,29.6,70,974.1
2026-07-02T17:00,30.2,70,975.0
2026-07-02T18:00,27.8,85,976.5
2026-07-02T19:00,26.9,95,974.9
2026-07-02T20:00,27.2,88,974.6
2026-07-02T21:00,27.7,82,974.2
2026-07-02T22:00,27.7,82,974.3
2026-07-02T23:00,27.6,82,974.0
2026-07-03T00:00,27.4,98,974.0
2026-07-03T01:00,27.6,97,974.4
2026-07-03T02:00,28.6,90,975.3
2026-07-03T03:00,30.0,79,975.9
2026-07-03T04:00,31.0,72,975.8
2026-07-03T05:00,33.1,61,975.7
2026-07-03T06:00,36.0,49,975.4
2026-07-03T07:00,36.9,45,974.6
2026-07-03T08:00,37.8,42,973.9
2026-07-03T09:00,38.2,41,973.1
2026-07-03T10:00,38.6,39,972.3
2026-07-03T11:00,38.2,39,971.5
2026-07-03T12:00,30.8,66,972.1
2026-07-03T13:00,31.2,67,971.8
2026-07-03T14:00,31.5,68,972.0
2026-07-03T15:00,31.5,64,972.4
2026-07-03T16:00,31.7,63,973.0
2026-07-03T17:00,31.5,64,973.7
2026-07-03T18:00,30.0,75,974.5
2026-07-03T19:00,28.6,82,974.7
2026-07-03T20:00,27.7,80,974.2
2026-07-03T21:00,27.8,75,973.5
2026-07-03T22:00,27.0,81,973.4
2026-07-03T23:00,26.7,87,973.4
2026-07-04T00:00,27.4,83,973.5
2026-07-04T01:00,27.5,83,973.5
2026-07-04T02:00,27.8,83,973.8
2026-07-04T03:00,28.7,79,974.0
2026-07-04T04:00,29.4,75,974.0
2026-07-04T05:00,31.2,68,973.9
2026-07-04T06:00,29.9,78,973.7
2026-07-04T07:00,30.3,77,973.5
2026-07-04T08:00,33.2,62,972.6
2026-07-04T09:00,34.5,56,971.5
2026-07-04T10:00,34.6,54,970.7
2026-07-04T11:00,35.6,51,970.1
2026-07-04T12:00,34.6,55,969.9
2026-07-04T13:00,29.8,83,969.8
2026-07-04T14:00,30.8,80,969.7
2026-07-04T15:00,31.0,72,970.1
2026-07-04T16:00,30.8,74,970.7
2026-07-04T17:00,30.7,74,971.2
2026-07-04T18:00,29.9,74,971.7
2026-07-04T19:00,29.6,73,971.3
2026-07-04T20:00,29.5,72,971.3
2026-07-04T21:00,29.0,73,970.7
2026-07-04T22:00,28.6,74,970.8
2026-07-04T23:00,28.3,75,970.8
2026-07-05T00:00,28.0,86,971.4
2026-07-05T01:00,28.2,86,971.7
2026-07-05T02:00,29.0,80,972.6
2026-07-05T03:00,30.1,74,973.0
2026-07-05T04:00,31.6,67,972.9
2026-07-05T05:00,33.1,61,972.8
2026-07-05T06:00,33.8,59,972.4
2026-07-05T07:00,34.9,55,971.9
2026-07-05T08:00,35.5,53,971.4
2026-07-05T09:00,36.2,50,970.5
2026-07-05T10:00,36.7,48,970.1
2026-07-05T11:00,36.9,47,969.3
2026-07-05T12:00,37.3,45,968.8
2026-07-05T13:00,34.1,62,969.4
2026-07-05T14:00,30.3,79,970.3
2026-07-05T15:00,30.1,78,971.0
2026-07-05T16:00,30.4,74,971.7
2026-07-05T17:00,30.4,73,972.1
2026-07-05T18:00,29.5,85,971.6
2026-07-05T19:00,29.9,85,971.3
2026-07-05T20:00,29.9,85,970.7
2026-07-05T21:00,30.0,82,970.4
2026-07-05T22:00,30.0,80,970.4
2026-07-05T23:00,29.7,79,970.2
2026-07-06T00:00,29.7,85,970.6
2026-07-06T01:00,29.7,85,971.3
2026-07-06T02:00,30.6,79,972.2
2026-07-06T03:00,31.6,73,972.5
2026-07-06T04:00,32.4,69,972.8
2026-07-06T05:00,33.8,63,972.9
2026-07-06T06:00,27.9,92,973.2
2026-07-06T07:00,28.8,88,972.5
2026-07-06T08:00,31.2,78,972.0
2026-07-06T09:00,33.2,68,971.4
2026-07-06T10:00,33.9,63,970.9
2026-07-06T11:00,34.2,61,970.2
2026-07-06T12:00,31.2,70,970.5
2026-07-06T13:00,30.6,72,969.9
2026-07-06T14:00,30.2,75,970.1
2026-07-06T15:00,29.6,78,970.9
2026-07-06T16:00,29.4,78,971.9
2026-07-06T17:00,29.3,79,972.2
2026-07-06T18:00,27.5,78,972.7
2026-07-06T19:00,27.3,79,972.2
2026-07-06T20:00,27.3,79,971.9
2026-07-06T21:00,27.2,80,971.4
2026-07-06T22:00,27.1,82,970.9
2026-07-06T23:00,27.2,82,971.1
2026-07-07T00:00,28.2,87,971.9
2026-07-07T01:00,28.2,86,972.2
2026-07-07T02:00,29.2,79,972.5
2026-07-07T03:00,30.6,71,973.2
2026-07-07T04:00,32.2,64,972.9
2026-07-07T05:00,33.5,59,973.0
2026-07-07T06:00,33.2,63,972.9
2026-07-07T07:00,32.8,65,972.6
2026-07-07T08:00,32.1,68,971.9
2026-07-07T09:00,32.9,65,971.2
2026-07-07T10:00,33.4,64,970.5
2026-07-07T11:00,34.0,61,969.9
2026-07-07T12:00,33.1,66,969.8
2026-07-07T13:00,32.8,68,969.5
2026-07-07T14:00,32.0,72,970.1
2026-07-07T15:00,31.7,73,971.0
2026-07-07T16:00,31.5,71,971.8
2026-07-07T17:00,30.7,72,971.7
2026-07-07T18:00,27.8,91,972.9
2026-07-07T19:00,27.9,95,971.9
2026-07-07T20:00,28.2,95,971.6
2026-07-07T21:00,28.1,93,971.4
2026-07-07T22:00,27.7,90,971.1
2026-07-07T23:00,27.6,88,971.1
2026-07-08T00:00,28.3,88,971.0
2026-07-08T01:00,28.1,88,970.7
2026-07-08T02:00,28.8,84,971.3
2026-07-08T03:00,30.3,77,971.8
2026-07-08T04:00,31.7,70,971.8
2026-07-08T05:00,33.3,64,971.9
2026-07-08T06:00,34.0,61,972.1
2026-07-08T07:00,35.4,56,971.7
2026-07-08T08:00,36.3,53,971.2
2026-07-08T09:00,36.8,51,970.3
2026-07-08T10:00,36.9,48,969.8
2026-07-08T11:00,36.8,46,969.1
2026-07-08T12:00,33.4,72,968.8
2026-07-08T13:00,35.0,59,969.2
2026-07-08T14:00,34.3,56,969.9
2026-07-08T15:00,33.5,57,970.4
2026-07-08T16:00,32.8,60,971.2
2026-07-08T17:00,32.3,63,971.5
2026-07-08T18:00,32.4,65,971.1
2026-07-08T19:00,31.9,66,970.7
2026-07-08T20:00,31.4,68,970.8
2026-07-08T21:00,31.0,71,971.1
2026-07-08T22:00,28.5,82,971.4
2026-07-08T23:00,30.1,71,971.1
2026-07-09T00:00,27.3,92,972.5
2026-07-09T01:00,27.1,92,972.6
2026-07-09T02:00,29.4,76,973.0
2026-07-09T03:00,30.0,72,973.4
2026-07-09T04:00,30.9,68,973.7
2026-07-09T05:00,32.5,61,973.9
2026-07-09T06:00,33.1,60,974.1
2026-07-09T07:00,33.3,58,974.0
2026-07-09T08:00,34.1,55,973.4
2026-07-09T09:00,34.7,51,973.0
2026-07-09T10:00,34.3,51,972.6
2026-07-09T11:00,34.5,50,971.9
2026-07-09T12:00,34.9,50,972.2
2026-07-09T13:00,34.3,54,972.3
2026-07-09T14:00,32.9,61,972.6
2026-07-09T15:00,32.4,62,973.1
2026-07-09T16:00,32.4,59,974.0
2026-07-09T17:00,31.9,60,974.3
2026-07-09T18:00,32.0,61,974.3
2026-07-09T19:00,31.6,61,974.0
2026-07-09T20:00,31.0,63,973.5
2026-07-09T21:00,30.4,65,973.1
2026-07-09T22:00,29.6,69,973.3
2026-07-09T23:00,28.9,72,974.1
2026-07-10T00:00,28.4,75,974.4
2026-07-10T01:00,27.9,77,974.9
2026-07-10T02:00,28.1,75,975.5
2026-07-10T03:00,28.8,72,975.9
2026-07-10T04:00,30.0,66,976.1
2026-07-10T05:00,31.2,60,976.0
2026-07-10T06:00,32.2,56,975.9
2026-07-10T07:00,33.3,52,975.6
2026-07-10T08:00,34.2,49,974.8
2026-07-10T09:00,34.9,46,974.2
2026-07-10T10:00,35.2,45,973.8
2026-07-10T11:00,35.0,45,973.2
2026-07-10T12:00,34.7,45,972.8
2026-07-10T13:00,33.9,48,973.0
2026-07-10T14:00,32.7,52,973.5
2026-07-10T15:00,32.1,54,973.7
2026-07-10T16:00,31.8,55,974.0
2026-07-10T17:00,31.7,55,974.4
2026-07-10T18:00,31.6,56,974.5
2026-07-10T19:00,30.7,58,974.0
2026-07-10T20:00,29.8,61,973.4
2026-07-10T21:00,28.9,65,972.8
2026-07-10T22:00,28.1,69,972.6
2026-07-10T23:00,27.4,72,972.8
2026-07-11T00:00,27.2,76,972.8
2026-07-11T01:00,27.1,77,973.1
2026-07-11T02:00,27.5,74,973.4
2026-07-11T03:00,28.3,70,973.9
2026-07-11T04:00,29.6,64,974.1
2026-07-11T05:00,30.7,59,974.1
2026-07-11T06:00,32.6,53,973.6
2026-07-11T07:00,34.4,48,973.2
2026-07-11T08:00,35.4,46,972.5
2026-07-11T09:00,35.9,44,971.5
2026-07-11T10:00,36.3,43,971.0
2026-07-11T11:00,36.1,43,970.8
2026-07-11T12:00,35.6,45,970.8
2026-07-11T13:00,34.8,47,970.8
2026-07-11T14:00,33.8,51,971.0
2026-07-11T15:00,33.2,53,971.6
2026-07-11T16:00,32.9,53,972.1
2026-07-11T17:00,32.4,54,972.5
2026-07-11T18:00,31.7,56,972.6
2026-07-11T19:00,30.7,59,972.0
2026-07-11T20:00,29.8,63,971.6
2026-07-11T21:00,28.8,67,971.2
2026-07-11T22:00,28.1,70,970.6
2026-07-11T23:00,27.6,73,970.3
2026-07-12T00:00,27.4,75,970.3
2026-07-12T01:00,27.6,75,970.8
2026-07-12T02:00,27.8,74,971.2
2026-07-12T03:00,28.8,69,971.7
2026-07-12T04:00,30.0,64,972.1
2026-07-12T05:00,31.3,58,972.0
2026-07-12T06:00,32.3,55,971.8
2026-07-12T07:00,33.5,50,971.7
2026-07-12T08:00,34.8,46,971.2
2026-07-12T09:00,35.4,44,970.7
2026-07-12T10:00,35.1,44,970.5
2026-07-12T11:00,35.8,42,970.1
2026-07-12T12:00,35.7,42,970.2
2026-07-12T13:00,35.5,42,970.2
2026-07-12T14:00,34.7,44,970.3
2026-07-12T15:00,34.0,47,971.0
2026-07-12T16:00,33.1,51,971.8
2026-07-12T17:00,32.0,55,972.3
2026-07-12T18:00,31.9,58,972.1
2026-07-12T19:00,31.1,62,971.8
2026-07-12T20:00,30.3,65,972.0
2026-07-12T21:00,29.5,68,972.1
2026-07-12T22:00,28.9,70,971.8
2026-07-12T23:00,28.3,72,971.9
2026-07-13T00:00,28.4,73,971.9
2026-07-13T01:00,28.1,75,972.3
2026-07-13T02:00,28.6,72,973.0
2026-07-13T03:00,29.3,68,973.2
2026-07-13T04:00,30.8,60,974.0
2026-07-13T05:00,32.4,53,974.4
2026-07-13T06:00,34.0,49,974.1
2026-07-13T07:00,34.9,45,973.9
2026-07-13T08:00,35.8,43,973.5
2026-07-13T09:00,36.3,41,972.9
2026-07-13T10:00,36.6,40,972.5
2026-07-13T11:00,36.4,39,971.8
2026-07-13T12:00,36.0,40,971.8
2026-07-13T13:00,35.0,43,972.3
2026-07-13T14:00,34.2,45,972.8
2026-07-13T15:00,33.5,47,973.0
2026-07-13T16:00,33.0,50,973.4
2026-07-13T17:00,32.9,48,973.7
2026-07-13T18:00,33.0,50,973.9
2026-07-13T19:00,31.8,53,974.2
2026-07-13T20:00,30.7,57,974.0
2026-07-13T21:00,29.7,61,973.8
2026-07-13T22:00,28.7,66,974.0
2026-07-13T23:00,28.0,70,974.3
2026-07-14T00:00,28.2,72,974.5
2026-07-14T01:00,27.9,72,975.0
2026-07-14T02:00,28.6,68,975.4
2026-07-14T03:00,29.4,64,975.9
2026-07-14T04:00,29.8,61,976.3
2026-07-14T05:00,31.4,53,976.5
2026-07-14T06:00,32.6,52,976.9
2026-07-14T07:00,33.0,50,976.8
2026-07-14T08:00,35.2,43,976.1
2026-07-14T09:00,35.9,41,975.2
2026-07-14T10:00,35.8,40,974.7
2026-07-14T11:00,36.2,38,974.1
2026-07-14T12:00,35.3,40,974.1
2026-07-14T13:00,33.7,45,974.4
2026-07-14T14:00,32.9,46,974.7
2026-07-14T15:00,32.2,49,974.9
2026-07-14T16:00,31.8,51,975.6
2026-07-14T17:00,31.4,53,976.2
2026-07-14T18:00,32.4,47,975.7
2026-07-14T19:00,31.4,49,975.3
2026-07-14T20:00,30.8,54,975.2
2026-07-14T21:00,30.3,56,975.1
2026-07-14T22:00,29.6,58,975.1
2026-07-14T23:00,29.0,62,975.5
2026-07-15T00:00,28.9,67,975.9
2026-07-15T01:00,28.4,71,976.4
2026-07-15T02:00,28.8,69,976.9
2026-07-15T03:00,29.8,64,977.5
2026-07-15T04:00,31.1,58,977.9
2026-07-15T05:00,32.6,51,978.1
2026-07-15T06:00,33.6,46,978.3
2026-07-15T07:00,34.7,41,977.8
2026-07-15T08:00,35.3,39,977.0
2026-07-15T09:00,35.4,39,976.3
2026-07-15T10:00,36.0,37,975.6
2026-07-15T11:00,35.6,39,975.2
2026-07-15T12:00,35.7,38,974.8
2026-07-15T13:00,34.8,40,975.0
2026-07-15T14:00,33.9,42,975.5
2026-07-15T15:00,33.1,45,976.1
2026-07-15T16:00,32.5,48,976.7
2026-07-15T17:00,31.9,49,977.4
2026-07-15T18:00,32.2,49,977.2
2026-07-15T19:00,31.2,54,977.1
2026-07-15T20:00,30.3,59,976.7
2026-07-15T21:00,29.8,61,976.7
2026-07-15T22:00,29.4,63,976.7
2026-07-15T23:00,29.0,65,976.9
2026-07-16T00:00,29.1,66,977.3
2026-07-16T01:00,28.8,67,978.1
2026-07-16T02:00,29.3,65,978.6
2026-07-16T03:00,30.2,62,978.9
2026-07-16T04:00,31.6,56,979.2
2026-07-16T05:00,33.1,50,979.3
2026-07-16T06:00,34.2,46,979.2
2026-07-16T07:00,35.2,42,978.5
2026-07-16T08:00,36.1,39,977.8
2026-07-16T09:00,36.5,38,977.0
2026-07-16T10:00,36.6,37,976.2
2026-07-16T11:00,36.5,36,975.6
2026-07-16T12:00,36.6,37,975.3
2026-07-16T13:00,35.6,39,975.2
2026-07-16T14:00,34.7,41,975.8
2026-07-16T15:00,33.9,45,976.3
2026-07-16T16:00,33.1,47,976.8
2026-07-16T17:00,32.4,48,977.0
2026-07-16T18:00,32.2,52,976.9
2026-07-16T19:00,31.4,55,976.6
2026-07-16T20:00,30.9,57,976.5
2026-07-16T21:00,30.4,58,975.9
2026-07-16T22:00,29.9,60,975.9
2026-07-16T23:00,29.5,62,976.1
2026-07-17T00:00,29.4,62,976.3
2026-07-17T01:00,29.1,64,977.1
2026-07-17T02:00,29.7,63,977.7
2026-07-17T03:00,30.7,59,978.0
2026-07-17T04:00,31.9,55,978.2
2026-07-17T05:00,33.4,49,978.3
2026-07-17T06:00,34.6,44,978.2
2026-07-17T07:00,35.8,39,977.8
2026-07-17T08:00,36.5,37,976.9
2026-07-17T09:00,36.8,36,975.8
2026-07-17T10:00,36.4,37,975.2
2026-07-17T11:00,36.7,36,974.6
2026-07-17T12:00,37.2,36,974.3
2026-07-17T13:00,35.7,40,974.3
2026-07-17T14:00,34.4,43,974.8
2026-07-17T15:00,33.8,46,975.3
2026-07-17T16:00,32.8,49,976.3
2026-07-17T17:00,32.4,51,976.7
2026-07-17T18:00,32.3,51,976.5
2026-07-17T19:00,31.5,53,976.0
2026-07-17T20:00,31.0,54,975.9
2026-07-17T21:00,30.6,56,975.6
2026-07-17T22:00,30.2,57,975.5
2026-07-17T23:00,30.0,58,975.5
2026-07-18T00:00,30.0,61,975.9
2026-07-18T01:00,29.3,62,976.3
2026-07-18T02:00,29.4,62,976.9
2026-07-18T03:00,30.2,60,977.4
2026-07-18T04:00,31.3,56,977.6
2026-07-18T05:00,32.6,52,977.3
2026-07-18T06:00,34.3,46,976.8
2026-07-18T07:00,35.4,41,976.5
2026-07-18T08:00,36.4,38,975.6
2026-07-18T09:00,36.7,37,974.5
2026-07-18T10:00,36.7,37,973.9
2026-07-18T11:00,36.4,37,973.3
2026-07-18T12:00,36.2,39,973.2
2026-07-18T13:00,35.3,40,973.6
2026-07-18T14:00,34.4,43,974.4
2026-07-18T15:00,33.6,46,974.9
2026-07-18T16:00,33.2,48,975.4
2026-07-18T17:00,32.4,50,975.9
2026-07-18T18:00,32.7,51,975.5
2026-07-18T19:00,32.1,53,975.2
2026-07-18T20:00,31.6,55,975.1
2026-07-18T21:00,31.1,56,974.9
2026-07-18T22:00,30.8,57,974.9
2026-07-18T23:00,30.1,58,975.0
2026-07-19T00:00,29.8,60,975.3
2026-07-19T01:00,29.1,64,975.7
2026-07-19T02:00,29.4,63,976.3
2026-07-19T03:00,30.2,61,976.7
2026-07-19T04:00,31.4,56,976.9
2026-07-19T05:00,32.8,52,977.1
2026-07-19T06:00,34.3,47,976.7
2026-07-19T07:00,35.7,42,976.1
2026-07-19T08:00,36.2,40,975.4
2026-07-19T09:00,36.4,39,974.9
2026-07-19T10:00,36.3,39,973.9
2026-07-19T11:00,36.6,38,973.7
2026-07-19T12:00,36.4,39,973.3
2026-07-19T13:00,35.5,41,973.4
2026-07-19T14:00,34.7,42,973.8
2026-07-19T15:00,34.0,45,974.6
2026-07-19T16:00,32.8,49,975.4
2026-07-19T17:00,32.4,50,975.7
2026-07-19T18:00,32.6,51,975.7
2026-07-19T19:00,31.9,54,975.6
2026-07-19T20:00,31.4,56,975.2
2026-07-19T21:00,30.9,58,974.7
2026-07-19T22:00,30.2,61,974.6
2026-07-19T23:00,29.5,65,974.6
2026-07-20T00:00,29.8,68,974.6
2026-07-20T01:00,29.6,68,975.2
2026-07-20T02:00,30.1,65,975.9
2026-07-20T03:00,30.5,64,976.1
2026-07-20T04:00,31.4,60,976.2
2026-07-20T05:00,33.3,52,976.1
2026-07-20T06:00,34.9,46,975.7
2026-07-20T07:00,34.4,48,975.4
2026-07-20T08:00,35.3,45,974.7
2026-07-20T09:00,36.1,43,974.3
2026-07-20T10:00,36.5,42,973.6
2026-07-20T11:00,36.2,42,973.1
2026-07-20T12:00,36.0,43,973.3
2026-07-20T13:00,34.9,46,973.5
2026-07-20T14:00,34.3,47,973.7
2026-07-20T15:00,33.9,48,974.4
2026-07-20T16:00,33.0,52,975.4
2026-07-20T17:00,32.4,55,975.9
2026-07-20T18:00,31.6,59,975.6
2026-07-20T19:00,30.8,63,975.5
2026-07-20T20:00,30.3,66,975.0
2026-07-20T21:00,29.9,67,974.4
2026-07-20T22:00,29.7,68,974.4
2026-07-20T23:00,29.4,68,974.4
2026-07-21T00:00,29.4,69,974.0
2026-07-21T01:00,29.3,69,974.9
2026-07-21T02:00,30.0,66,975.4
2026-07-21T03:00,30.6,63,975.9
2026-07-21T04:00,31.4,60,975.8
2026-07-21T05:00,31.9,57,975.9
2026-07-21T06:00,33.2,55,975.9
2026-07-21T07:00,34.2,52,975.3
2026-07-21T08:00,34.9,49,974.4
2026-07-21T09:00,35.8,47,973.6
2026-07-21T10:00,35.6,47,973.0
2026-07-21T11:00,35.5,47,972.5
2026-07-21T12:00,35.5,46,972.0
2026-07-21T13:00,35.1,46,972.3
2026-07-21T14:00,34.7,46,972.8
2026-07-21T15:00,27.4,88,974.0
2026-07-21T16:00,27.7,89,974.5
2026-07-21T17:00,27.6,90,974.9
2026-07-21T18:00,29.7,82,974.7
2026-07-21T19:00,29.6,83,973.8
2026-07-21T20:00,29.2,87,973.6
2026-07-21T21:00,28.9,88,973.0
2026-07-21T22:00,29.0,86,972.8
2026-07-21T23:00,28.4,85,973.1
2026-07-22T00:00,27.6,93,973.0
2026-07-22T01:00,27.2,90,973.7
2026-07-22T02:00,27.2,92,974.2
2026-07-22T03:00,27.8,89,974.4
2026-07-22T04:00,28.0,88,974.3
2026-07-22T05:00,28.9,82,974.7
2026-07-22T06:00,29.2,83,974.6
2026-07-22T07:00,28.0,86,974.3
2026-07-22T08:00,27.3,94,973.5
2026-07-22T09:00,27.4,95,972.9
2026-07-22T10:00,27.6,92,972.2
2026-07-22T11:00,27.9,93,971.6
2026-07-22T12:00,27.8,89,971.7
2026-07-22T13:00,27.5,95,971.8
2026-07-22T14:00,26.7,93,972.5
2026-07-22T15:00,26.6,96,972.6
2026-07-22T16:00,26.4,96,973.6
2026-07-22T17:00,26.2,98,973.7
2026-07-22T18:00,26.5,95,973.6
2026-07-22T19:00,26.5,96,972.7
2026-07-22T20:00,26.6,95,972.3
2026-07-22T21:00,26.6,93,971.7
2026-07-22T22:00,26.4,96,971.3
2026-07-22T23:00,26.4,96,970.9
2026-07-23T00:00,26.0,96,971.6
2026-07-23T01:00,26.1,97,971.6
2026-07-23T02:00,26.7,94,971.8
2026-07-23T03:00,28.1,84,972.1
2026-07-23T04:00,29.3,79,972.3
2026-07-23T05:00,30.6,73,972.0
2026-07-23T06:00,31.6,66,971.9
2026-07-23T07:00,31.5,66,971.3
2026-07-23T08:00,32.3,64,970.9
2026-07-23T09:00,32.5,63,970.3
2026-07-23T10:00,32.1,64,969.3
2026-07-23T11:00,29.2,85,970.0
2026-07-23T12:00,27.9,90,970.3
2026-07-23T13:00,27.9,90,969.7
2026-07-23T14:00,27.8,90,970.5
2026-07-23T15:00,27.7,92,970.6
2026-07-23T16:00,27.7,92,971.1
2026-07-23T17:00,27.6,94,971.5
2026-07-23T18:00,28.2,92,971.6
2026-07-23T19:00,27.8,95,971.4
2026-07-23T20:00,27.7,96,971.1
2026-07-23T21:00,27.5,96,970.6
2026-07-23T22:00,27.5,95,970.4
2026-07-23T23:00,27.1,92,970.6
2026-07-24T00:00,26.2,97,970.3
2026-07-24T01:00,25.6,97,970.7
2026-07-24T02:00,25.5,97,971.4
2026-07-24T03:00,25.9,95,971.8
2026-07-24T04:00,28.0,83,972.0
2026-07-24T05:00,30.1,75,971.7
2026-07-24T06:00,27.1,91,971.4
2026-07-24T07:00,27.7,91,971.1
2026-07-24T08:00,28.9,84,970.7
2026-07-24T09:00,30.7,76,970.2
2026-07-24T10:00,30.1,78,969.8
2026-07-24T11:00,28.1,92,969.2
2026-07-24T12:00,30.9,72,969.1
2026-07-24T13:00,28.7,84,969.6
2026-07-24T14:00,27.7,89,969.8
2026-07-24T15:00,27.5,90,969.9
2026-07-24T16:00,27.5,88,970.6
2026-07-24T17:00,27.5,86,970.8
2026-07-24T18:00,27.7,91,971.0
2026-07-24T19:00,27.1,95,970.7
2026-07-24T20:00,27.0,94,970.3
2026-07-24T21:00,27.1,93,970.2
2026-07-24T22:00,27.2,92,970.0
2026-07-24T23:00,27.2,92,970.3
2026-07-25T00:00,26.0,97,970.9
2026-07-25T01:00,26.3,95,971.5
2026-07-25T02:00,26.7,94,971.9
2026-07-25T03:00,28.0,86,972.3
2026-07-25T04:00,29.3,80,972.7
2026-07-25T05:00,30.6,69,972.7
2026-07-25T06:00,28.2,85,972.4
2026-07-25T07:00,29.5,79,972.3
2026-07-25T08:00,30.1,77,972.0
2026-07-25T09:00,31.0,71,971.0
2026-07-25T10:00,31.6,67,971.0
2026-07-25T11:00,27.5,93,971.2
2026-07-25T12:00,28.4,88,970.7
2026-07-25T13:00,28.3,88,971.3
2026-07-25T14:00,27.9,93,972.1
2026-07-25T15:00,27.2,95,972.6
2026-07-25T16:00,27.0,96,973.2
2026-07-25T17:00,26.7,94,974.0
2026-07-25T18:00,26.6,96,973.5
2026-07-25T19:00,26.6,96,973.9
2026-07-25T20:00,26.3,96,973.5
2026-07-25T21:00,26.2,94,973.2
2026-07-25T22:00,26.2,94,973.2
2026-07-25T23:00,26.1,95,973.5
2026-07-26T00:00,26.6,93,973.6
2026-07-26T01:00,26.4,96,973.7
2026-07-26T02:00,26.8,94,974.1
2026-07-26T03:00,27.8,90,974.1
2026-07-26T04:00,29.2,81,974.4
2026-07-26T05:00,30.2,76,975.0
2026-07-26T06:00,27.3,91,975.2
2026-07-26T07:00,29.1,82,975.1
2026-07-26T08:00,30.4,76,974.6
2026-07-26T09:00,30.8,75,973.9
2026-07-26T10:00,31.2,72,973.2
2026-07-26T11:00,31.5,69,972.5
2026-07-26T12:00,31.2,74,972.4
2026-07-26T13:00,31.0,74,972.1
2026-07-26T14:00,30.2,80,972.9
2026-07-26T15:00,29.7,83,973.5
2026-07-26T16:00,28.1,92,974.6
2026-07-26T17:00,27.2,93,974.8
2026-07-26T18:00,28.0,92,974.0
2026-07-26T19:00,27.7,93,973.7
2026-07-26T20:00,27.5,92,973.4
2026-07-26T21:00,27.2,93,973.3
2026-07-26T22:00,26.9,94,973.3
2026-07-26T23:00,26.7,94,973.1
2026-07-27T00:00,26.7,94,972.9
2026-07-27T01:00,26.7,95,973.3
2026-07-27T02:00,27.4,92,973.7
2026-07-27T03:00,26.8,90,974.4
2026-07-27T04:00,28.3,83,973.7
2026-07-27T05:00,30.1,74,974.0
2026-07-27T06:00,30.7,77,973.9
2026-07-27T07:00,31.9,72,973.8
2026-07-27T08:00,32.7,68,973.1
2026-07-27T09:00,33.2,65,972.4
2026-07-27T10:00,33.2,64,971.6
2026-07-27T11:00,33.0,65,970.5
2026-07-27T12:00,27.8,90,971.8
2026-07-27T13:00,27.5,92,971.4
2026-07-27T14:00,27.7,94,971.5
2026-07-27T15:00,27.1,95,972.5
2026-07-27T16:00,26.7,95,972.4
2026-07-27T17:00,26.9,94,972.8
2026-07-27T18:00,28.1,95,972.6
2026-07-27T19:00,27.6,95,972.4
2026-07-27T20:00,26.4,96,972.5
2026-07-27T21:00,26.3,95,971.6
2026-07-27T22:00,25.7,97,972.4
2026-07-27T23:00,25.8,96,972.3
2026-07-28T00:00,27.8,91,971.8
2026-07-28T01:00,27.7,86,972.0
2026-07-28T02:00,28.4,81,972.4
2026-07-28T03:00,29.3,77,972.6
2026-07-28T04:00,30.5,72,973.1
2026-07-28T05:00,31.5,68,973.7
2026-07-28T06:00,32.3,67,973.7
2026-07-28T07:00,32.8,64,973.1
2026-07-28T08:00,33.1,62,972.6
2026-07-28T09:00,33.3,62,971.7
2026-07-28T10:00,33.4,61,971.1
2026-07-28T11:00,32.9,62,970.8
2026-07-28T12:00,33.0,60,971.8
2026-07-28T13:00,31.5,68,972.0
2026-07-28T14:00,30.6,70,972.0
2026-07-28T15:00,30.3,68,972.5
2026-07-28T16:00,29.8,69,972.9
2026-07-28T17:00,29.4,71,973.3
2026-07-28T18:00,29.5,71,973.1
2026-07-28T19:00,29.1,73,973.2
2026-07-28T20:00,29.0,73,973.2
2026-07-28T21:00,28.7,74,972.8
2026-07-28T22:00,28.4,76,972.8
2026-07-28T23:00,27.9,80,972.8
2026-07-29T00:00,27.6,85,972.8
2026-07-29T01:00,27.6,85,973.0
2026-07-29T02:00,28.1,83,973.8
2026-07-29T03:00,28.6,80,974.1
2026-07-29T04:00,29.0,78,974.6
2026-07-29T05:00,30.3,73,974.5
2026-07-29T06:00,30.7,71,974.7
2026-07-29T07:00,31.3,69,974.3
2026-07-29T08:00,32.3,64,973.7
2026-07-29T09:00,33.1,61,973.3
2026-07-29T10:00,33.8,58,972.1
2026-07-29T11:00,33.9,56,971.6
2026-07-29T12:00,33.4,58,971.5
2026-07-29T13:00,32.7,64,971.6
2026-07-29T14:00,31.8,69,971.8
2026-07-29T15:00,31.1,69,972.6
2026-07-29T16:00,30.5,71,973.4
2026-07-29T17:00,30.0,73,973.8
2026-07-29T18:00,29.8,73,973.8
2026-07-29T19:00,29.0,76,973.2
2026-07-29T20:00,28.5,78,972.7
2026-07-29T21:00,28.1,79,972.1
2026-07-29T22:00,27.8,81,972.0
2026-07-29T23:00,27.5,82,971.8
2026-07-30T00:00,27.8,83,971.7
2026-07-30T01:00,27.7,84,972.1
2026-07-30T02:00,28.6,80,972.8
2026-07-30T03:00,29.7,75,973.2
2026-07-30T04:00,30.9,70,973.4
2026-07-30T05:00,32.1,65,973.5
2026-07-30T06:00,33.2,61,973.2
2026-07-30T07:00,34.5,59,972.9
2026-07-30T08:00,34.8,58,972.2
2026-07-30T09:00,35.3,55,971.3
2026-07-30T10:00,35.5,54,970.4
2026-07-30T11:00,35.5,52,969.7
2026-07-30T12:00,33.2,69,969.5
2026-07-30T13:00,31.9,74,969.4
2026-07-30T14:00,31.9,74,969.9
2026-07-30T15:00,31.3,77,970.8
2026-07-30T16:00,29.0,86,971.8
2026-07-30T17:00,28.6,90,972.0
2026-07-30T18:00,29.3,90,971.8
2026-07-30T19:00,29.0,90,971.2
2026-07-30T20:00,28.6,93,971.1
2026-07-30T21:00,28.4,93,970.5
2026-07-30T22:00,28.3,90,970.4
2026-07-30T23:00,28.1,89,970.3
2026-07-31T00:00,29.3,90,970.2
2026-07-31T01:00,29.1,93,970.4
2026-07-31T02:00,30.0,88,971.2
2026-07-31T03:00,31.4,79,971.6
2026-07-31T04:00,32.3,69,971.9
2026-07-31T05:00,33.0,65,972.3
2026-07-31T06:00,33.1,66,972.1
2026-07-31T07:00,34.4,60,971.3
2026-07-31T08:00,34.8,56,970.7
2026-07-31T09:00,35.2,53,969.6
2026-07-31T10:00,35.3,52,968.9
2026-07-31T11:00,35.2,52,968.3
2026-07-31T12:00,35.1,51,968.0
2026-07-31T13:00,33.7,58,968.2
2026-07-31T14:00,32.5,63,969.0
2026-07-31T15:00,31.8,66,969.7
2026-07-31T16:00,31.2,68,970.6
2026-07-31T17:00,30.8,70,971.3
2026-07-31T18:00,30.9,69,970.8
2026-07-31T19:00,30.5,70,970.3
2026-07-31T20:00,29.9,72,970.0
2026-07-31T21:00,29.7,73,969.9
2026-07-31T22:00,29.2,76,970.0
2026-07-31T23:00,28.8,79,969.9
2026-08-01T00:00,29.0,79,970.2
2026-08-01T01:00,28.8,80,970.8
2026-08-01T02:00,29.6,78,971.2
2026-08-01T03:00,30.6,73,971.2
2026-08-01T04:00,31.7,68,971.4
2026-08-01T05:00,32.8,63,971.7
2026-08-01T06:00,33.4,61,971.4
2026-08-01T07:00,34.2,57,970.6
2026-08-01T08:00,34.5,55,970.1
2026-08-01T09:00,35.1,53,969.3
2026-08-01T10:00,34.9,52,968.6
2026-08-01T11:00,33.0,61,968.4
2026-08-01T12:00,33.3,61,968.4
2026-08-01T13:00,32.5,63,968.8
2026-08-01T14:00,31.5,72,969.6
2026-08-01T15:00,31.2,74,969.8
2026-08-01T16:00,30.8,76,970.7
2026-08-01T17:00,29.4,80,971.6
2026-08-01T18:00,30.1,78,971.4
2026-08-01T19:00,29.2,85,971.1
2026-08-01T20:00,28.7,88,970.7
2026-08-01T21:00,28.4,92,970.6
2026-08-01T22:00,28.1,95,971.0
2026-08-01T23:00,27.9,96,971.2
2026-08-02T00:00,27.4,92,971.3
2026-08-02T01:00,27.7,92,971.7
2026-08-02T02:00,28.7,87,972.2
2026-08-02T03:00,27.9,86,972.8
2026-08-02T04:00,27.4,87,973.4
2026-08-02T05:00,27.4,89,973.3
2026-08-02T06:00,30.4,74,973.6
2026-08-02T07:00,31.4,71,973.2
2026-08-02T08:00,27.7,87,972.7
2026-08-02T09:00,27.1,94,972.4
2026-08-02T10:00,28.6,88,972.2
2026-08-02T11:00,29.5,82,971.8
2026-08-02T12:00,28.4,91,971.4
2026-08-02T13:00,27.5,94,972.0
2026-08-02T14:00,27.5,96,972.5
2026-08-02T15:00,27.0,94,973.3
2026-08-02T16:00,26.9,97,973.9
2026-08-02T17:00,26.6,97,974.0
2026-08-02T18:00,26.6,95,973.8
2026-08-02T19:00,26.3,97,973.8
2026-08-02T20:00,26.4,95,973.8
2026-08-02T21:00,26.2,96,973.5
2026-08-02T22:00,26.0,96,973.5
2026-08-02T23:00,26.1,95,973.4
2026-08-03T00:00,26.4,94,973.5
2026-08-03T01:00,25.8,97,974.2
2026-08-03T02:00,24.9,100,974.9
2026-08-03T03:00,25.8,96,975.2
2026-08-03T04:00,27.1,89,976.1
2026-08-03T05:00,28.5,79,976.0
2026-08-03T06:00,30.1,72,976.1
2026-08-03T07:00,30.4,73,975.7
2026-08-03T08:00,30.3,74,975.5
2026-08-03T09:00,31.4,68,974.7
2026-08-03T10:00,32.0,64,974.0
2026-08-03T11:00,31.1,66,973.2
2026-08-03T12:00,31.1,68,973.3
2026-08-03T13:00,30.4,71,973.8
2026-08-03T14:00,29.4,78,974.2
2026-08-03T15:00,28.8,82,974.9
2026-08-03T16:00,28.4,84,975.8
2026-08-03T17:00,28.3,82,976.1
2026-08-03T18:00,28.4,84,976.2
2026-08-03T19:00,28.0,82,975.7
2026-08-03T20:00,27.4,81,975.9
2026-08-03T21:00,26.9,82,975.9
2026-08-03T22:00,26.5,87,975.6
2026-08-03T23:00,26.3,89,975.7
2026-08-04T00:00,27.8,79,975.8
2026-08-04T01:00,27.6,79,976.2
2026-08-04T02:00,27.7,79,976.9
2026-08-04T03:00,28.1,78,977.8
2026-08-04T04:00,28.4,77,978.3
2026-08-04T05:00,29.2,74,978.7
2026-08-04T06:00,29.4,72,978.5
2026-08-04T07:00,30.5,67,977.8
2026-08-04T08:00,31.8,62,977.0
2026-08-04T09:00,32.2,59,976.3
2026-08-04T10:00,32.4,59,975.6
2026-08-04T11:00,32.4,58,975.0
2026-08-04T12:00,31.5,64,974.8
2026-08-04T13:00,31.0,66,975.0
2026-08-04T14:00,30.0,70,975.6
2026-08-04T15:00,29.2,72,976.1
2026-08-04T16:00,28.5,76,976.6
2026-08-04T17:00,28.1,78,976.5
2026-08-04T18:00,28.6,78,976.0
2026-08-04T19:00,28.2,79,975.5
2026-08-04T20:00,28.0,80,975.2
2026-08-04T21:00,27.7,80,974.6
2026-08-04T22:00,27.6,80,974.5
2026-08-04T23:00,27.4,79,974.5
2026-08-05T00:00,27.6,79,974.6
2026-08-05T01:00,27.3,80,975.1
2026-08-05T02:00,27.8,80,975.7
2026-08-05T03:00,28.6,76,975.9
2026-08-05T04:00,29.4,72,975.7
2026-08-05T05:00,30.6,67,975.7
2026-08-05T06:00,31.3,66,975.5
2026-08-05T07:00,32.5,62,975.0
2026-08-05T08:00,33.1,59,974.1
2026-08-05T09:00,33.5,58,973.3
2026-08-05T10:00,33.5,57,972.5
2026-08-05T11:00,33.4,57,971.8
2026-08-05T12:00,33.0,60,971.9
2026-08-05T13:00,32.0,63,972.3
2026-08-05T14:00,30.6,67,972.9
2026-08-05T15:00,29.8,69,973.5
2026-08-05T16:00,29.1,72,974.4
2026-08-05T17:00,28.7,74,974.3
2026-08-05T18:00,28.8,75,974.1
2026-08-05T19:00,28.5,75,973.6
2026-08-05T20:00,28.2,75,973.1
2026-08-05T21:00,27.8,76,972.7
2026-08-05T22:00,27.5,76,973.1
2026-08-05T23:00,27.2,80,973.4
2026-08-06T00:00,27.4,81,973.2
2026-08-06T01:00,26.9,82,973.7
2026-08-06T02:00,27.2,81,974.2
2026-08-06T03:00,28.1,77,974.8
2026-08-06T04:00,29.2,71,975.2
2026-08-06T05:00,30.3,67,975.4
2026-08-06T06:00,31.5,63,975.1
2026-08-06T07:00,32.4,58,974.7
2026-08-06T08:00,33.2,55,973.9
2026-08-06T09:00,33.5,53,973.1
2026-08-06T10:00,33.5,53,972.6
2026-08-06T11:00,33.0,54,972.2
2026-08-06T12:00,32.9,56,972.0
2026-08-06T13:00,31.8,61,972.2
2026-08-06T14:00,30.6,64,972.9
2026-08-06T15:00,29.9,64,973.3
2026-08-06T16:00,29.3,66,974.1
2026-08-06T17:00,28.8,68,974.8
2026-08-06T18:00,29.1,67,974.8
2026-08-06T19:00,28.4,70,974.5
2026-08-06T20:00,28.0,71,974.2
2026-08-06T21:00,27.6,74,974.0
2026-08-06T22:00,27.3,76,973.8
2026-08-06T23:00,26.9,79,974.1
2026-08-07T00:00,27.3,80,973.9
2026-08-07T01:00,26.9,82,974.4
2026-08-07T02:00,27.3,81,974.8
2026-08-07T03:00,28.1,77,975.1
2026-08-07T04:00,29.2,72,975.5
2026-08-07T05:00,30.3,67,975.6
2026-08-07T06:00,31.5,62,975.9
2026-08-07T07:00,31.9,60,975.5
2026-08-07T08:00,32.9,56,974.5
2026-08-07T09:00,33.4,53,974.0
2026-08-07T10:00,33.6,51,973.5
2026-08-07T11:00,33.1,53,972.9
2026-08-07T12:00,32.4,58,972.5
2026-08-07T13:00,31.2,63,972.8
2026-08-07T14:00,30.0,68,973.1
2026-08-07T15:00,29.4,70,973.7
2026-08-07T16:00,28.8,72,974.6
2026-08-07T17:00,28.7,71,974.8
2026-08-07T18:00,29.2,69,974.4
2026-08-07T19:00,28.8,69,973.8
2026-08-07T20:00,28.5,70,973.7
2026-08-07T21:00,28.4,70,973.7
2026-08-07T22:00,28.2,71,973.7
2026-08-07T23:00,27.9,73,973.7
2026-08-08T00:00,28.0,73,974.3
2026-08-08T01:00,27.4,77,974.7
2026-08-08T02:00,27.5,78,975.0
2026-08-08T03:00,28.5,76,975.3
2026-08-08T04:00,28.7,77,976.0
2026-08-08T05:00,28.9,75,976.5
2026-08-08T06:00,31.3,66,976.5
2026-08-08T07:00,31.9,62,976.0
2026-08-08T08:00,31.8,62,975.3
2026-08-08T09:00,32.4,61,974.9
2026-08-08T10:00,32.6,59,974.5
2026-08-08T11:00,31.9,60,973.8
2026-08-08T12:00,33.4,54,973.5
2026-08-08T13:00,31.9,62,973.8
2026-08-08T14:00,30.8,66,974.4
2026-08-08T15:00,30.4,67,975.2
2026-08-08T16:00,29.6,71,975.9
2026-08-08T17:00,29.0,73,976.1
2026-08-08T18:00,28.6,74,975.7
2026-08-08T19:00,28.4,72,975.9
2026-08-08T20:00,28.4,72,975.8
2026-08-08T21:00,28.0,73,975.3
2026-08-08T22:00,27.7,75,975.5
2026-08-08T23:00,27.5,76,975.6
2026-08-09T00:00,27.6,77,975.9
2026-08-09T01:00,27.4,79,976.3
2026-08-09T02:00,27.6,81,977.0
2026-08-09T03:00,28.7,76,977.3
2026-08-09T04:00,30.0,71,977.6
2026-08-09T05:00,30.7,68,977.6
2026-08-09T06:00,32.4,63,977.3
2026-08-09T07:00,32.7,62,976.7
2026-08-09T08:00,33.6,57,976.0
2026-08-09T09:00,33.4,57,975.3
2026-08-09T10:00,29.9,75,975.1
2026-08-09T11:00,27.9,90,975.1
2026-08-09T12:00,28.4,92,974.3
2026-08-09T13:00,28.3,94,974.7
2026-08-09T14:00,27.9,95,975.1
2026-08-09T15:00,27.6,96,975.5
2026-08-09T16:00,27.5,94,976.1
2026-08-09T17:00,27.4,93,976.5
2026-08-09T18:00,27.6,91,976.1
2026-08-09T19:00,27.5,90,975.6
2026-08-09T20:00,27.5,87,975.4
2026-08-09T21:00,27.3,85,975.0
2026-08-09T22:00,27.1,84,974.6
2026-08-09T23:00,27.0,85,974.7
2026-08-10T00:00,27.3,85,974.4
2026-08-10T01:00,27.3,85,975.0
2026-08-10T02:00,27.8,83,975.4
2026-08-10T03:00,28.8,79,975.7
2026-08-10T04:00,29.4,78,976.1
2026-08-10T05:00,31.1,72,976.2
2026-08-10T06:00,31.7,68,976.1
2026-08-10T07:00,32.7,64,975.9
2026-08-10T08:00,32.8,63,975.3
2026-08-10T09:00,30.4,72,974.9
2026-08-10T10:00,30.5,73,974.1
2026-08-10T11:00,30.6,72,973.4
2026-08-10T12:00,30.1,76,973.8
2026-08-10T13:00,30.0,78,974.1
2026-08-10T14:00,29.4,81,974.0
2026-08-10T15:00,29.2,80,974.6
2026-08-10T16:00,28.9,79,974.7
2026-08-10T17:00,28.6,81,975.0
2026-08-10T18:00,28.7,83,974.5
2026-08-10T19:00,28.3,84,974.3
2026-08-10T20:00,27.8,86,974.0
2026-08-10T21:00,27.4,88,973.7
2026-08-10T22:00,27.2,88,973.6
2026-08-10T23:00,27.0,88,973.5
2026-08-11T00:00,27.7,86,973.9
2026-08-11T01:00,27.7,86,974.3
2026-08-11T02:00,28.0,85,975.2
2026-08-11T03:00,28.3,83,975.5
2026-08-11T04:00,29.5,76,976.3
2026-08-11T05:00,30.8,71,976.4
2026-08-11T06:00,31.4,68,976.0
2026-08-11T07:00,31.7,66,975.7
2026-08-11T08:00,32.4,64,974.6
2026-08-11T09:00,33.0,63,973.8
2026-08-11T10:00,33.1,61,972.6
2026-08-11T11:00,32.6,62,972.4
2026-08-11T12:00,29.6,83,973.1
2026-08-11T13:00,29.4,87,973.9
2026-08-11T14:00,28.6,92,974.0
2026-08-11T15:00,28.3,95,975.2
2026-08-11T16:00,27.4,95,975.5
2026-08-11T17:00,27.0,97,975.8
2026-08-11T18:00,27.6,96,975.3
2026-08-11T19:00,27.5,95,975.2
2026-08-11T20:00,27.4,96,974.9
2026-08-11T21:00,27.2,96,974.4
2026-08-11T22:00,26.8,95,974.6
2026-08-11T23:00,26.7,93,974.4
2026-08-12T00:00,26.5,98,975.1
2026-08-12T01:00,26.4,99,976.1
2026-08-12T02:00,26.6,97,976.1
2026-08-12T03:00,27.7,88,976.8
2026-08-12T04:00,28.9,82,977.1
2026-08-12T05:00,30.1,78,977.2
2026-08-12T06:00,28.4,90,977.0
2026-08-12T07:00,28.0,85,977.1
2026-08-12T08:00,26.8,92,977.1
2026-08-12T09:00,27.8,91,976.1
2026-08-12T10:00,28.5,86,975.5
2026-08-12T11:00,29.3,80,975.2
2026-08-12T12:00,28.1,90,975.0
2026-08-12T13:00,28.2,90,975.1
2026-08-12T14:00,27.9,92,976.1
2026-08-12T15:00,27.5,95,976.3
2026-08-12T16:00,27.5,93,977.4
2026-08-12T17:00,27.2,96,978.0
2026-08-12T18:00,26.9,97,978.0
2026-08-12T19:00,26.4,96,977.2
2026-08-12T20:00,25.9,98,977.1
2026-08-12T21:00,26.0,98,976.5
2026-08-12T22:00,25.9,96,976.3
2026-08-12T23:00,25.6,95,976.4
2026-08-13T00:00,25.8,96,976.7
2026-08-13T01:00,25.4,95,976.8
2026-08-13T02:00,25.6,90,977.7
2026-08-13T03:00,25.6,92,977.9
2026-08-13T04:00,27.4,81,978.3
2026-08-13T05:00,28.5,77,978.2
2026-08-13T06:00,29.4,74,978.4
2026-08-13T07:00,30.0,73,978.0
2026-08-13T08:00,31.1,68,976.8
2026-08-13T09:00,31.4,65,976.0
2026-08-13T10:00,31.6,65,975.4
2026-08-13T11:00,30.7,66,974.9
2026-08-13T12:00,31.1,63,974.8
2026-08-13T13:00,29.8,72,975.1
2026-08-13T14:00,28.7,78,975.9
2026-08-13T15:00,28.1,81,976.5
2026-08-13T16:00,27.8,83,977.1
2026-08-13T17:00,27.5,84,977.2
2026-08-13T18:00,27.6,86,976.7
2026-08-13T19:00,27.2,88,976.4
2026-08-13T20:00,26.9,88,976.1
2026-08-13T21:00,26.7,88,975.7
2026-08-13T22:00,26.6,88,975.5
2026-08-13T23:00,26.4,89,975.5
2026-08-14T00:00,26.4,90,975.6
2026-08-14T01:00,26.2,91,976.3
2026-08-14T02:00,26.9,88,976.7
2026-08-14T03:00,28.0,80,976.9
2026-08-14T04:00,29.0,76,977.3
2026-08-14T05:00,30.0,71,977.5
2026-08-14T06:00,30.8,66,977.5
2026-08-14T07:00,31.6,63,977.4
2026-08-14T08:00,32.0,60,976.8
2026-08-14T09:00,32.4,59,976.3
2026-08-14T10:00,32.4,58,975.6
2026-08-14T11:00,32.1,60,974.8
2026-08-14T12:00,31.6,63,975.2
2026-08-14T13:00,30.7,66,975.0
2026-08-14T14:00,29.7,71,975.8
2026-08-14T15:00,29.1,73,976.5
2026-08-14T16:00,28.5,76,976.9
2026-08-14T17:00,28.0,77,977.0
2026-08-14T18:00,28.1,79,976.6
2026-08-14T19:00,27.7,79,976.3
2026-08-14T20:00,27.4,81,976.4
2026-08-14T21:00,27.1,81,976.1
2026-08-14T22:00,26.8,82,976.2
2026-08-14T23:00,26.7,82,976.6
2026-08-15T00:00,26.8,81,977.2
2026-08-15T01:00,26.6,80,977.7
2026-08-15T02:00,27.0,79,978.0
2026-08-15T03:00,27.8,75,978.4
2026-08-15T04:00,28.8,71,978.6
2026-08-15T05:00,29.9,67,978.6
2026-08-15T06:00,30.1,65,978.6
2026-08-15T07:00,30.8,62,978.2
2026-08-15T08:00,31.4,60,977.6
2026-08-15T09:00,32.0,57,976.9
2026-08-15T10:00,32.1,56,976.1
2026-08-15T11:00,31.8,56,975.5
2026-08-15T12:00,31.6,59,975.4
2026-08-15T13:00,30.7,64,975.5
2026-08-15T14:00,29.5,66,975.9
2026-08-15T15:00,28.4,70,976.6
2026-08-15T16:00,28.1,71,977.4
2026-08-15T17:00,27.7,73,977.4
2026-08-15T18:00,27.8,73,976.9
2026-08-15T19:00,27.4,74,976.7
2026-08-15T20:00,27.0,76,976.0
2026-08-15T21:00,26.7,77,975.5
2026-08-15T22:00,26.5,78,975.4
2026-08-15T23:00,26.3,79,975.6
2026-08-16T00:00,26.6,80,975.5
2026-08-16T01:00,26.3,82,976.1
2026-08-16T02:00,26.9,82,976.6
2026-08-16T03:00,27.9,78,977.0
2026-08-16T04:00,28.9,73,977.1
2026-08-16T05:00,29.9,68,977.1
2026-08-16T06:00,30.7,66,976.9
2026-08-16T07:00,31.3,63,976.5
2026-08-16T08:00,32.0,59,976.2
2026-08-16T09:00,32.4,57,975.3
2026-08-16T10:00,32.4,56,974.9
2026-08-16T11:00,32.0,58,974.4
2026-08-16T12:00,31.7,59,974.8
2026-08-16T13:00,30.3,65,975.0
2026-08-16T14:00,29.5,68,975.5
2026-08-16T15:00,29.0,71,975.9
2026-08-16T16:00,28.7,72,976.7
2026-08-16T17:00,28.1,75,976.9
2026-08-16T18:00,27.8,77,976.6
2026-08-16T19:00,27.3,79,976.6
2026-08-16T20:00,26.9,81,976.3
2026-08-16T21:00,26.7,82,975.9
2026-08-16T22:00,26.7,82,975.7
2026-08-16T23:00,26.3,85,975.6
2026-08-17T00:00,26.4,87,975.5
2026-08-17T01:00,26.2,87,976.3
2026-08-17T02:00,26.7,84,977.1
2026-08-17T03:00,27.4,79,977.2
2026-08-17T04:00,28.4,74,977.5
2026-08-17T05:00,29.5,68,977.8
2026-08-17T06:00,30.3,64,977.7
2026-08-17T07:00,30.9,61,977.3
2026-08-17T08:00,31.1,61,976.7
2026-08-17T09:00,31.5,59,976.0
2026-08-17T10:00,31.5,60,975.5
2026-08-17T11:00,31.2,61,975.1
2026-08-17T12:00,31.1,61,975.3
2026-08-17T13:00,30.4,65,975.5
2026-08-17T14:00,29.6,67,975.9
2026-08-17T15:00,28.9,69,976.5
2026-08-17T16:00,28.3,71,977.0
2026-08-17T17:00,27.8,74,977.5
2026-08-17T18:00,28.1,74,977.1
2026-08-17T19:00,27.7,74,977.0
2026-08-17T20:00,27.4,76,976.8
2026-08-17T21:00,27.2,77,976.4
2026-08-17T22:00,26.9,78,976.6
2026-08-17T23:00,26.4,79,976.9
2026-08-18T00:00,26.2,81,976.8
2026-08-18T01:00,25.7,83,977.2
2026-08-18T02:00,26.1,82,977.6
2026-08-18T03:00,26.9,78,978.2
2026-08-18T04:00,28.0,73,978.5
2026-08-18T05:00,29.1,67,978.8
2026-08-18T06:00,29.8,64,978.7
2026-08-18T07:00,31.0,59,978.3
2026-08-18T08:00,31.7,55,977.8
2026-08-18T09:00,32.0,53,977.0
2026-08-18T10:00,32.2,52,976.5
2026-08-18T11:00,32.1,52,976.0
2026-08-18T12:00,31.5,57,975.7
2026-08-18T13:00,30.6,63,976.0
2026-08-18T14:00,29.4,67,976.4
2026-08-18T15:00,28.6,70,977.0
2026-08-18T16:00,28.2,71,977.5
2026-08-18T17:00,28.0,72,977.9
2026-08-18T18:00,28.2,71,977.7
2026-08-18T19:00,27.9,71,977.2
2026-08-18T20:00,27.7,72,976.9
2026-08-18T21:00,27.5,74,976.7
2026-08-18T22:00,27.0,76,976.9
2026-08-18T23:00,26.3,78,977.2
2026-08-19T00:00,26.2,79,976.9
2026-08-19T01:00,25.7,82,977.2
2026-08-19T02:00,26.2,80,977.8
2026-08-19T03:00,27.3,75,978.3
2026-08-19T04:00,28.3,70,978.8
2026-08-19T05:00,29.5,64,979.0
2026-08-19T06:00,30.4,59,979.0
2026-08-19T07:00,31.2,56,978.4
2026-08-19T08:00,31.9,54,977.9
2026-08-19T09:00,32.6,51,977.1
2026-08-19T10:00,32.3,53,976.7
2026-08-19T11:00,32.7,51,976.2
2026-08-19T12:00,32.5,51,976.1
2026-08-19T13:00,31.3,58,976.7
2026-08-19T14:00,30.1,63,977.3
2026-08-19T15:00,29.5,65,977.8
2026-08-19T16:00,29.0,64,978.6
2026-08-19T17:00,28.6,66,978.6
2026-08-19T18:00,28.6,68,978.5
2026-08-19T19:00,28.3,70,978.0
2026-08-19T20:00,28.3,70,977.8
2026-08-19T21:00,28.1,71,977.5
2026-08-19T22:00,27.6,73,977.5
2026-08-19T23:00,26.9,74,977.8
2026-08-20T00:00,26.5,77,977.7
2026-08-20T01:00,26.0,80,978.1
2026-08-20T02:00,26.5,78,979.0
2026-08-20T03:00,27.4,74,979.4
2026-08-20T04:00,28.7,67,979.8
2026-08-20T05:00,29.8,62,979.9
2026-08-20T06:00,30.9,57,979.8
2026-08-20T07:00,31.9,53,979.0
2026-08-20T08:00,32.2,51,978.5
2026-08-20T09:00,32.1,50,977.6
2026-08-20T10:00,31.9,50,976.9
2026-08-20T11:00,31.8,51,976.6
2026-08-20T12:00,31.9,52,976.6
2026-08-20T13:00,31.5,53,976.9
2026-08-20T14:00,30.2,61,977.5
2026-08-20T15:00,29.2,66,978.3
2026-08-20T16:00,28.8,69,978.6
2026-08-20T17:00,28.2,70,978.6
2026-08-20T18:00,28.5,69,978.1
2026-08-20T19:00,28.2,70,978.0
2026-08-20T20:00,27.9,71,977.4
2026-08-20T21:00,27.5,72,977.1
2026-08-20T22:00,27.2,73,976.9
2026-08-20T23:00,26.9,75,977.2
2026-08-21T00:00,27.2,76,977.4
2026-08-21T01:00,26.7,78,977.9
2026-08-21T02:00,27.1,76,978.7
2026-08-21T03:00,28.1,72,978.8
2026-08-21T04:00,29.5,67,979.2
2026-08-21T05:00,31.1,60,979.2
2026-08-21T06:00,31.9,56,979.1
2026-08-21T07:00,32.5,54,978.7
2026-08-21T08:00,32.1,54,977.8
2026-08-21T09:00,32.5,53,977.2
2026-08-21T10:00,32.4,53,976.5
2026-08-21T11:00,31.3,58,976.0
2026-08-21T12:00,31.5,57,976.2
2026-08-21T13:00,30.7,60,976.3
2026-08-21T14:00,29.7,64,976.8
2026-08-21T15:00,29.2,67,977.2
2026-08-21T16:00,28.7,69,977.5
2026-08-21T17:00,28.1,72,977.5
2026-08-21T18:00,28.1,71,977.3
2026-08-21T19:00,27.5,73,976.9
2026-08-21T20:00,27.1,75,976.6
2026-08-21T21:00,26.9,75,976.3
2026-08-21T22:00,26.7,76,976.3
2026-08-21T23:00,26.5,78,976.7
2026-08-22T00:00,26.6,79,976.6
2026-08-22T01:00,26.3,81,977.3
2026-08-22T02:00,26.8,78,978.0
2026-08-22T03:00,27.8,73,978.3
2026-08-22T04:00,29.1,66,978.7
2026-08-22T05:00,30.2,61,978.9
2026-08-22T06:00,31.4,56,978.7
2026-08-22T07:00,32.0,54,978.0
2026-08-22T08:00,32.7,51,977.3
2026-08-22T09:00,32.1,53,976.5
2026-08-22T10:00,32.5,51,975.6
2026-08-22T11:00,32.5,50,975.1
2026-08-22T12:00,32.1,53,975.0
2026-08-22T13:00,30.8,58,975.5
2026-08-22T14:00,29.9,62,976.1
2026-08-22T15:00,29.2,66,976.6
2026-08-22T16:00,28.6,69,977.0
2026-08-22T17:00,28.1,72,977.3
2026-08-22T18:00,28.5,72,977.1
2026-08-22T19:00,28.1,73,976.8
2026-08-22T20:00,27.6,75,976.7
2026-08-22T21:00,27.1,78,976.4
2026-08-22T22:00,26.7,79,976.4
2026-08-22T23:00,26.4,80,976.5
2026-08-23T00:00,26.8,79,976.4
2026-08-23T01:00,26.8,79,976.8
2026-08-23T02:00,27.5,76,977.8
2026-08-23T03:00,28.4,71,978.2
2026-08-23T04:00,29.2,66,978.5
2026-08-23T05:00,30.0,62,978.8
2026-08-23T06:00,30.6,61,979.2
2026-08-23T07:00,31.9,55,979.0
2026-08-23T08:00,32.0,54,978.3
2026-08-23T09:00,31.8,56,977.6
2026-08-23T10:00,31.8,56,977.0
2026-08-23T11:00,32.0,55,976.6
2026-08-23T12:00,31.8,56,976.2
2026-08-23T13:00,30.7,60,976.6
2026-08-23T14:00,29.7,64,977.2
2026-08-23T15:00,29.0,68,978.4
2026-08-23T16:00,28.5,70,979.0
2026-08-23T17:00,28.0,73,979.2
2026-08-23T18:00,28.1,72,979.5
2026-08-23T19:00,27.6,75,979.1
2026-08-23T20:00,27.1,77,978.4
2026-08-23T21:00,26.7,79,977.8
2026-08-23T22:00,26.4,81,977.4
2026-08-23T23:00,26.1,82,977.7
2026-08-24T00:00,26.4,82,978.2
2026-08-24T01:00,26.1,83,978.9
2026-08-24T02:00,27.0,79,979.3
2026-08-24T03:00,28.4,73,979.5
2026-08-24T04:00,29.9,64,979.7
2026-08-24T05:00,31.2,57,979.9
2026-08-24T06:00,31.9,55,979.8
2026-08-24T07:00,33.8,47,979.3
2026-08-24T08:00,34.3,44,978.2
2026-08-24T09:00,34.4,45,977.7
2026-08-24T10:00,34.4,47,977.1
2026-08-24T11:00,34.0,47,976.6
2026-08-24T12:00,34.3,46,976.3
2026-08-24T13:00,33.0,52,976.6
2026-08-24T14:00,31.9,56,977.1
2026-08-24T15:00,31.5,59,978.0
2026-08-24T16:00,30.7,63,978.4
2026-08-24T17:00,29.9,65,978.5
2026-08-24T18:00,29.7,65,978.5
2026-08-24T19:00,28.9,68,978.3
2026-08-24T20:00,28.4,69,977.9
2026-08-24T21:00,28.0,71,977.5
2026-08-24T22:00,27.5,73,977.3
2026-08-24T23:00,27.2,74,977.3
2026-08-25T00:00,27.5,76,977.5
2026-08-25T01:00,27.1,78,978.1
2026-08-25T02:00,27.8,76,978.6
2026-08-25T03:00,29.2,70,979.3
2026-08-25T04:00,30.6,65,979.5
2026-08-25T05:00,31.9,60,979.5
2026-08-25T06:00,33.4,55,979.5
2026-08-25T07:00,33.9,53,979.1
2026-08-25T08:00,34.5,52,978.5
2026-08-25T09:00,34.8,51,977.6
2026-08-25T10:00,34.8,51,977.1
2026-08-25T11:00,34.4,52,976.6
2026-08-25T12:00,34.8,46,976.2
2026-08-25T13:00,33.8,49,976.7
2026-08-25T14:00,32.6,55,977.3
2026-08-25T15:00,31.9,57,977.9
2026-08-25T16:00,31.4,58,978.6
2026-08-25T17:00,30.7,61,978.6
2026-08-25T18:00,30.3,63,978.3
2026-08-25T19:00,29.6,66,978.2
2026-08-25T20:00,29.2,67,977.9
2026-08-25T21:00,28.8,68,977.5
2026-08-25T22:00,28.4,69,977.3
2026-08-25T23:00,28.2,70,977.4
2026-08-26T00:00,28.0,72,978.2
2026-08-26T01:00,27.6,74,978.8
2026-08-26T02:00,27.9,73,979.2
2026-08-26T03:00,28.7,70,979.5
2026-08-26T04:00,30.1,66,979.8
2026-08-26T05:00,31.5,61,979.9
2026-08-26T06:00,33.0,56,980.2
2026-08-26T07:00,33.6,54,979.5
2026-08-26T08:00,34.0,52,978.4
2026-08-26T09:00,34.4,50,977.6
2026-08-26T10:00,34.5,50,976.9
2026-08-26T11:00,34.3,50,976.0
2026-08-26T12:00,34.8,47,975.9
2026-08-26T13:00,33.8,50,976.1
2026-08-26T14:00,32.8,54,976.7
2026-08-26T15:00,32.0,57,977.4
2026-08-26T16:00,31.2,61,978.0
2026-08-26T17:00,30.3,63,978.4
2026-08-26T18:00,30.4,62,978.3
2026-08-26T19:00,29.7,64,977.7
2026-08-26T20:00,29.3,65,977.6
2026-08-26T21:00,28.9,66,977.2
2026-08-26T22:00,28.2,69,976.5
2026-08-26T23:00,27.7,74,976.7
2026-08-27T00:00,27.6,75,977.4
2026-08-27T01:00,27.2,77,977.7
2026-08-27T02:00,27.5,75,978.6
2026-08-27T03:00,28.3,71,979.0
2026-08-27T04:00,29.4,66,979.3
2026-08-27T05:00,30.7,61,979.2
2026-08-27T06:00,32.1,56,979.0
2026-08-27T07:00,32.9,53,978.3
2026-08-27T08:00,33.8,50,977.6
2026-08-27T09:00,34.3,49,976.8
2026-08-27T10:00,34.3,48,976.1
2026-08-27T11:00,34.0,49,975.7
2026-08-27T12:00,34.0,49,975.6
2026-08-27T13:00,32.8,53,975.8
2026-08-27T14:00,31.8,56,976.3
2026-08-27T15:00,31.1,59,976.6
2026-08-27T16:00,30.5,60,976.9
2026-08-27T17:00,30.0,62,977.0
2026-08-27T18:00,29.7,62,977.3
2026-08-27T19:00,29.0,66,977.1
2026-08-27T20:00,28.5,67,977.2
2026-08-27T21:00,28.2,68,977.0
2026-08-27T22:00,27.4,73,976.9
2026-08-27T23:00,26.8,75,976.9
