latitude,longitude,elevation,utc_offset_seconds,timezone,timezone_abbreviation
26.81898,80.93023,127.0,0,GMT,GMT

time,temperature_2m (°C),relative_humidity_2m (%),surface_pressure (hPa)
2025-12-23T00:00,10.4,98,1000.1
2025-12-23T01:00,10.2,100,1000.3
2025-12-23T02:00,10.4,100,1000.9
2025-12-23T03:00,11.7,98,1001.5
2025-12-23T04:00,14.2,90,1002.2
2025-12-23T05:00,16.6,80,1002.1
2025-12-23T06:00,17.8,74,1001.7
2025-12-23T07:00,19.2,69,1000.6
2025-12-23T08:00,20.2,66,999.7
2025-12-23T09:00,20.7,65,999.0
2025-12-23T10:00,20.6,67,998.5
2025-12-23T11:00,19.8,72,998.3
2025-12-23T12:00,17.3,86,998.4
2025-12-23T13:00,16.5,89,998.7
2025-12-23T14:00,15.8,91,998.9
2025-12-23T15:00,15.3,92,999.1
2025-12-23T16:00,15.0,91,999.2
2025-12-23T17:00,14.6,92,999.0
2025-12-23T18:00,13.9,96,999.2
2025-12-23T19:00,13.7,98,998.9
2025-12-23T20:00,13.5,98,998.7
2025-12-23T21:00,13.3,98,998.6
2025-12-23T22:00,13.0,98,998.5
2025-12-23T23:00,12.8,97,998.6
2025-12-24T00:00,12.4,98,999.2
2025-12-24T01:00,12.4,98,999.7
2025-12-24T02:00,12.3,98,1000.7
2025-12-24T03:00,13.8,96,1001.6
2025-12-24T04:00,15.9,86,1002.5
2025-12-24T05:00,17.7,76,1002.2
2025-12-24T06:00,18.3,71,1002.1
2025-12-24T07:00,19.6,63,1001.2
2025-12-24T08:00,20.2,59,1000.3
2025-12-24T09:00,20.4,58,999.7
2025-12-24T10:00,20.3,57,999.4
2025-12-24T11:00,19.4,69,999.2
2025-12-24T12:00,17.3,77,999.6
2025-12-24T13:00,16.7,80,1000.0
2025-12-24T14:00,16.2,81,1000.5
2025-12-24T15:00,15.2,85,1001.0
2025-12-24T16:00,14.0,89,1001.1
2025-12-24T17:00,13.2,92,1000.8
2025-12-24T18:00,13.1,95,1000.9
2025-12-24T19:00,12.2,98,1000.8
2025-12-24T20:00,12.1,98,1000.8
2025-12-24T21:00,11.2,100,1000.1
2025-12-24T22:00,10.3,100,1000.0
2025-12-24T23:00,9.6,100,1000.1
2025-12-25T00:00,9.4,100,1000.3
2025-12-25T01:00,9.2,100,1000.8
2025-12-25T02:00,9.5,98,1001.8
2025-12-25T03:00,10.7,97,1003.1
2025-12-25T04:00,11.8,95,1004.2
2025-12-25T05:00,15.0,82,1004.5
2025-12-25T06:00,17.8,69,1003.8
2025-12-25T07:00,19.5,55,1002.7
2025-12-25T08:00,20.0,53,1001.9
2025-12-25T09:00,20.1,53,1001.2
2025-12-25T10:00,19.9,54,1001.0
2025-12-25T11:00,19.0,62,1000.9
2025-12-25T12:00,16.9,73,1000.8
2025-12-25T13:00,16.4,74,1001.4
2025-12-25T14:00,16.0,74,1001.9
2025-12-25T15:00,15.3,76,1002.3
2025-12-25T16:00,13.7,84,1002.6
2025-12-25T17:00,12.5,90,1002.6
2025-12-25T18:00,12.3,92,1002.3
2025-12-25T19:00,12.1,92,1001.9
2025-12-25T20:00,11.7,93,1001.8
2025-12-25T21:00,11.3,94,1001.4
2025-12-25T22:00,10.7,95,1001.2
2025-12-25T23:00,10.2,96,1001.1
2025-12-26T00:00,10.0,98,1001.1
2025-12-26T01:00,10.1,100,1001.6
2025-12-26T02:00,10.2,99,1002.6
2025-12-26T03:00,11.4,98,1003.7
2025-12-26T04:00,14.5,90,1004.6
2025-12-26T05:00,15.8,84,1004.3
2025-12-26T06:00,18.1,69,1003.9
2025-12-26T07:00,19.1,60,1002.7
2025-12-26T08:00,19.6,56,1001.7
2025-12-26T09:00,19.8,56,1001.1
2025-12-26T10:00,19.6,57,1000.9
2025-12-26T11:00,18.8,60,1000.7
2025-12-26T12:00,17.1,73,1000.7
2025-12-26T13:00,16.4,76,1001.1
2025-12-26T14:00,15.6,80,1001.5
2025-12-26T15:00,14.7,84,1001.8
2025-12-26T16:00,13.8,88,1002.0
2025-12-26T17:00,13.2,90,1001.5
2025-12-26T18:00,13.2,93,1001.4
2025-12-26T19:00,13.0,94,1000.9
2025-12-26T20:00,12.5,95,1000.7
2025-12-26T21:00,12.5,95,1000.4
2025-12-26T22:00,12.2,95,1000.2
2025-12-26T23:00,11.5,96,1000.1
2025-12-27T00:00,10.5,97,1000.5
2025-12-27T01:00,10.2,98,1001.1
2025-12-27T02:00,10.6,98,1002.1
2025-12-27T03:00,12.5,91,1003.0
2025-12-27T04:00,15.0,81,1004.0
2025-12-27T05:00,17.4,69,1004.0
2025-12-27T06:00,18.1,66,1003.8
2025-12-27T07:00,18.8,61,1003.0
2025-12-27T08:00,19.2,59,1002.0
2025-12-27T09:00,19.2,59,1001.3
2025-12-27T10:00,19.1,60,1000.9
2025-12-27T11:00,18.6,62,1000.8
2025-12-27T12:00,17.4,72,1001.1
2025-12-27T13:00,16.8,74,1001.6
2025-12-27T14:00,16.0,78,1002.0
2025-12-27T15:00,15.1,81,1002.2
2025-12-27T16:00,13.9,85,1002.3
2025-12-27T17:00,13.0,89,1002.2
2025-12-27T18:00,12.3,96,1002.1
2025-12-27T19:00,11.9,98,1001.8
2025-12-27T20:00,11.2,100,1001.5
2025-12-27T21:00,10.7,100,1001.2
2025-12-27T22:00,9.9,99,1001.3
2025-12-27T23:00,10.1,100,1000.9
2025-12-28T00:00,11.3,99,1001.6
2025-12-28T01:00,11.6,99,1002.3
2025-12-28T02:00,11.9,99,1002.9
2025-12-28T03:00,12.6,98,1004.1
2025-12-28T04:00,14.5,90,1004.8
2025-12-28T05:00,17.4,70,1004.9
2025-12-28T06:00,16.8,67,1004.8
2025-12-28T07:00,17.4,64,1003.9
2025-12-28T08:00,17.9,63,1002.9
2025-12-28T09:00,18.3,61,1002.2
2025-12-28T10:00,18.7,59,1001.8
2025-12-28T11:00,18.3,65,1001.6
2025-12-28T12:00,16.4,73,1002.1
2025-12-28T13:00,14.9,84,1002.4
2025-12-28T14:00,14.1,89,1003.0
2025-12-28T15:00,13.3,91,1003.4
2025-12-28T16:00,12.8,92,1003.3
2025-12-28T17:00,12.2,92,1002.7
2025-12-28T18:00,13.1,95,1002.9
2025-12-28T19:00,13.0,96,1002.6
2025-12-28T20:00,13.4,92,1002.1
2025-12-28T21:00,12.9,95,1001.8
2025-12-28T22:00,12.1,97,1001.5
2025-12-28T23:00,12.0,97,1001.5
2025-12-29T00:00,9.0,100,1001.9
2025-12-29T01:00,9.4,100,1002.5
2025-12-29T02:00,9.9,98,1003.0
2025-12-29T03:00,10.7,100,1004.1
2025-12-29T04:00,12.4,92,1005.0
2025-12-29T05:00,14.9,80,1005.0
2025-12-29T06:00,15.0,73,1004.6
2025-12-29T07:00,16.3,65,1003.7
2025-12-29T08:00,17.1,61,1002.6
2025-12-29T09:00,17.5,60,1002.0
2025-12-29T10:00,17.4,62,1001.6
2025-12-29T11:00,16.7,65,1001.3
2025-12-29T12:00,14.6,81,1001.4
2025-12-29T13:00,14.0,84,1002.1
2025-12-29T14:00,13.3,86,1002.5
2025-12-29T15:00,12.6,88,1002.9
2025-12-29T16:00,11.7,92,1002.9
2025-12-29T17:00,11.1,94,1002.8
2025-12-29T18:00,10.3,98,1002.5
2025-12-29T19:00,10.2,98,1002.0
2025-12-29T20:00,9.6,100,1001.4
2025-12-29T21:00,8.7,99,1001.0
2025-12-29T22:00,9.0,100,1000.6
2025-12-29T23:00,8.8,100,1000.0
2025-12-30T00:00,8.5,100,1000.2
2025-12-30T01:00,8.5,99,1000.5
2025-12-30T02:00,8.8,98,1001.0
2025-12-30T03:00,9.9,99,1001.8
2025-12-30T04:00,10.9,97,1002.6
2025-12-30T05:00,12.9,88,1002.7
2025-12-30T06:00,14.4,79,1001.6
2025-12-30T07:00,16.2,69,1000.3
2025-12-30T08:00,17.4,64,999.1
2025-12-30T09:00,18.0,63,998.1
2025-12-30T10:00,18.0,63,997.5
2025-12-30T11:00,17.4,67,997.6
2025-12-30T12:00,14.9,83,997.5
2025-12-30T13:00,14.3,86,998.1
2025-12-30T14:00,13.8,87,998.9
2025-12-30T15:00,13.3,89,999.7
2025-12-30T16:00,12.5,91,999.7
2025-12-30T17:00,11.7,94,999.6
2025-12-30T18:00,10.8,97,999.6
2025-12-30T19:00,10.7,98,999.3
2025-12-30T20:00,10.0,100,999.3
2025-12-30T21:00,9.5,100,998.9
2025-12-30T22:00,8.8,100,998.4
2025-12-30T23:00,8.6,100,998.3
2025-12-31T00:00,8.8,99,998.5
2025-12-31T01:00,9.1,99,999.2
2025-12-31T02:00,9.4,100,999.8
2025-12-31T03:00,10.3,98,1000.8
2025-12-31T04:00,11.5,96,1001.5
2025-12-31T05:00,13.5,85,1001.5
2025-12-31T06:00,14.3,81,1000.8
2025-12-31T07:00,16.4,68,999.6
2025-12-31T08:00,17.3,65,998.3
2025-12-31T09:00,17.7,64,997.3
2025-12-31T10:00,17.5,65,996.9
2025-12-31T11:00,16.7,68,996.7
2025-12-31T12:00,14.7,78,997.0
2025-12-31T13:00,14.1,81,997.8
2025-12-31T14:00,13.0,88,998.5
2025-12-31T15:00,12.2,91,999.1
2025-12-31T16:00,11.9,92,999.2
2025-12-31T17:00,11.4,93,999.2
2025-12-31T18:00,11.3,94,999.0
2025-12-31T19:00,10.9,95,998.6
2025-12-31T20:00,10.3,96,998.3
2025-12-31T21:00,9.9,96,998.1
2025-12-31T22:00,8.9,98,998.1
2025-12-31T23:00,8.4,98,998.0
2026-01-01T00:00,8.2,99,998.6
2026-01-01T01:00,8.1,100,999.2
2026-01-01T02:00,8.0,99,1000.1
2026-01-01T03:00,9.5,97,1001.0
2026-01-01T04:00,11.3,92,1001.9
2026-01-01T05:00,14.2,78,1002.1
2026-01-01T06:00,16.6,67,1001.6
2026-01-01T07:00,18.5,58,1000.7
2026-01-01T08:00,19.8,53,999.9
2026-01-01T09:00,20.2,51,999.3
2026-01-01T10:00,20.1,53,998.9
2026-01-01T11:00,19.4,57,998.5
2026-01-01T12:00,17.3,73,998.7
2026-01-01T13:00,17.1,73,999.3
2026-01-01T14:00,15.8,81,999.8
2026-01-01T15:00,15.6,83,1000.5
2026-01-01T16:00,14.6,87,1000.6
2026-01-01T17:00,14.0,88,1000.4
2026-01-01T18:00,13.0,93,1000.2
2026-01-01T19:00,12.9,93,1000.1
2026-01-01T20:00,12.5,94,1000.0
2026-01-01T21:00,12.1,96,1000.1
2026-01-01T22:00,12.6,95,1000.1
2026-01-01T23:00,11.5,97,1000.0
2026-01-02T00:00,10.7,98,1000.3
2026-01-02T01:00,10.6,98,1000.8
2026-01-02T02:00,10.4,99,1001.8
2026-01-02T03:00,11.8,96,1002.9
2026-01-02T04:00,14.5,84,1004.0
2026-01-02T05:00,17.2,73,1004.3
2026-01-02T06:00,18.4,69,1003.9
2026-01-02T07:00,18.7,70,1002.9
2026-01-02T08:00,19.3,67,1002.1
2026-01-02T09:00,19.4,66,1001.6
2026-01-02T10:00,19.3,66,1001.5
2026-01-02T11:00,18.5,70,1001.4
2026-01-02T12:00,16.8,77,1002.0
2026-01-02T13:00,16.1,81,1002.7
2026-01-02T14:00,15.8,82,1003.0
2026-01-02T15:00,15.6,80,1003.4
2026-01-02T16:00,15.3,81,1003.5
2026-01-02T17:00,15.1,84,1003.3
2026-01-02T18:00,14.5,90,1003.3
2026-01-02T19:00,14.4,90,1002.9
2026-01-02T20:00,14.1,89,1002.7
2026-01-02T21:00,13.6,85,1002.9
2026-01-02T22:00,13.3,81,1002.8
2026-01-02T23:00,13.1,82,1002.3
2026-01-03T00:00,13.4,83,1002.5
2026-01-03T01:00,13.6,82,1003.2
2026-01-03T02:00,13.6,80,1003.9
2026-01-03T03:00,14.1,77,1004.7
2026-01-03T04:00,15.1,72,1005.5
2026-01-03T05:00,16.4,66,1005.6
2026-01-03T06:00,15.9,67,1005.5
2026-01-03T07:00,16.7,64,1004.8
2026-01-03T08:00,17.0,64,1003.8
2026-01-03T09:00,17.2,64,1003.1
2026-01-03T10:00,17.6,61,1002.6
2026-01-03T11:00,17.6,60,1002.5
2026-01-03T12:00,15.9,75,1002.8
2026-01-03T13:00,14.8,77,1003.2
2026-01-03T14:00,14.2,80,1003.6
2026-01-03T15:00,13.5,82,1004.1
2026-01-03T16:00,13.0,83,1004.4
2026-01-03T17:00,12.5,85,1004.4
2026-01-03T18:00,11.2,92,1004.2
2026-01-03T19:00,11.3,90,1003.8
2026-01-03T20:00,10.6,93,1003.8
2026-01-03T21:00,10.0,95,1003.6
2026-01-03T22:00,9.4,96,1003.4
2026-01-03T23:00,8.7,98,1003.1
2026-01-04T00:00,8.3,98,1003.8
2026-01-04T01:00,8.2,98,1004.3
2026-01-04T02:00,8.4,98,1005.0
2026-01-04T03:00,10.4,88,1005.9
2026-01-04T04:00,13.7,72,1006.8
2026-01-04T05:00,15.8,60,1007.0
2026-01-04T06:00,15.5,60,1007.1
2026-01-04T07:00,16.3,56,1006.3
2026-01-04T08:00,16.8,55,1005.4
2026-01-04T09:00,16.9,55,1004.7
2026-01-04T10:00,16.7,56,1004.5
2026-01-04T11:00,16.3,58,1004.4
2026-01-04T12:00,14.2,74,1004.2
2026-01-04T13:00,13.8,76,1004.7
2026-01-04T14:00,13.4,76,1005.2
2026-01-04T15:00,12.7,79,1005.7
2026-01-04T16:00,12.0,82,1006.1
2026-01-04T17:00,11.4,84,1006.0
2026-01-04T18:00,11.1,87,1005.8
2026-01-04T19:00,11.0,90,1005.6
2026-01-04T20:00,11.6,87,1005.4
2026-01-04T21:00,11.5,87,1005.1
2026-01-04T22:00,12.3,80,1004.7
2026-01-04T23:00,12.0,81,1004.7
2026-01-05T00:00,10.5,89,1005.1
2026-01-05T01:00,10.5,89,1005.7
2026-01-05T02:00,10.1,92,1006.6
2026-01-05T03:00,11.4,87,1007.4
2026-01-05T04:00,13.8,73,1008.2
2026-01-05T05:00,15.7,56,1008.3
2026-01-05T06:00,16.2,52,1007.8
2026-01-05T07:00,17.1,51,1006.8
2026-01-05T08:00,17.6,51,1005.8
2026-01-05T09:00,17.9,52,1005.3
2026-01-05T10:00,17.8,54,1004.8
2026-01-05T11:00,17.2,57,1004.3
2026-01-05T12:00,15.7,67,1004.1
2026-01-05T13:00,15.0,72,1004.4
2026-01-05T14:00,14.1,77,1004.8
2026-01-05T15:00,13.1,81,1005.3
2026-01-05T16:00,12.2,86,1005.4
2026-01-05T17:00,11.5,89,1005.2
2026-01-05T18:00,11.1,91,1005.3
2026-01-05T19:00,10.8,92,1004.7
2026-01-05T20:00,10.3,93,1004.7
2026-01-05T21:00,9.7,95,1004.2
2026-01-05T22:00,9.1,96,1004.2
2026-01-05T23:00,8.7,97,1003.9
2026-01-06T00:00,8.2,98,1004.5
2026-01-06T01:00,8.5,98,1005.1
2026-01-06T02:00,9.0,97,1006.0
2026-01-06T03:00,10.3,91,1006.8
2026-01-06T04:00,13.4,77,1007.6
2026-01-06T05:00,15.9,66,1007.6
2026-01-06T06:00,16.0,65,1007.6
2026-01-06T07:00,17.4,60,1006.7
2026-01-06T08:00,18.1,57,1005.6
2026-01-06T09:00,18.5,57,1005.0
2026-01-06T10:00,18.4,58,1004.8
2026-01-06T11:00,17.8,62,1004.3
2026-01-06T12:00,15.6,74,1004.8
2026-01-06T13:00,14.6,78,1005.2
2026-01-06T14:00,13.5,83,1005.6
2026-01-06T15:00,12.6,87,1005.8
2026-01-06T16:00,11.9,90,1006.2
2026-01-06T17:00,11.6,91,1006.1
2026-01-06T18:00,11.0,95,1006.1
2026-01-06T19:00,10.9,96,1005.9
2026-01-06T20:00,10.5,98,1005.7
2026-01-06T21:00,10.0,99,1005.6
2026-01-06T22:00,9.1,100,1005.5
2026-01-06T23:00,9.3,100,1005.2
2026-01-07T00:00,8.7,100,1005.8
2026-01-07T01:00,9.1,100,1006.4
2026-01-07T02:00,9.3,99,1007.1
2026-01-07T03:00,10.3,98,1007.8
2026-01-07T04:00,11.6,96,1008.4
2026-01-07T05:00,13.7,85,1008.5
2026-01-07T06:00,14.7,73,1008.8
2026-01-07T07:00,16.3,63,1007.5
2026-01-07T08:00,17.3,58,1006.3
2026-01-07T09:00,17.7,57,1005.5
2026-01-07T10:00,17.6,58,1005.3
2026-01-07T11:00,17.0,61,1005.1
2026-01-07T12:00,14.5,77,1005.4
2026-01-07T13:00,13.8,82,1005.7
2026-01-07T14:00,13.2,84,1005.8
2026-01-07T15:00,12.2,88,1006.2
2026-01-07T16:00,11.0,92,1006.5
2026-01-07T17:00,10.2,95,1006.3
2026-01-07T18:00,9.1,100,1006.6
2026-01-07T19:00,8.3,100,1006.6
2026-01-07T20:00,7.9,100,1006.5
2026-01-07T21:00,7.8,100,1006.7
2026-01-07T22:00,7.9,100,1006.8
2026-01-07T23:00,7.7,99,1006.6
2026-01-08T00:00,7.4,99,1007.2
2026-01-08T01:00,7.5,99,1007.6
2026-01-08T02:00,7.9,100,1008.3
2026-01-08T03:00,8.8,98,1008.9
2026-01-08T04:00,9.9,96,1009.2
2026-01-08T05:00,12.0,84,1009.4
2026-01-08T06:00,12.7,74,1009.4
2026-01-08T07:00,14.6,65,1008.0
2026-01-08T08:00,16.1,57,1006.8
2026-01-08T09:00,16.9,53,1006.2
2026-01-08T10:00,17.0,53,1005.6
2026-01-08T11:00,16.4,56,1005.4
2026-01-08T12:00,14.4,73,1005.3
2026-01-08T13:00,13.2,81,1005.7
2026-01-08T14:00,11.8,89,1006.1
2026-01-08T15:00,10.9,93,1006.7
2026-01-08T16:00,10.4,94,1007.1
2026-01-08T17:00,10.3,94,1007.0
2026-01-08T18:00,9.3,100,1006.8
2026-01-08T19:00,8.9,100,1006.6
2026-01-08T20:00,8.4,100,1006.5
2026-01-08T21:00,8.2,100,1006.4
2026-01-08T22:00,8.1,100,1006.0
2026-01-08T23:00,7.8,99,1005.4
2026-01-09T00:00,7.7,99,1005.7
2026-01-09T01:00,7.2,100,1005.8
2026-01-09T02:00,7.3,99,1006.4
2026-01-09T03:00,8.4,98,1007.0
2026-01-09T04:00,9.3,97,1007.9
2026-01-09T05:00,11.6,85,1008.0
2026-01-09T06:00,13.3,71,1008.0
2026-01-09T07:00,15.7,60,1007.1
2026-01-09T08:00,17.3,51,1006.0
2026-01-09T09:00,18.1,46,1005.0
2026-01-09T10:00,18.2,47,1004.6
2026-01-09T11:00,17.6,53,1004.3
2026-01-09T12:00,15.3,69,1004.0
2026-01-09T13:00,14.7,72,1004.2
2026-01-09T14:00,14.0,74,1004.2
2026-01-09T15:00,13.3,77,1004.5
2026-01-09T16:00,12.6,80,1004.5
2026-01-09T17:00,11.3,85,1004.3
2026-01-09T18:00,10.8,90,1004.4
2026-01-09T19:00,10.5,90,1003.9
2026-01-09T20:00,10.2,91,1003.6
2026-01-09T21:00,9.6,93,1003.7
2026-01-09T22:00,8.9,94,1003.4
2026-01-09T23:00,8.9,94,1003.3
2026-01-10T00:00,8.4,97,1003.3
2026-01-10T01:00,8.3,96,1003.6
2026-01-10T02:00,8.0,97,1004.1
2026-01-10T03:00,9.9,91,1005.0
2026-01-10T04:00,13.1,78,1005.6
2026-01-10T05:00,16.4,64,1005.9
2026-01-10T06:00,18.8,52,1005.5
2026-01-10T07:00,20.7,42,1004.6
2026-01-10T08:00,21.6,41,1003.5
2026-01-10T09:00,21.7,42,1002.9
2026-01-10T10:00,21.3,45,1002.5
2026-01-10T11:00,20.4,50,1002.3
2026-01-10T12:00,18.6,61,1002.1
2026-01-10T13:00,17.7,67,1002.8
2026-01-10T14:00,16.5,74,1003.4
2026-01-10T15:00,15.4,79,1003.8
2026-01-10T16:00,14.6,82,1004.5
2026-01-10T17:00,13.9,83,1004.7
2026-01-10T18:00,13.4,83,1004.8
2026-01-10T19:00,13.0,83,1004.9
2026-01-10T20:00,12.4,84,1004.7
2026-01-10T21:00,11.8,86,1004.4
2026-01-10T22:00,11.3,88,1004.3
2026-01-10T23:00,10.9,89,1004.1
2026-01-11T00:00,10.7,90,1004.6
2026-01-11T01:00,10.4,90,1005.1
2026-01-11T02:00,10.3,89,1005.9
2026-01-11T03:00,11.9,81,1006.6
2026-01-11T04:00,14.5,69,1007.1
2026-01-11T05:00,17.4,59,1007.6
2026-01-11T06:00,19.8,48,1007.0
2026-01-11T07:00,21.6,40,1006.0
2026-01-11T08:00,22.2,39,1005.0
2026-01-11T09:00,22.1,40,1004.4
2026-01-11T10:00,21.6,42,1003.9
2026-01-11T11:00,20.6,45,1003.8
2026-01-11T12:00,18.8,55,1003.8
2026-01-11T13:00,17.4,62,1004.6
2026-01-11T14:00,16.3,67,1004.9
2026-01-11T15:00,15.2,70,1005.3
2026-01-11T16:00,14.1,73,1005.4
2026-01-11T17:00,13.2,74,1005.5
2026-01-11T18:00,12.5,76,1005.5
2026-01-11T19:00,11.6,79,1005.5
2026-01-11T20:00,10.8,82,1005.4
2026-01-11T21:00,10.0,85,1005.3
2026-01-11T22:00,9.3,86,1005.4
2026-01-11T23:00,8.7,87,1005.2
2026-01-12T00:00,8.5,85,1005.6
2026-01-12T01:00,8.1,85,1006.1
2026-01-12T02:00,8.0,85,1006.8
2026-01-12T03:00,9.5,76,1007.5
2026-01-12T04:00,12.4,64,1008.4
2026-01-12T05:00,15.2,54,1008.5
2026-01-12T06:00,17.5,44,1008.4
2026-01-12T07:00,19.7,35,1007.6
2026-01-12T08:00,20.7,31,1006.7
2026-01-12T09:00,20.8,31,1005.9
2026-01-12T10:00,20.4,35,1005.5
2026-01-12T11:00,19.4,41,1005.3
2026-01-12T12:00,18.0,50,1005.1
2026-01-12T13:00,16.8,59,1006.0
2026-01-12T14:00,15.4,65,1006.3
2026-01-12T15:00,14.1,70,1006.9
2026-01-12T16:00,13.2,72,1007.0
2026-01-12T17:00,12.3,75,1007.1
2026-01-12T18:00,11.6,79,1006.7
2026-01-12T19:00,10.9,81,1006.3
2026-01-12T20:00,10.3,84,1006.0
2026-01-12T21:00,9.8,88,1005.8
2026-01-12T22:00,9.3,90,1005.5
2026-01-12T23:00,8.8,91,1004.9
2026-01-13T00:00,8.3,92,1005.0
2026-01-13T01:00,8.0,92,1005.6
2026-01-13T02:00,8.1,90,1005.9
2026-01-13T03:00,10.0,79,1006.7
2026-01-13T04:00,12.8,65,1007.4
2026-01-13T05:00,15.4,52,1007.3
2026-01-13T06:00,17.7,43,1006.5
2026-01-13T07:00,19.3,38,1005.2
2026-01-13T08:00,20.0,37,1004.1
2026-01-13T09:00,20.2,38,1003.2
2026-01-13T10:00,19.8,42,1002.6
2026-01-13T11:00,19.0,47,1002.0
2026-01-13T12:00,17.3,56,1002.1
2026-01-13T13:00,16.2,62,1002.6
2026-01-13T14:00,15.3,65,1002.7
2026-01-13T15:00,14.4,67,1003.1
2026-01-13T16:00,13.5,71,1003.2
2026-01-13T17:00,12.7,75,1003.0
2026-01-13T18:00,11.9,80,1002.6
2026-01-13T19:00,11.2,84,1001.9
2026-01-13T20:00,10.7,86,1001.3
2026-01-13T21:00,10.2,88,1001.0
2026-01-13T22:00,9.6,90,1000.6
2026-01-13T23:00,9.1,93,1000.2
2026-01-14T00:00,8.9,93,1000.6
2026-01-14T01:00,8.3,95,1001.2
2026-01-14T02:00,8.2,96,1002.0
2026-01-14T03:00,9.7,89,1002.9
2026-01-14T04:00,12.5,73,1003.8
2026-01-14T05:00,15.5,54,1003.9
2026-01-14T06:00,18.0,38,1003.3
2026-01-14T07:00,19.8,34,1002.3
2026-01-14T08:00,20.5,35,1001.4
2026-01-14T09:00,20.7,37,1000.7
2026-01-14T10:00,20.5,39,1000.5
2026-01-14T11:00,19.6,46,1000.3
2026-01-14T12:00,18.2,53,1000.3
2026-01-14T13:00,17.1,60,1000.7
2026-01-14T14:00,16.1,64,1001.4
2026-01-14T15:00,15.2,68,1001.9
2026-01-14T16:00,14.5,71,1002.3
2026-01-14T17:00,13.8,75,1002.2
2026-01-14T18:00,12.8,81,1002.2
2026-01-14T19:00,11.9,86,1001.9
2026-01-14T20:00,11.1,89,1001.6
2026-01-14T21:00,10.3,91,1001.7
2026-01-14T22:00,9.5,92,1001.4
2026-01-14T23:00,9.0,90,1001.0
2026-01-15T00:00,8.5,92,1000.7
2026-01-15T01:00,7.6,94,1001.0
2026-01-15T02:00,7.8,94,1001.7
2026-01-15T03:00,9.7,85,1002.7
2026-01-15T04:00,13.0,70,1003.5
2026-01-15T05:00,15.8,59,1003.7
2026-01-15T06:00,17.6,49,1003.4
2026-01-15T07:00,18.9,45,1002.5
2026-01-15T08:00,19.5,44,1001.6
2026-01-15T09:00,19.7,44,1000.6
2026-01-15T10:00,19.4,45,1000.1
2026-01-15T11:00,18.6,51,999.9
2026-01-15T12:00,17.4,57,1000.1
2026-01-15T13:00,16.7,61,1000.7
2026-01-15T14:00,15.7,66,1001.3
2026-01-15T15:00,14.6,72,1001.6
2026-01-15T16:00,13.8,77,1001.7
2026-01-15T17:00,12.8,82,1001.6
2026-01-15T18:00,11.7,89,1001.8
2026-01-15T19:00,11.0,92,1001.2
2026-01-15T20:00,10.3,95,1000.9
2026-01-15T21:00,9.7,96,1000.3
2026-01-15T22:00,9.2,97,1000.1
2026-01-15T23:00,8.9,97,999.9
2026-01-16T00:00,8.1,99,1000.3
2026-01-16T01:00,7.6,100,1000.7
2026-01-16T02:00,7.6,99,1001.8
2026-01-16T03:00,8.5,98,1002.6
2026-01-16T04:00,11.2,84,1003.5
2026-01-16T05:00,14.8,68,1003.6
2026-01-16T06:00,16.4,61,1003.0
2026-01-16T07:00,18.1,55,1002.0
2026-01-16T08:00,19.0,53,1001.0
2026-01-16T09:00,19.4,53,1000.5
2026-01-16T10:00,19.3,54,1000.1
2026-01-16T11:00,18.7,56,999.8
2026-01-16T12:00,17.1,65,999.9
2026-01-16T13:00,16.2,69,1000.4
2026-01-16T14:00,15.4,74,1000.8
2026-01-16T15:00,14.3,80,1000.8
2026-01-16T16:00,13.4,85,1001.1
2026-01-16T17:00,12.5,88,1000.5
2026-01-16T18:00,11.5,92,1000.8
2026-01-16T19:00,10.7,93,1000.3
2026-01-16T20:00,10.3,94,999.9
2026-01-16T21:00,9.7,96,999.6
2026-01-16T22:00,9.1,97,999.5
2026-01-16T23:00,8.4,97,999.3
2026-01-17T00:00,7.8,95,999.8
2026-01-17T01:00,7.2,100,1000.1
2026-01-17T02:00,7.8,100,1000.9
2026-01-17T03:00,9.0,97,1001.6
2026-01-17T04:00,12.1,82,1002.4
2026-01-17T05:00,15.5,65,1002.7
2026-01-17T06:00,17.9,55,1002.2
2026-01-17T07:00,20.1,47,1001.2
2026-01-17T08:00,21.2,43,999.9
2026-01-17T09:00,21.6,43,998.9
2026-01-17T10:00,21.4,45,998.3
2026-01-17T11:00,20.5,50,998.0
2026-01-17T12:00,19.0,58,997.7
2026-01-17T13:00,18.0,64,998.1
2026-01-17T14:00,16.7,72,998.3
2026-01-17T15:00,15.3,80,998.4
2026-01-17T16:00,14.0,87,998.3
2026-01-17T17:00,13.1,89,998.2
2026-01-17T18:00,12.2,92,998.0
2026-01-17T19:00,11.2,95,997.7
2026-01-17T20:00,10.5,98,997.2
2026-01-17T21:00,9.4,100,997.1
2026-01-17T22:00,8.9,99,996.8
2026-01-17T23:00,8.3,100,996.5
2026-01-18T00:00,7.3,100,996.6
2026-01-18T01:00,7.0,100,997.2
2026-01-18T02:00,7.4,99,998.0
2026-01-18T03:00,9.1,97,999.0
2026-01-18T04:00,10.5,93,999.8
2026-01-18T05:00,12.5,87,1000.5
2026-01-18T06:00,16.2,70,1000.4
2026-01-18T07:00,20.3,47,999.5
2026-01-18T08:00,22.0,39,998.4
2026-01-18T09:00,22.8,35,997.5
2026-01-18T10:00,22.8,37,996.9
2026-01-18T11:00,21.9,43,997.1
2026-01-18T12:00,20.2,49,997.2
2026-01-18T13:00,19.1,56,997.9
2026-01-18T14:00,18.5,58,998.1
2026-01-18T15:00,17.4,61,998.5
2026-01-18T16:00,15.9,68,999.1
2026-01-18T17:00,15.4,72,999.6
2026-01-18T18:00,15.0,78,998.9
2026-01-18T19:00,14.3,83,998.6
2026-01-18T20:00,13.9,85,999.0
2026-01-18T21:00,13.7,85,998.2
2026-01-18T22:00,13.5,86,998.2
2026-01-18T23:00,12.7,90,998.0
2026-01-19T00:00,13.6,88,997.7
2026-01-19T01:00,13.2,90,998.3
2026-01-19T02:00,13.5,87,999.7
2026-01-19T03:00,15.1,79,1000.3
2026-01-19T04:00,17.8,68,1000.9
2026-01-19T05:00,21.2,49,1001.4
2026-01-19T06:00,23.0,42,1000.8
2026-01-19T07:00,25.2,35,1000.1
2026-01-19T08:00,26.3,31,998.7
2026-01-19T09:00,26.9,29,998.0
2026-01-19T10:00,26.8,30,997.7
2026-01-19T11:00,25.9,33,997.7
2026-01-19T12:00,23.3,43,997.5
2026-01-19T13:00,22.0,50,998.2
2026-01-19T14:00,21.3,56,998.7
2026-01-19T15:00,20.4,61,999.0
2026-01-19T16:00,19.0,66,999.3
2026-01-19T17:00,17.8,73,999.4
2026-01-19T18:00,16.8,79,999.0
2026-01-19T19:00,16.4,80,998.6
2026-01-19T20:00,15.6,82,998.4
2026-01-19T21:00,14.9,84,998.3
2026-01-19T22:00,14.3,86,998.2
2026-01-19T23:00,13.7,87,998.0
2026-01-20T00:00,12.8,92,998.5
2026-01-20T01:00,12.4,93,999.1
2026-01-20T02:00,12.4,92,1000.1
2026-01-20T03:00,14.4,82,1001.1
2026-01-20T04:00,17.6,67,1002.3
2026-01-20T05:00,20.5,55,1003.0
2026-01-20T06:00,22.6,47,1002.6
2026-01-20T07:00,24.2,39,1001.8
2026-01-20T08:00,24.9,35,1000.7
2026-01-20T09:00,25.2,33,1000.0
2026-01-20T10:00,24.9,33,999.7
2026-01-20T11:00,24.0,35,999.5
2026-01-20T12:00,22.3,45,999.5
2026-01-20T13:00,21.0,54,1000.0
2026-01-20T14:00,19.8,61,1000.4
2026-01-20T15:00,18.7,66,1001.0
2026-01-20T16:00,17.8,70,1001.3
2026-01-20T17:00,16.9,74,1001.5
2026-01-20T18:00,16.4,77,1001.7
2026-01-20T19:00,15.7,79,1001.5
2026-01-20T20:00,15.0,81,1001.4
2026-01-20T21:00,14.2,82,1001.0
2026-01-20T22:00,13.7,82,1000.9
2026-01-20T23:00,13.2,81,1000.7
2026-01-21T00:00,12.6,85,1000.9
2026-01-21T01:00,12.4,84,1001.4
2026-01-21T02:00,12.4,83,1002.0
2026-01-21T03:00,14.4,73,1002.9
2026-01-21T04:00,17.5,61,1004.0
2026-01-21T05:00,20.7,51,1004.4
2026-01-21T06:00,23.3,40,1004.0
2026-01-21T07:00,24.6,32,1003.0
2026-01-21T08:00,25.0,32,1002.1
2026-01-21T09:00,25.0,33,1001.2
2026-01-21T10:00,24.6,34,1000.9
2026-01-21T11:00,23.7,38,1000.8
2026-01-21T12:00,22.2,44,1000.6
2026-01-21T13:00,21.0,50,1001.2
2026-01-21T14:00,19.8,55,1001.7
2026-01-21T15:00,18.8,60,1002.4
2026-01-21T16:00,17.9,64,1002.6
2026-01-21T17:00,17.0,67,1002.6
2026-01-21T18:00,16.0,74,1002.7
2026-01-21T19:00,15.1,78,1002.3
2026-01-21T20:00,14.4,81,1002.1
2026-01-21T21:00,13.9,83,1001.8
2026-01-21T22:00,13.5,85,1001.2
2026-01-21T23:00,12.6,89,1001.0
2026-01-22T00:00,11.5,95,1001.3
2026-01-22T01:00,11.2,96,1001.8
2026-01-22T02:00,11.0,97,1002.3
2026-01-22T03:00,12.9,89,1003.2
2026-01-22T04:00,16.5,73,1004.1
2026-01-22T05:00,19.7,60,1004.2
2026-01-22T06:00,21.9,49,1003.9
2026-01-22T07:00,23.7,42,1003.1
2026-01-22T08:00,24.4,40,1002.3
2026-01-22T09:00,24.6,38,1001.4
2026-01-22T10:00,24.4,38,1001.0
2026-01-22T11:00,23.7,40,1000.6
2026-01-22T12:00,22.3,44,1000.7
2026-01-22T13:00,21.2,48,1001.4
2026-01-22T14:00,19.6,55,1002.0
2026-01-22T15:00,18.3,60,1002.6
2026-01-22T16:00,17.3,64,1002.9
2026-01-22T17:00,16.7,66,1002.8
2026-01-22T18:00,15.7,72,1002.8
2026-01-22T19:00,14.8,76,1002.4
2026-01-22T20:00,14.2,78,1001.9
2026-01-22T21:00,13.6,78,1001.5
2026-01-22T22:00,13.1,79,1001.0
2026-01-22T23:00,12.5,82,1000.9
2026-01-23T00:00,12.4,85,1001.5
2026-01-23T01:00,12.0,88,1002.0
2026-01-23T02:00,12.1,87,1002.6
2026-01-23T03:00,14.1,77,1003.4
2026-01-23T04:00,17.2,65,1004.3
2026-01-23T05:00,20.2,55,1004.4
2026-01-23T06:00,22.1,46,1004.1
2026-01-23T07:00,23.8,40,1003.4
2026-01-23T08:00,25.0,34,1001.8
2026-01-23T09:00,25.5,33,1001.1
2026-01-23T10:00,24.7,35,1000.2
2026-01-23T11:00,24.0,38,1000.1
2026-01-23T12:00,22.3,43,1000.5
2026-01-23T13:00,21.1,48,1001.0
2026-01-23T14:00,19.9,52,1002.0
2026-01-23T15:00,19.7,53,1002.0
2026-01-23T16:00,19.2,56,1002.3
2026-01-23T17:00,18.7,59,1003.0
2026-01-23T18:00,18.2,64,1004.3
2026-01-23T19:00,17.7,70,1004.0
2026-01-23T20:00,16.9,74,1004.0
2026-01-23T21:00,16.1,77,1003.9
2026-01-23T22:00,15.8,77,1003.1
2026-01-23T23:00,15.5,79,1003.6
2026-01-24T00:00,15.2,83,1003.9
2026-01-24T01:00,15.4,81,1003.9
2026-01-24T02:00,15.6,81,1004.7
2026-01-24T03:00,17.3,71,1005.4
2026-01-24T04:00,20.2,57,1006.2
2026-01-24T05:00,21.7,52,1006.6
2026-01-24T06:00,22.9,47,1006.5
2026-01-24T07:00,24.2,41,1005.5
2026-01-24T08:00,25.0,37,1004.2
2026-01-24T09:00,25.3,37,1003.3
2026-01-24T10:00,25.0,39,1002.9
2026-01-24T11:00,24.1,43,1002.6
2026-01-24T12:00,22.4,54,1002.8
2026-01-24T13:00,21.0,61,1003.1
2026-01-24T14:00,20.2,66,1003.4
2026-01-24T15:00,19.4,70,1003.6
2026-01-24T16:00,18.5,75,1003.9
2026-01-24T17:00,17.7,79,1003.8
2026-01-24T18:00,17.2,84,1003.4
2026-01-24T19:00,16.4,88,1003.4
2026-01-24T20:00,15.9,90,1003.1
2026-01-24T21:00,15.3,91,1002.7
2026-01-24T22:00,14.6,93,1002.2
2026-01-24T23:00,14.1,93,1001.9
2026-01-25T00:00,13.3,93,1002.1
2026-01-25T01:00,13.0,93,1002.8
2026-01-25T02:00,12.8,93,1003.6
2026-01-25T03:00,14.1,85,1004.4
2026-01-25T04:00,16.2,73,1005.1
2026-01-25T05:00,19.0,61,1005.4
2026-01-25T06:00,20.6,56,1004.8
2026-01-25T07:00,22.1,49,1003.8
2026-01-25T08:00,22.9,44,1002.8
2026-01-25T09:00,23.1,43,1002.2
2026-01-25T10:00,22.9,44,1001.9
2026-01-25T11:00,22.1,46,1001.8
2026-01-25T12:00,20.6,53,1001.9
2026-01-25T13:00,19.3,60,1002.6
2026-01-25T14:00,18.3,65,1002.9
2026-01-25T15:00,17.4,68,1003.7
2026-01-25T16:00,16.6,70,1003.8
2026-01-25T17:00,15.8,72,1004.0
2026-01-25T18:00,15.0,77,1003.8
2026-01-25T19:00,14.2,79,1003.8
2026-01-25T20:00,13.5,80,1003.8
2026-01-25T21:00,12.8,81,1003.6
2026-01-25T22:00,12.1,83,1003.4
2026-01-25T23:00,11.3,85,1003.1
2026-01-26T00:00,11.1,84,1003.1
2026-01-26T01:00,10.9,84,1003.6
2026-01-26T02:00,10.8,84,1004.5
2026-01-26T03:00,12.6,76,1005.4
2026-01-26T04:00,15.8,62,1006.5
2026-01-26T05:00,18.7,50,1006.7
2026-01-26T06:00,20.3,42,1006.3
2026-01-26T07:00,22.1,39,1005.4
2026-01-26T08:00,22.9,39,1004.5
2026-01-26T09:00,23.1,41,1003.6
2026-01-26T10:00,22.9,43,1003.2
2026-01-26T11:00,22.2,45,1003.0
2026-01-26T12:00,20.8,51,1003.1
2026-01-26T13:00,19.8,55,1003.8
2026-01-26T14:00,19.0,60,1004.3
2026-01-26T15:00,17.9,65,1004.6
2026-01-26T16:00,16.9,69,1004.7
2026-01-26T17:00,16.5,69,1004.6
2026-01-26T18:00,15.9,73,1004.8
2026-01-26T19:00,15.2,75,1004.5
2026-01-26T20:00,14.6,78,1004.2
2026-01-26T21:00,14.2,78,1003.8
2026-01-26T22:00,13.6,80,1003.5
2026-01-26T23:00,13.2,82,1003.2
2026-01-27T00:00,12.7,85,1003.3
2026-01-27T01:00,12.6,85,1004.1
2026-01-27T02:00,12.8,83,1004.8
2026-01-27T03:00,15.0,70,1005.5
2026-01-27T04:00,18.4,56,1006.1
2026-01-27T05:00,21.1,49,1006.3
2026-01-27T06:00,22.5,47,1005.9
2026-01-27T07:00,24.1,46,1004.5
2026-01-27T08:00,25.0,45,1003.1
2026-01-27T09:00,25.4,46,1002.0
2026-01-27T10:00,25.3,46,1001.2
2026-01-27T11:00,24.8,50,1001.1
2026-01-27T12:00,23.6,53,1001.8
2026-01-27T13:00,22.3,65,1002.5
2026-01-27T14:00,21.6,61,1003.0
2026-01-27T15:00,19.6,70,1003.6
2026-01-27T16:00,18.6,77,1003.6
2026-01-27T17:00,17.8,81,1003.2
2026-01-27T18:00,16.7,90,1002.9
2026-01-27T19:00,16.3,89,1003.2
2026-01-27T20:00,15.8,87,1003.0
2026-01-27T21:00,14.9,91,1002.2
2026-01-27T22:00,14.5,91,1002.0
2026-01-27T23:00,14.2,93,1001.8
2026-01-28T00:00,14.3,93,1002.8
2026-01-28T01:00,14.6,95,1003.1
2026-01-28T02:00,14.5,97,1003.8
2026-01-28T03:00,15.4,93,1004.1
2026-01-28T04:00,16.8,84,1004.7
2026-01-28T05:00,18.8,75,1005.8
2026-01-28T06:00,19.2,75,1006.0
2026-01-28T07:00,20.3,70,1005.0
2026-01-28T08:00,20.8,66,1004.0
2026-01-28T09:00,20.9,65,1003.1
2026-01-28T10:00,21.1,64,1002.9
2026-01-28T11:00,20.8,64,1002.8
2026-01-28T12:00,19.2,75,1003.0
2026-01-28T13:00,18.0,81,1003.8
2026-01-28T14:00,17.1,86,1004.1
2026-01-28T15:00,16.4,89,1004.2
2026-01-28T16:00,15.8,91,1004.4
2026-01-28T17:00,15.2,93,1004.0
2026-01-28T18:00,14.8,99,1003.7
2026-01-28T19:00,14.4,100,1003.4
2026-01-28T20:00,14.2,100,1003.1
2026-01-28T21:00,14.1,100,1003.0
2026-01-28T22:00,14.0,100,1003.0
2026-01-28T23:00,13.7,100,1002.8
2026-01-29T00:00,12.9,98,1003.0
2026-01-29T01:00,12.7,98,1003.6
2026-01-29T02:00,12.7,98,1004.4
2026-01-29T03:00,14.0,93,1005.0
2026-01-29T04:00,16.0,88,1005.8
2026-01-29T05:00,18.3,78,1005.7
2026-01-29T06:00,19.2,69,1005.7
2026-01-29T07:00,20.1,65,1004.9
2026-01-29T08:00,20.6,62,1004.0
2026-01-29T09:00,20.7,60,1003.2
2026-01-29T10:00,20.6,60,1003.1
2026-01-29T11:00,19.9,63,1002.9
2026-01-29T12:00,18.3,74,1002.8
2026-01-29T13:00,17.0,80,1003.4
2026-01-29T14:00,16.0,85,1003.9
2026-01-29T15:00,15.3,88,1004.4
2026-01-29T16:00,14.8,89,1004.8
2026-01-29T17:00,14.2,91,1004.6
2026-01-29T18:00,13.6,92,1004.3
2026-01-29T19:00,13.0,94,1004.1
2026-01-29T20:00,12.6,95,1003.7
2026-01-29T21:00,12.1,96,1003.0
2026-01-29T22:00,12.0,96,1002.7
2026-01-29T23:00,11.6,96,1002.5
2026-01-30T00:00,11.9,98,1002.9
2026-01-30T01:00,11.6,98,1003.6
2026-01-30T02:00,11.7,99,1004.5
2026-01-30T03:00,13.5,92,1005.2
2026-01-30T04:00,15.3,87,1005.8
2026-01-30T05:00,17.2,80,1005.6
2026-01-30T06:00,17.5,72,1005.7
2026-01-30T07:00,18.4,68,1004.8
2026-01-30T08:00,19.2,66,1003.6
2026-01-30T09:00,19.7,63,1002.7
2026-01-30T10:00,19.6,63,1002.5
2026-01-30T11:00,19.1,66,1002.4
2026-01-30T12:00,17.0,73,1002.6
2026-01-30T13:00,15.4,80,1002.8
2026-01-30T14:00,14.9,82,1003.5
2026-01-30T15:00,14.1,85,1004.0
2026-01-30T16:00,13.0,89,1004.6
2026-01-30T17:00,12.2,91,1004.4
2026-01-30T18:00,11.8,94,1004.4
2026-01-30T19:00,11.5,95,1004.0
2026-01-30T20:00,11.1,97,1003.5
2026-01-30T21:00,10.6,98,1003.4
2026-01-30T22:00,10.1,99,1003.4
2026-01-30T23:00,9.6,100,1003.2
2026-01-31T00:00,9.2,100,1003.6
2026-01-31T01:00,9.0,100,1004.4
2026-01-31T02:00,9.0,100,1005.2
2026-01-31T03:00,10.7,100,1006.4
2026-01-31T04:00,13.5,97,1007.3
2026-01-31T05:00,16.3,82,1007.5
2026-01-31T06:00,17.4,73,1007.1
2026-01-31T07:00,18.7,67,1006.0
2026-01-31T08:00,19.4,65,1004.6
2026-01-31T09:00,19.8,62,1003.8
2026-01-31T10:00,19.9,62,1003.6
2026-01-31T11:00,19.4,64,1003.4
2026-01-31T12:00,17.6,78,1003.4
2026-01-31T13:00,16.4,81,1003.9
2026-01-31T14:00,15.3,87,1004.2
2026-01-31T15:00,14.7,88,1004.8
2026-01-31T16:00,14.1,90,1004.7
2026-01-31T17:00,13.4,92,1004.6
2026-01-31T18:00,13.0,94,1004.7
2026-01-31T19:00,12.8,95,1004.3
2026-01-31T20:00,12.3,96,1003.7
2026-01-31T21:00,11.5,99,1003.5
2026-01-31T22:00,10.8,100,1003.1
2026-01-31T23:00,10.3,100,1002.6
2026-02-01T00:00,9.6,100,1003.2
2026-02-01T01:00,9.4,100,1003.8
2026-02-01T02:00,9.7,100,1004.3
2026-02-01T03:00,11.5,100,1005.4
2026-02-01T04:00,13.8,94,1006.2
2026-02-01T05:00,17.0,82,1006.5
2026-02-01T06:00,18.3,74,1006.2
2026-02-01T07:00,20.1,66,1005.1
2026-02-01T08:00,21.3,61,1004.2
2026-02-01T09:00,22.0,60,1003.4
2026-02-01T10:00,22.2,60,1003.1
2026-02-01T11:00,21.8,63,1003.3
2026-02-01T12:00,20.2,76,1003.2
2026-02-01T13:00,18.6,80,1003.6
2026-02-01T14:00,17.5,85,1003.8
2026-02-01T15:00,16.7,87,1004.2
2026-02-01T16:00,16.4,85,1004.5
2026-02-01T17:00,15.8,86,1004.5
2026-02-01T18:00,15.3,89,1004.6
2026-02-01T19:00,14.8,90,1004.3
2026-02-01T20:00,14.4,92,1004.1
2026-02-01T21:00,13.8,94,1003.7
2026-02-01T22:00,13.9,94,1003.6
2026-02-01T23:00,13.7,94,1003.6
2026-02-02T00:00,13.9,96,1003.7
2026-02-02T01:00,14.1,95,1004.2
2026-02-02T02:00,14.0,96,1004.7
2026-02-02T03:00,15.4,93,1005.0
2026-02-02T04:00,18.4,83,1005.4
2026-02-02T05:00,21.1,73,1005.5
2026-02-02T06:00,22.8,64,1004.9
2026-02-02T07:00,23.9,58,1003.9
2026-02-02T08:00,24.5,57,1003.1
2026-02-02T09:00,24.6,56,1002.2
2026-02-02T10:00,24.2,58,1001.8
2026-02-02T11:00,23.5,62,1001.8
2026-02-02T12:00,22.3,71,1001.9
2026-02-02T13:00,20.8,78,1002.4
2026-02-02T14:00,19.8,83,1002.8
2026-02-02T15:00,18.8,87,1003.1
2026-02-02T16:00,18.2,89,1003.6
2026-02-02T17:00,17.4,91,1003.4
2026-02-02T18:00,17.0,92,1003.2
2026-02-02T19:00,16.8,92,1003.1
2026-02-02T20:00,16.2,94,1003.0
2026-02-02T21:00,15.9,95,1003.2
2026-02-02T22:00,15.0,97,1002.9
2026-02-02T23:00,14.4,97,1002.8
2026-02-03T00:00,14.7,98,1002.7
2026-02-03T01:00,14.5,98,1003.7
2026-02-03T02:00,14.7,98,1004.5
2026-02-03T03:00,15.8,96,1005.5
2026-02-03T04:00,16.4,92,1007.5
2026-02-03T05:00,16.9,94,1007.2
2026-02-03T06:00,16.3,96,1008.7
2026-02-03T07:00,17.6,78,1007.4
2026-02-03T08:00,19.1,71,1006.4
2026-02-03T09:00,19.8,71,1005.2
2026-02-03T10:00,20.4,70,1004.9
2026-02-03T11:00,20.2,70,1004.6
2026-02-03T12:00,19.1,80,1004.7
2026-02-03T13:00,17.9,82,1005.1
2026-02-03T14:00,17.1,85,1005.5
2026-02-03T15:00,16.2,89,1005.9
2026-02-03T16:00,14.9,93,1006.3
2026-02-03T17:00,14.2,95,1006.4
2026-02-03T18:00,13.9,100,1006.5
2026-02-03T19:00,13.4,100,1006.3
2026-02-03T20:00,13.3,100,1005.6
2026-02-03T21:00,13.4,100,1004.8
2026-02-03T22:00,13.3,99,1004.7
2026-02-03T23:00,13.3,100,1004.7
2026-02-04T00:00,12.0,98,1005.0
2026-02-04T01:00,11.7,99,1005.6
2026-02-04T02:00,12.1,99,1006.3
2026-02-04T03:00,13.6,95,1007.0
2026-02-04T04:00,16.0,87,1007.7
2026-02-04T05:00,18.3,75,1007.7
2026-02-04T06:00,19.8,64,1007.2
2026-02-04T07:00,21.0,55,1006.2
2026-02-04T08:00,21.8,52,1004.9
2026-02-04T09:00,22.2,50,1004.2
2026-02-04T10:00,22.0,51,1003.9
2026-02-04T11:00,21.1,56,1003.7
2026-02-04T12:00,19.4,65,1003.5
2026-02-04T13:00,17.7,73,1003.8
2026-02-04T14:00,16.7,77,1004.2
2026-02-04T15:00,15.8,80,1004.5
2026-02-04T16:00,15.1,80,1004.7
2026-02-04T17:00,14.4,81,1004.6
2026-02-04T18:00,14.0,86,1004.7
2026-02-04T19:00,13.4,88,1004.0
2026-02-04T20:00,12.8,91,1003.8
2026-02-04T21:00,12.4,92,1003.5
2026-02-04T22:00,12.1,93,1003.3
2026-02-04T23:00,11.7,94,1003.3
2026-02-05T00:00,11.4,95,1003.7
2026-02-05T01:00,10.9,96,1004.3
2026-02-05T02:00,10.9,97,1005.1
2026-02-05T03:00,12.8,93,1005.7
2026-02-05T04:00,15.4,83,1006.6
2026-02-05T05:00,17.8,75,1006.6
2026-02-05T06:00,19.8,66,1005.9
2026-02-05T07:00,21.0,58,1005.0
2026-02-05T08:00,21.7,53,1003.8
2026-02-05T09:00,21.9,51,1003.2
2026-02-05T10:00,21.7,53,1003.0
2026-02-05T11:00,21.0,57,1002.8
2026-02-05T12:00,19.4,66,1002.7
2026-02-05T13:00,17.7,74,1003.0
2026-02-05T14:00,16.8,77,1003.7
2026-02-05T15:00,15.8,80,1004.1
2026-02-05T16:00,15.0,83,1004.2
2026-02-05T17:00,14.3,85,1004.2
2026-02-05T18:00,14.1,87,1004.2
2026-02-05T19:00,13.6,87,1003.8
2026-02-05T20:00,13.2,88,1003.4
2026-02-05T21:00,12.6,90,1002.6
2026-02-05T22:00,12.2,90,1002.3
2026-02-05T23:00,11.8,90,1002.2
2026-02-06T00:00,11.5,91,1002.5
2026-02-06T01:00,11.1,90,1003.5
2026-02-06T02:00,11.2,90,1004.2
2026-02-06T03:00,13.1,83,1005.1
2026-02-06T04:00,15.5,73,1006.0
2026-02-06T05:00,17.8,65,1006.2
2026-02-06T06:00,20.0,56,1005.6
2026-02-06T07:00,21.3,51,1004.7
2026-02-06T08:00,22.1,49,1003.2
2026-02-06T09:00,22.5,48,1002.3
2026-02-06T10:00,22.3,49,1001.6
2026-02-06T11:00,21.6,53,1001.4
2026-02-06T12:00,20.2,60,1001.1
2026-02-06T13:00,18.4,70,1001.2
2026-02-06T14:00,17.4,74,1001.6
2026-02-06T15:00,16.7,76,1002.2
2026-02-06T16:00,16.0,76,1002.6
2026-02-06T17:00,15.4,78,1002.4
2026-02-06T18:00,15.1,82,1002.2
2026-02-06T19:00,14.5,84,1002.1
2026-02-06T20:00,14.0,87,1001.6
2026-02-06T21:00,13.5,89,1001.2
2026-02-06T22:00,13.1,90,1000.9
2026-02-06T23:00,12.7,91,1000.7
2026-02-07T00:00,12.4,93,1001.0
2026-02-07T01:00,12.2,92,1001.3
2026-02-07T02:00,12.5,90,1001.8
2026-02-07T03:00,14.5,82,1002.7
2026-02-07T04:00,17.1,71,1003.4
2026-02-07T05:00,19.3,63,1003.4
2026-02-07T06:00,21.5,56,1002.8
2026-02-07T07:00,22.7,52,1001.6
2026-02-07T08:00,23.4,49,1000.6
2026-02-07T09:00,23.8,47,999.8
2026-02-07T10:00,23.6,48,999.3
2026-02-07T11:00,23.0,51,999.2
2026-02-07T12:00,21.8,56,999.1
2026-02-07T13:00,20.4,62,999.3
2026-02-07T14:00,19.3,67,999.8
2026-02-07T15:00,18.4,71,1000.4
2026-02-07T16:00,17.9,70,1001.0
2026-02-07T17:00,17.3,70,1001.2
2026-02-07T18:00,16.8,75,1000.7
2026-02-07T19:00,16.1,77,1000.2
2026-02-07T20:00,15.5,80,1000.1
2026-02-07T21:00,14.8,84,999.8
2026-02-07T22:00,14.3,87,999.7
2026-02-07T23:00,14.0,89,999.3
2026-02-08T00:00,13.6,91,999.4
2026-02-08T01:00,13.1,92,999.9
2026-02-08T02:00,13.2,91,1000.5
2026-02-08T03:00,15.2,80,1001.2
2026-02-08T04:00,18.0,67,1002.1
2026-02-08T05:00,20.7,55,1002.5
2026-02-08T06:00,23.0,43,1001.9
2026-02-08T07:00,24.5,37,1001.2
2026-02-08T08:00,25.2,34,1000.3
2026-02-08T09:00,25.5,33,999.5
2026-02-08T10:00,25.2,34,999.0
2026-02-08T11:00,24.3,37,998.8
2026-02-08T12:00,22.7,45,998.6
2026-02-08T13:00,21.3,52,998.9
2026-02-08T14:00,20.3,57,999.6
2026-02-08T15:00,19.0,63,1000.0
2026-02-08T16:00,17.8,69,1000.2
2026-02-08T17:00,16.9,74,999.9
2026-02-08T18:00,16.3,80,1000.1
2026-02-08T19:00,15.5,82,999.9
2026-02-08T20:00,15.0,81,999.6
2026-02-08T21:00,13.8,86,999.5
2026-02-08T22:00,13.1,87,999.2
2026-02-08T23:00,12.4,88,998.7
2026-02-09T00:00,11.4,95,999.1
2026-02-09T01:00,11.2,95,999.8
2026-02-09T02:00,11.6,95,1000.9
2026-02-09T03:00,14.8,79,1002.0
2026-02-09T04:00,18.7,59,1002.9
2026-02-09T05:00,21.6,43,1003.3
2026-02-09T06:00,23.2,34,1003.1
2026-02-09T07:00,24.8,32,1002.5
2026-02-09T08:00,25.4,32,1001.3
2026-02-09T09:00,25.5,33,1000.3
2026-02-09T10:00,25.1,35,1000.0
2026-02-09T11:00,24.4,37,999.7
2026-02-09T12:00,23.4,40,999.3
2026-02-09T13:00,22.0,46,999.6
2026-02-09T14:00,20.8,52,1000.3
2026-02-09T15:00,19.6,55,1001.1
2026-02-09T16:00,18.6,55,1001.4
2026-02-09T17:00,18.0,53,1001.2
2026-02-09T18:00,17.3,58,1001.0
2026-02-09T19:00,16.1,64,1000.5
2026-02-09T20:00,15.3,69,999.8
2026-02-09T21:00,14.6,74,999.5
2026-02-09T22:00,13.8,79,999.4
2026-02-09T23:00,13.1,84,999.2
2026-02-10T00:00,12.1,90,1000.0
2026-02-10T01:00,12.0,91,1000.6
2026-02-10T02:00,12.4,91,1001.4
2026-02-10T03:00,15.1,77,1002.3
2026-02-10T04:00,19.1,61,1003.1
2026-02-10T05:00,22.1,46,1003.4
2026-02-10T06:00,23.7,39,1002.8
2026-02-10T07:00,25.2,34,1002.3
2026-02-10T08:00,26.0,31,1001.4
2026-02-10T09:00,26.3,31,1000.6
2026-02-10T10:00,25.9,32,1000.4
2026-02-10T11:00,25.2,36,1000.5
2026-02-10T12:00,24.1,40,1000.5
2026-02-10T13:00,22.9,45,1001.1
2026-02-10T14:00,21.2,53,1001.5
2026-02-10T15:00,20.0,57,1002.6
2026-02-10T16:00,19.3,60,1003.0
2026-02-10T17:00,18.5,63,1003.3
2026-02-10T18:00,17.6,71,1003.2
2026-02-10T19:00,16.9,74,1003.1
2026-02-10T20:00,16.0,77,1002.8
2026-02-10T21:00,15.3,79,1002.2
2026-02-10T22:00,14.9,80,1002.2
2026-02-10T23:00,14.3,82,1001.8
2026-02-11T00:00,13.4,91,1002.0
2026-02-11T01:00,13.3,91,1002.7
2026-02-11T02:00,13.9,87,1003.5
2026-02-11T03:00,16.5,74,1004.9
2026-02-11T04:00,19.9,59,1005.9
2026-02-11T05:00,22.7,49,1006.2
2026-02-11T06:00,24.3,45,1005.5
2026-02-11T07:00,26.1,39,1004.4
2026-02-11T08:00,26.8,37,1003.2
2026-02-11T09:00,27.1,37,1002.3
2026-02-11T10:00,27.1,35,1002.0
2026-02-11T11:00,26.6,37,1001.7
2026-02-11T12:00,24.6,37,1001.8
2026-02-11T13:00,23.1,45,1002.2
2026-02-11T14:00,22.1,51,1002.4
2026-02-11T15:00,21.1,55,1002.9
2026-02-11T16:00,20.2,60,1003.1
2026-02-11T17:00,19.3,64,1002.8
2026-02-11T18:00,18.3,75,1002.7
2026-02-11T19:00,17.5,80,1002.5
2026-02-11T20:00,16.8,84,1002.3
2026-02-11T21:00,16.1,87,1002.0
2026-02-11T22:00,15.8,85,1001.7
2026-02-11T23:00,15.5,83,1001.5
2026-02-12T00:00,15.6,88,1002.2
2026-02-12T01:00,15.1,89,1002.7
2026-02-12T02:00,15.0,88,1003.2
2026-02-12T03:00,17.1,77,1004.1
2026-02-12T04:00,19.7,64,1004.8
2026-02-12T05:00,22.2,52,1005.0
2026-02-12T06:00,24.5,43,1004.6
2026-02-12T07:00,26.5,34,1003.6
2026-02-12T08:00,27.2,30,1002.6
2026-02-12T09:00,27.5,29,1001.9
2026-02-12T10:00,27.3,28,1001.5
2026-02-12T11:00,26.5,31,1001.0
2026-02-12T12:00,24.8,36,1000.5
2026-02-12T13:00,23.2,41,1001.0
2026-02-12T14:00,22.1,44,1001.5
2026-02-12T15:00,21.2,46,1001.8
2026-02-12T16:00,20.1,49,1002.0
2026-02-12T17:00,18.9,53,1001.8
2026-02-12T18:00,17.8,62,1001.6
2026-02-12T19:00,16.9,66,1001.3
2026-02-12T20:00,16.4,69,1000.7
2026-02-12T21:00,16.0,70,1000.2
2026-02-12T22:00,15.5,72,999.8
2026-02-12T23:00,14.6,76,999.5
2026-02-13T00:00,13.9,89,999.7
2026-02-13T01:00,13.6,90,1000.5
2026-02-13T02:00,13.7,89,1001.2
2026-02-13T03:00,15.9,77,1002.0
2026-02-13T04:00,19.2,64,1003.0
2026-02-13T05:00,22.1,47,1003.6
2026-02-13T06:00,23.9,34,1003.0
2026-02-13T07:00,25.3,29,1002.1
2026-02-13T08:00,26.1,27,1001.1
2026-02-13T09:00,26.3,26,1000.5
2026-02-13T10:00,26.3,25,1000.2
2026-02-13T11:00,25.6,26,999.8
2026-02-13T12:00,23.6,28,999.8
2026-02-13T13:00,22.0,34,999.9
2026-02-13T14:00,20.8,39,1000.6
2026-02-13T15:00,19.3,45,1001.2
2026-02-13T16:00,18.5,49,1001.3
2026-02-13T17:00,17.9,51,1001.2
2026-02-13T18:00,17.3,60,1000.9
2026-02-13T19:00,16.3,63,1000.3
2026-02-13T20:00,15.7,67,1000.0
2026-02-13T21:00,15.2,70,999.4
2026-02-13T22:00,14.5,75,999.1
2026-02-13T23:00,13.7,79,998.9
2026-02-14T00:00,13.4,83,999.0
2026-02-14T01:00,13.3,82,999.7
2026-02-14T02:00,13.5,81,1000.4
2026-02-14T03:00,16.5,67,1001.1
2026-02-14T04:00,20.3,54,1001.8
2026-02-14T05:00,22.9,44,1001.7
2026-02-14T06:00,24.6,36,1001.1
2026-02-14T07:00,26.2,31,1000.2
2026-02-14T08:00,26.9,28,999.1
2026-02-14T09:00,27.2,28,998.6
2026-02-14T10:00,27.1,26,998.1
2026-02-14T11:00,26.3,29,997.8
2026-02-14T12:00,24.3,36,998.0
2026-02-14T13:00,23.0,40,998.0
2026-02-14T14:00,21.8,44,998.6
2026-02-14T15:00,20.6,49,999.1
2026-02-14T16:00,19.4,53,999.3
2026-02-14T17:00,18.4,57,999.0
2026-02-14T18:00,17.6,64,998.7
2026-02-14T19:00,17.1,67,998.4
2026-02-14T20:00,16.6,70,998.0
2026-02-14T21:00,16.2,72,997.8
2026-02-14T22:00,15.5,75,997.7
2026-02-14T23:00,14.8,78,997.5
2026-02-15T00:00,14.7,83,998.1
2026-02-15T01:00,14.6,83,998.7
2026-02-15T02:00,14.8,81,999.5
2026-02-15T03:00,17.5,69,1000.3
2026-02-15T04:00,21.2,54,1001.3
2026-02-15T05:00,24.2,43,1001.3
2026-02-15T06:00,26.0,35,1001.2
2026-02-15T07:00,27.3,30,1000.3
2026-02-15T08:00,28.0,30,999.0
2026-02-15T09:00,28.5,28,998.5
2026-02-15T10:00,28.3,28,997.8
2026-02-15T11:00,27.7,30,997.4
2026-02-15T12:00,25.8,37,997.8
2026-02-15T13:00,24.3,42,998.1
2026-02-15T14:00,23.2,46,998.5
2026-02-15T15:00,22.2,50,998.7
2026-02-15T16:00,20.8,55,999.2
2026-02-15T17:00,19.7,59,999.2
2026-02-15T18:00,18.8,67,999.2
2026-02-15T19:00,17.7,73,998.8
2026-02-15T20:00,17.0,76,998.5
2026-02-15T21:00,16.4,79,998.1
2026-02-15T22:00,15.8,81,997.9
2026-02-15T23:00,15.2,83,997.8
2026-02-16T00:00,14.7,90,998.0
2026-02-16T01:00,14.6,89,998.7
2026-02-16T02:00,15.2,85,999.6
2026-02-16T03:00,18.2,71,1000.4
2026-02-16T04:00,22.5,54,1001.4
2026-02-16T05:00,25.6,40,1001.6
2026-02-16T06:00,27.4,28,1001.4
2026-02-16T07:00,28.5,24,1000.5
2026-02-16T08:00,28.8,25,999.2
2026-02-16T09:00,29.0,25,998.0
2026-02-16T10:00,28.9,24,997.4
2026-02-16T11:00,28.4,23,997.2
2026-02-16T12:00,26.5,25,997.3
2026-02-16T13:00,24.7,30,997.6
2026-02-16T14:00,23.1,36,998.2
2026-02-16T15:00,22.1,40,998.8
2026-02-16T16:00,21.2,43,999.6
2026-02-16T17:00,20.0,45,999.7
2026-02-16T18:00,18.9,54,999.9
2026-02-16T19:00,17.8,59,999.6
2026-02-16T20:00,16.8,65,999.2
2026-02-16T21:00,15.8,71,999.0
2026-02-16T22:00,15.0,75,999.0
2026-02-16T23:00,14.6,76,999.0
2026-02-17T00:00,14.0,82,999.5
2026-02-17T01:00,13.2,86,1000.2
2026-02-17T02:00,13.8,82,1001.0
2026-02-17T03:00,17.3,66,1001.8
2026-02-17T04:00,22.0,48,1002.7
2026-02-17T05:00,25.2,37,1002.6
2026-02-17T06:00,26.3,32,1002.3
2026-02-17T07:00,28.4,26,1001.3
2026-02-17T08:00,29.1,23,1000.2
2026-02-17T09:00,29.2,24,999.1
2026-02-17T10:00,28.6,26,998.5
2026-02-17T11:00,27.8,29,998.3
2026-02-17T12:00,26.3,32,998.4
2026-02-17T13:00,24.7,37,998.7
2026-02-17T14:00,23.6,43,998.9
2026-02-17T15:00,22.9,55,999.6
2026-02-17T16:00,21.6,49,999.8
2026-02-17T17:00,19.5,56,999.9
2026-02-17T18:00,19.1,61,999.6
2026-02-17T19:00,18.0,65,999.3
2026-02-17T20:00,16.9,70,998.9
2026-02-17T21:00,16.3,73,998.4
2026-02-17T22:00,15.9,75,998.2
2026-02-17T23:00,15.8,76,998.1
2026-02-18T00:00,14.8,85,998.6
2026-02-18T01:00,14.1,87,999.6
2026-02-18T02:00,15.3,81,1000.5
2026-02-18T03:00,18.5,67,1001.0
2026-02-18T04:00,22.8,52,1001.6
2026-02-18T05:00,25.4,39,1001.9
2026-02-18T06:00,26.6,34,1002.0
2026-02-18T07:00,28.2,29,1001.1
2026-02-18T08:00,28.8,28,999.8
2026-02-18T09:00,28.9,28,998.7
2026-02-18T10:00,28.7,30,998.0
2026-02-18T11:00,28.2,32,997.9
2026-02-18T12:00,26.7,36,998.2
2026-02-18T13:00,25.4,39,998.7
2026-02-18T14:00,24.7,42,999.5
2026-02-18T15:00,23.1,46,1000.3
2026-02-18T16:00,21.5,55,1000.8
2026-02-18T17:00,21.1,62,1001.0
2026-02-18T18:00,19.9,75,1001.2
2026-02-18T19:00,19.2,80,1001.2
2026-02-18T20:00,18.9,79,1000.8
2026-02-18T21:00,18.4,78,1000.9
2026-02-18T22:00,18.2,77,1000.6
2026-02-18T23:00,18.1,75,1000.1
2026-02-19T00:00,18.5,75,999.9
2026-02-19T01:00,18.2,81,1000.5
2026-02-19T02:00,17.7,84,1001.8
2026-02-19T03:00,19.9,69,1002.4
2026-02-19T04:00,21.6,58,1002.9
2026-02-19T05:00,25.5,40,1003.3
2026-02-19T06:00,26.6,36,1003.2
2026-02-19T07:00,28.3,32,1002.4
2026-02-19T08:00,29.1,31,1001.4
2026-02-19T09:00,29.1,31,1000.8
2026-02-19T10:00,28.7,32,1000.2
2026-02-19T11:00,28.4,33,1000.0
2026-02-19T12:00,27.3,36,1000.1
2026-02-19T13:00,25.8,40,1000.6
2026-02-19T14:00,24.7,43,1001.4
2026-02-19T15:00,23.4,48,1002.0
2026-02-19T16:00,22.4,52,1002.3
2026-02-19T17:00,21.5,57,1002.5
2026-02-19T18:00,21.0,67,1002.6
2026-02-19T19:00,20.5,70,1002.5
2026-02-19T20:00,19.5,74,1002.4
2026-02-19T21:00,18.8,76,1002.0
2026-02-19T22:00,18.3,77,1001.9
2026-02-19T23:00,17.7,80,1002.0
2026-02-20T00:00,17.6,79,1002.0
2026-02-20T01:00,17.5,79,1002.4
2026-02-20T02:00,17.9,76,1003.3
2026-02-20T03:00,20.6,64,1004.3
2026-02-20T04:00,24.2,50,1004.9
2026-02-20T05:00,27.2,39,1005.1
2026-02-20T06:00,28.3,35,1004.6
2026-02-20T07:00,30.0,29,1003.7
2026-02-20T08:00,30.7,25,1002.3
2026-02-20T09:00,30.8,22,1001.3
2026-02-20T10:00,30.1,23,1000.6
2026-02-20T11:00,29.4,24,1000.2
2026-02-20T12:00,28.3,29,999.9
2026-02-20T13:00,26.6,37,1000.1
2026-02-20T14:00,25.1,43,1000.7
2026-02-20T15:00,23.9,47,1000.8
2026-02-20T16:00,23.0,49,1000.9
2026-02-20T17:00,22.1,53,1000.7
2026-02-20T18:00,21.2,60,1000.8
2026-02-20T19:00,20.5,63,1000.4
2026-02-20T20:00,20.0,64,999.8
2026-02-20T21:00,18.9,69,999.5
2026-02-20T22:00,18.2,73,999.1
2026-02-20T23:00,17.5,77,999.2
2026-02-21T00:00,16.8,83,998.9
2026-02-21T01:00,16.4,85,999.2
2026-02-21T02:00,16.6,83,999.9
2026-02-21T03:00,19.4,70,1000.6
2026-02-21T04:00,22.8,56,1001.1
2026-02-21T05:00,25.8,43,1001.0
2026-02-21T06:00,27.4,37,1000.4
2026-02-21T07:00,28.5,33,999.1
2026-02-21T08:00,28.9,30,997.9
2026-02-21T09:00,28.9,29,996.6
2026-02-21T10:00,28.6,28,995.8
2026-02-21T11:00,27.8,31,995.3
2026-02-21T12:00,26.2,37,995.2
2026-02-21T13:00,24.9,42,995.4
2026-02-21T14:00,23.7,46,995.7
2026-02-21T15:00,22.4,51,995.8
2026-02-21T16:00,21.4,56,996.1
2026-02-21T17:00,20.7,59,995.8
2026-02-21T18:00,20.1,65,995.8
2026-02-21T19:00,19.3,68,995.4
2026-02-21T20:00,18.9,71,995.1
2026-02-21T21:00,18.6,73,994.6
2026-02-21T22:00,18.0,77,994.3
2026-02-21T23:00,17.2,81,994.4
2026-02-22T00:00,16.5,86,994.9
2026-02-22T01:00,16.2,87,995.5
2026-02-22T02:00,16.5,84,996.3
2026-02-22T03:00,19.3,71,997.1
2026-02-22T04:00,22.9,57,997.7
2026-02-22T05:00,25.7,43,997.8
2026-02-22T06:00,27.3,34,997.3
2026-02-22T07:00,28.6,29,996.5
2026-02-22T08:00,28.9,28,995.4
2026-02-22T09:00,28.9,27,994.5
2026-02-22T10:00,28.7,27,993.8
2026-02-22T11:00,28.2,27,993.3
2026-02-22T12:00,27.0,28,993.3
2026-02-22T13:00,25.5,34,993.7
2026-02-22T14:00,23.9,40,994.2
2026-02-22T15:00,22.6,46,994.8
2026-02-22T16:00,21.7,49,995.1
2026-02-22T17:00,21.5,51,995.2
2026-02-22T18:00,20.4,58,994.7
2026-02-22T19:00,19.4,61,994.5
2026-02-22T20:00,18.6,65,993.9
2026-02-22T21:00,18.0,68,993.6
2026-02-22T22:00,17.3,71,993.4
2026-02-22T23:00,16.3,76,993.5
2026-02-23T00:00,15.8,79,994.0
2026-02-23T01:00,16.2,77,994.6
2026-02-23T02:00,17.3,72,995.8
2026-02-23T03:00,20.7,57,996.9
2026-02-23T04:00,24.8,40,997.5
2026-02-23T05:00,26.8,28,997.8
2026-02-23T06:00,27.4,26,997.5
2026-02-23T07:00,28.6,25,996.7
2026-02-23T08:00,29.1,24,995.5
2026-02-23T09:00,29.2,24,994.6
2026-02-23T10:00,28.8,26,994.2
2026-02-23T11:00,28.1,29,993.7
2026-02-23T12:00,27.2,31,993.8
2026-02-23T13:00,25.5,36,994.3
2026-02-23T14:00,24.6,37,994.8
2026-02-23T15:00,23.3,41,995.4
2026-02-23T16:00,21.7,47,996.1
2026-02-23T17:00,20.9,52,996.1
2026-02-23T18:00,20.0,58,995.9
2026-02-23T19:00,19.5,60,995.9
2026-02-23T20:00,19.1,61,995.5
2026-02-23T21:00,18.1,65,995.2
2026-02-23T22:00,17.4,69,995.2
2026-02-23T23:00,16.3,74,995.3
2026-02-24T00:00,16.2,73,995.6
2026-02-24T01:00,15.8,75,996.1
2026-02-24T02:00,16.5,72,997.4
2026-02-24T03:00,20.1,56,998.7
2026-02-24T04:00,24.3,41,999.3
2026-02-24T05:00,27.1,30,999.4
2026-02-24T06:00,28.0,24,999.0
2026-02-24T07:00,29.5,21,998.2
2026-02-24T08:00,29.9,21,997.0
2026-02-24T09:00,29.7,23,996.1
2026-02-24T10:00,29.4,23,995.9
2026-02-24T11:00,29.4,22,995.5
2026-02-24T12:00,27.8,25,995.6
2026-02-24T13:00,25.8,31,996.5
2026-02-24T14:00,24.3,38,997.0
2026-02-24T15:00,23.8,39,997.4
2026-02-24T16:00,23.1,41,997.8
2026-02-24T17:00,21.9,46,997.9
2026-02-24T18:00,20.7,55,998.0
2026-02-24T19:00,19.4,61,997.6
2026-02-24T20:00,18.5,63,997.4
2026-02-24T21:00,17.2,68,996.7
2026-02-24T22:00,16.9,68,996.8
2026-02-24T23:00,16.6,68,996.7
2026-02-25T00:00,16.6,84,997.2
2026-02-25T01:00,16.6,82,998.0
2026-02-25T02:00,17.4,77,998.8
2026-02-25T03:00,20.8,62,999.8
2026-02-25T04:00,24.3,51,1000.2
2026-02-25T05:00,26.6,44,1000.1
2026-02-25T06:00,27.8,35,999.6
2026-02-25T07:00,29.1,28,998.7
2026-02-25T08:00,29.4,27,997.7
2026-02-25T09:00,29.8,24,996.7
2026-02-25T10:00,29.6,20,996.2
2026-02-25T11:00,28.9,22,996.3
2026-02-25T12:00,27.6,28,996.2
2026-02-25T13:00,25.9,34,996.4
2026-02-25T14:00,24.8,38,996.8
2026-02-25T15:00,24.0,40,997.3
2026-02-25T16:00,22.6,44,997.8
2026-02-25T17:00,22.0,46,998.0
2026-02-25T18:00,21.4,53,997.7
2026-02-25T19:00,20.6,56,997.6
2026-02-25T20:00,19.4,62,997.1
2026-02-25T21:00,18.1,67,996.4
2026-02-25T22:00,18.0,66,996.0
2026-02-25T23:00,17.0,70,995.8
2026-02-26T00:00,16.7,75,995.9
2026-02-26T01:00,16.6,74,996.1
2026-02-26T02:00,17.4,69,997.0
2026-02-26T03:00,20.4,58,997.6
2026-02-26T04:00,24.1,46,997.7
2026-02-26T05:00,26.9,36,997.3
2026-02-26T06:00,28.3,28,997.0
2026-02-26T07:00,29.5,24,996.1
2026-02-26T08:00,30.0,22,995.1
2026-02-26T09:00,30.2,20,994.2
2026-02-26T10:00,29.9,20,993.7
2026-02-26T11:00,28.9,26,993.2
2026-02-26T12:00,27.7,26,993.2
2026-02-26T13:00,26.1,30,993.1
2026-02-26T14:00,25.2,32,993.6
2026-02-26T15:00,23.8,37,994.1
2026-02-26T16:00,22.5,43,994.4
2026-02-26T17:00,21.3,48,994.5
2026-02-26T18:00,20.6,50,994.0
2026-02-26T19:00,19.8,47,993.9
2026-02-26T20:00,19.4,44,993.6
2026-02-26T21:00,18.8,44,993.2
2026-02-26T22:00,18.3,48,992.9
2026-02-26T23:00,17.7,52,992.6
2026-02-27T00:00,16.9,70,992.6
2026-02-27T01:00,16.5,73,993.2
2026-02-27T02:00,16.8,71,994.2
2026-02-27T03:00,20.1,58,995.3
2026-02-27T04:00,23.9,45,995.9
2026-02-27T05:00,26.9,35,995.9
2026-02-27T06:00,28.8,29,995.2
2026-02-27T07:00,30.1,25,994.6
2026-02-27T08:00,30.7,23,993.6
2026-02-27T09:00,30.8,22,992.7
2026-02-27T10:00,30.7,21,992.3
2026-02-27T11:00,30.0,22,992.0
2026-02-27T12:00,28.6,26,992.0
2026-02-27T13:00,26.9,32,992.1
2026-02-27T14:00,25.3,37,992.2
2026-02-27T15:00,24.9,38,992.6
2026-02-27T16:00,23.2,44,992.9
2026-02-27T17:00,21.6,51,992.8
2026-02-27T18:00,20.8,57,992.7
2026-02-27T19:00,20.1,58,992.3
2026-02-27T20:00,19.9,57,992.1
2026-02-27T21:00,19.0,61,991.7
2026-02-27T22:00,18.2,65,991.3
2026-02-27T23:00,17.5,69,991.0
2026-02-28T00:00,16.9,79,991.0
2026-02-28T01:00,17.5,73,991.5
2026-02-28T02:00,18.6,66,992.4
2026-02-28T03:00,22.4,51,993.3
2026-02-28T04:00,25.4,42,994.2
2026-02-28T05:00,28.6,33,994.3
2026-02-28T06:00,30.4,24,994.1
2026-02-28T07:00,31.4,19,993.5
2026-02-28T08:00,32.0,17,992.4
2026-02-28T09:00,32.0,18,991.8
2026-02-28T10:00,31.5,18,991.5
2026-02-28T11:00,30.6,20,991.3
2026-02-28T12:00,28.4,30,991.1
2026-02-28T13:00,26.5,40,991.4
2026-02-28T14:00,25.2,44,991.7
2026-02-28T15:00,24.0,49,992.3
2026-02-28T16:00,23.6,51,993.2
2026-02-28T17:00,23.0,54,993.4
2026-02-28T18:00,22.3,65,993.1
2026-02-28T19:00,21.2,70,992.8
2026-02-28T20:00,20.8,71,992.3
2026-02-28T21:00,20.3,72,991.9
2026-02-28T22:00,19.4,73,991.8
2026-02-28T23:00,18.4,75,991.9
2026-03-01T00:00,18.3,79,992.1
2026-03-01T01:00,18.0,79,992.5
2026-03-01T02:00,18.5,76,993.2
2026-03-01T03:00,21.4,64,994.3
2026-03-01T04:00,24.9,50,994.9
2026-03-01T05:00,28.1,37,995.1
2026-03-01T06:00,30.4,21,994.6
2026-03-01T07:00,31.7,16,994.3
2026-03-01T08:00,32.2,12,993.4
2026-03-01T09:00,32.0,12,992.7
2026-03-01T10:00,31.3,17,992.5
2026-03-01T11:00,31.1,13,992.4
2026-03-01T12:00,29.4,13,992.6
2026-03-01T13:00,27.4,17,992.9
2026-03-01T14:00,25.9,20,993.8
2026-03-01T15:00,24.5,24,994.2
2026-03-01T16:00,23.0,29,994.8
2026-03-01T17:00,21.9,33,995.0
2026-03-01T18:00,21.3,40,994.9
2026-03-01T19:00,20.8,41,994.7
2026-03-01T20:00,20.3,45,994.4
2026-03-01T21:00,19.4,49,994.0
2026-03-01T22:00,18.6,53,993.8
2026-03-01T23:00,18.0,57,993.9
2026-03-02T00:00,17.9,65,993.8
2026-03-02T01:00,17.7,67,994.6
2026-03-02T02:00,18.6,64,995.4
2026-03-02T03:00,21.3,55,996.4
2026-03-02T04:00,24.4,45,997.2
2026-03-02T05:00,27.1,39,997.3
2026-03-02T06:00,29.1,33,997.1
2026-03-02T07:00,30.7,25,996.5
2026-03-02T08:00,31.5,22,995.8
2026-03-02T09:00,32.0,18,995.4
2026-03-02T10:00,31.2,24,994.5
2026-03-02T11:00,31.6,15,994.4
2026-03-02T12:00,29.8,18,994.4
2026-03-02T13:00,27.4,24,994.7
2026-03-02T14:00,25.9,29,995.3
2026-03-02T15:00,24.6,33,996.0
2026-03-02T16:00,23.4,39,996.7
2026-03-02T17:00,22.5,43,997.0
2026-03-02T18:00,22.0,50,996.9
2026-03-02T19:00,21.2,56,996.4
2026-03-02T20:00,20.7,57,995.9
2026-03-02T21:00,20.4,54,995.4
2026-03-02T22:00,19.6,55,995.0
2026-03-02T23:00,18.7,58,994.7
2026-03-03T00:00,18.7,64,994.6
2026-03-03T01:00,18.1,66,995.4
2026-03-03T02:00,18.7,65,996.4
2026-03-03T03:00,21.1,57,997.3
2026-03-03T04:00,24.0,47,998.0
2026-03-03T05:00,26.9,38,998.2
2026-03-03T06:00,28.9,31,997.9
2026-03-03T07:00,30.6,25,997.3
2026-03-03T08:00,31.5,21,996.4
2026-03-03T09:00,31.9,19,995.6
2026-03-03T10:00,31.1,27,995.1
2026-03-03T11:00,31.2,22,994.7
2026-03-03T12:00,29.7,22,994.9
2026-03-03T13:00,27.7,27,995.5
2026-03-03T14:00,26.5,31,996.3
2026-03-03T15:00,25.3,34,997.1
2026-03-03T16:00,24.0,38,997.6
2026-03-03T17:00,22.7,43,997.9
2026-03-03T18:00,21.4,51,997.6
2026-03-03T19:00,20.9,53,997.3
2026-03-03T20:00,20.4,55,997.2
2026-03-03T21:00,19.8,56,996.7
2026-03-03T22:00,19.3,58,996.2
2026-03-03T23:00,18.7,60,996.0
2026-03-04T00:00,18.2,71,996.5
2026-03-04T01:00,17.6,74,997.2
2026-03-04T02:00,18.3,71,998.3
2026-03-04T03:00,21.1,60,999.0
2026-03-04T04:00,24.5,49,999.6
2026-03-04T05:00,27.3,42,999.6
2026-03-04T06:00,28.8,37,999.0
2026-03-04T07:00,30.8,30,998.2
2026-03-04T08:00,31.6,29,997.1
2026-03-04T09:00,32.1,27,996.1
2026-03-04T10:00,32.3,24,995.4
2026-03-04T11:00,31.3,28,995.2
2026-03-04T12:00,29.7,36,994.8
2026-03-04T13:00,28.6,39,994.9
2026-03-04T14:00,27.3,43,995.6
2026-03-04T15:00,25.9,48,996.2
2026-03-04T16:00,25.2,50,996.6
2026-03-04T17:00,24.0,55,996.7
2026-03-04T18:00,23.1,62,996.5
2026-03-04T19:00,22.3,65,996.1
2026-03-04T20:00,21.7,67,995.6
2026-03-04T21:00,20.9,72,995.0
2026-03-04T22:00,20.0,77,994.5
2026-03-04T23:00,19.4,80,994.4
2026-03-05T00:00,19.0,87,994.6
2026-03-05T01:00,18.9,87,995.3
2026-03-05T02:00,19.5,83,996.2
2026-03-05T03:00,22.9,67,997.0
2026-03-05T04:00,26.2,54,997.4
2026-03-05T05:00,28.6,45,997.0
2026-03-05T06:00,29.5,41,996.4
2026-03-05T07:00,31.4,36,995.5
2026-03-05T08:00,32.3,33,994.4
2026-03-05T09:00,32.8,32,993.3
2026-03-05T10:00,32.5,34,992.7
2026-03-05T11:00,31.7,38,992.5
2026-03-05T12:00,30.7,39,992.6
2026-03-05T13:00,29.6,42,993.0
2026-03-05T14:00,28.2,45,993.5
2026-03-05T15:00,27.7,46,994.1
2026-03-05T16:00,26.7,49,994.5
2026-03-05T17:00,25.4,53,994.6
2026-03-05T18:00,24.2,59,994.6
2026-03-05T19:00,23.4,63,994.4
2026-03-05T20:00,22.8,64,994.0
2026-03-05T21:00,22.2,66,993.8
2026-03-05T22:00,21.5,69,993.5
2026-03-05T23:00,20.7,73,993.2
2026-03-06T00:00,20.1,82,993.8
2026-03-06T01:00,19.9,82,994.7
2026-03-06T02:00,21.0,76,995.7
2026-03-06T03:00,24.0,61,996.7
2026-03-06T04:00,27.4,48,997.2
2026-03-06T05:00,29.8,42,997.2
2026-03-06T06:00,30.9,39,997.0
2026-03-06T07:00,32.1,36,996.5
2026-03-06T08:00,32.8,33,995.3
2026-03-06T09:00,33.1,32,994.3
2026-03-06T10:00,33.2,30,993.6
2026-03-06T11:00,32.7,31,993.5
2026-03-06T12:00,30.9,34,993.9
2026-03-06T13:00,29.6,38,994.6
2026-03-06T14:00,28.7,38,995.1
2026-03-06T15:00,27.9,39,995.7
2026-03-06T16:00,26.3,44,996.3
2026-03-06T17:00,25.5,48,996.1
2026-03-06T18:00,25.1,52,995.9
2026-03-06T19:00,24.4,55,995.9
2026-03-06T20:00,23.5,59,995.5
2026-03-06T21:00,22.7,62,995.2
2026-03-06T22:00,22.2,64,995.0
2026-03-06T23:00,21.8,66,995.0
2026-03-07T00:00,20.8,76,995.4
2026-03-07T01:00,20.4,78,996.4
2026-03-07T02:00,21.4,73,997.4
2026-03-07T03:00,24.4,61,998.3
2026-03-07T04:00,27.9,47,998.6
2026-03-07T05:00,30.2,38,998.8
2026-03-07T06:00,31.1,36,998.5
2026-03-07T07:00,32.5,33,997.7
2026-03-07T08:00,33.1,32,996.7
2026-03-07T09:00,33.5,31,995.8
2026-03-07T10:00,33.5,31,995.2
2026-03-07T11:00,33.0,32,995.2
2026-03-07T12:00,31.6,34,995.3
2026-03-07T13:00,29.9,38,996.0
2026-03-07T14:00,29.0,41,996.7
2026-03-07T15:00,28.3,44,997.3
2026-03-07T16:00,27.4,47,997.7
2026-03-07T17:00,26.6,50,997.7
2026-03-07T18:00,25.9,54,997.8
2026-03-07T19:00,24.5,58,997.6
2026-03-07T20:00,23.6,62,997.0
2026-03-07T21:00,22.9,65,996.6
2026-03-07T22:00,22.2,67,996.4
2026-03-07T23:00,21.5,70,996.1
2026-03-08T00:00,21.4,78,996.5
2026-03-08T01:00,21.2,80,997.2
2026-03-08T02:00,22.5,72,998.2
2026-03-08T03:00,25.9,59,998.8
2026-03-08T04:00,28.8,48,999.2
2026-03-08T05:00,30.7,41,999.2
2026-03-08T06:00,31.2,40,998.9
2026-03-08T07:00,32.9,35,998.0
2026-03-08T08:00,33.6,33,996.8
2026-03-08T09:00,33.8,33,995.5
2026-03-08T10:00,33.6,33,995.0
2026-03-08T11:00,33.2,35,994.7
2026-03-08T12:00,32.4,35,994.7
2026-03-08T13:00,30.9,38,995.2
2026-03-08T14:00,29.5,42,996.1
2026-03-08T15:00,28.6,47,996.7
2026-03-08T16:00,27.8,48,997.0
2026-03-08T17:00,27.0,49,997.1
2026-03-08T18:00,26.1,56,997.2
2026-03-08T19:00,24.8,60,996.6
2026-03-08T20:00,24.0,63,996.2
2026-03-08T21:00,23.6,65,995.6
2026-03-08T22:00,22.8,68,995.2
2026-03-08T23:00,22.2,71,995.4
2026-03-09T00:00,21.5,78,995.9
2026-03-09T01:00,21.5,78,996.8
2026-03-09T02:00,22.8,72,997.8
2026-03-09T03:00,26.1,60,998.4
2026-03-09T04:00,29.3,50,998.9
2026-03-09T05:00,31.5,42,998.9
2026-03-09T06:00,32.4,39,998.4
2026-03-09T07:00,33.9,34,998.0
2026-03-09T08:00,34.7,31,997.0
2026-03-09T09:00,35.1,30,996.0
2026-03-09T10:00,35.1,28,995.3
2026-03-09T11:00,34.4,28,995.3
2026-03-09T12:00,33.4,27,995.5
2026-03-09T13:00,31.4,31,996.2
2026-03-09T14:00,29.8,40,997.1
2026-03-09T15:00,29.1,42,997.9
2026-03-09T16:00,27.7,56,998.6
2026-03-09T17:00,26.7,62,998.8
2026-03-09T18:00,26.0,70,998.9
2026-03-09T19:00,25.2,74,998.8
2026-03-09T20:00,24.5,78,998.5
2026-03-09T21:00,23.9,82,998.2
2026-03-09T22:00,23.5,84,998.3
2026-03-09T23:00,23.1,86,998.5
2026-03-10T00:00,22.6,93,998.9
2026-03-10T01:00,22.5,92,999.8
2026-03-10T02:00,23.5,86,1000.8
2026-03-10T03:00,25.8,74,1001.5
2026-03-10T04:00,28.4,62,1001.9
2026-03-10T05:00,30.7,51,1001.7
2026-03-10T06:00,31.3,48,1001.1
2026-03-10T07:00,32.9,42,1000.1
2026-03-10T08:00,33.9,38,999.2
2026-03-10T09:00,34.1,36,997.8
2026-03-10T10:00,34.1,35,997.1
2026-03-10T11:00,33.7,35,996.8
2026-03-10T12:00,33.1,37,996.6
2026-03-10T13:00,31.9,40,997.2
2026-03-10T14:00,30.6,46,997.9
2026-03-10T15:00,29.8,52,998.3
2026-03-10T16:00,28.8,55,998.8
2026-03-10T17:00,27.6,60,998.6
2026-03-10T18:00,26.4,69,998.5
2026-03-10T19:00,25.7,73,998.6
2026-03-10T20:00,25.2,75,998.0
2026-03-10T21:00,24.2,80,997.9
2026-03-10T22:00,23.9,81,997.7
2026-03-10T23:00,23.3,84,997.4
2026-03-11T00:00,22.6,92,997.4
2026-03-11T01:00,22.6,91,997.8
2026-03-11T02:00,23.7,84,998.5
2026-03-11T03:00,26.6,69,999.5
2026-03-11T04:00,29.5,54,999.8
2026-03-11T05:00,31.6,44,999.5
2026-03-11T06:00,32.6,40,998.8
2026-03-11T07:00,34.0,35,997.9
2026-03-11T08:00,35.0,30,996.4
2026-03-11T09:00,35.5,25,995.3
2026-03-11T10:00,35.2,25,994.5
2026-03-11T11:00,34.3,31,994.1
2026-03-11T12:00,34.0,21,993.8
2026-03-11T13:00,31.9,26,994.3
2026-03-11T14:00,30.1,31,994.8
2026-03-11T15:00,28.5,39,995.2
2026-03-11T16:00,27.6,42,995.4
2026-03-11T17:00,26.9,39,995.3
2026-03-11T18:00,26.5,44,995.1
2026-03-11T19:00,25.0,48,994.5
2026-03-11T20:00,23.7,53,994.0
2026-03-11T21:00,23.1,54,993.8
2026-03-11T22:00,22.6,55,993.4
2026-03-11T23:00,22.3,55,993.4
2026-03-12T00:00,22.4,56,993.4
2026-03-12T01:00,22.5,54,993.9
2026-03-12T02:00,23.3,52,994.4
2026-03-12T03:00,25.9,44,995.0
2026-03-12T04:00,29.1,36,995.2
2026-03-12T05:00,32.1,30,995.3
2026-03-12T06:00,33.9,25,995.2
2026-03-12T07:00,35.2,20,994.3
2026-03-12T08:00,36.0,19,993.1
2026-03-12T09:00,36.7,15,991.9
2026-03-12T10:00,36.3,15,991.4
2026-03-12T11:00,35.0,20,991.5
2026-03-12T12:00,33.9,21,991.7
2026-03-12T13:00,32.4,24,992.1
2026-03-12T14:00,31.2,27,992.5
2026-03-12T15:00,29.2,31,993.0
2026-03-12T16:00,28.5,33,993.5
2026-03-12T17:00,27.3,34,993.5
2026-03-12T18:00,26.8,36,993.2
2026-03-12T19:00,24.6,42,993.0
2026-03-12T20:00,23.6,45,992.9
2026-03-12T21:00,22.8,47,992.4
2026-03-12T22:00,22.2,47,992.1
2026-03-12T23:00,21.6,45,992.2
2026-03-13T00:00,21.1,53,992.5
2026-03-13T01:00,21.2,54,993.1
2026-03-13T02:00,22.2,53,993.8
2026-03-13T03:00,25.0,47,994.6
2026-03-13T04:00,28.1,44,995.2
2026-03-13T05:00,31.0,41,995.0
2026-03-13T06:00,33.1,36,994.4
2026-03-13T07:00,35.2,28,993.5
2026-03-13T08:00,36.1,19,992.6
2026-03-13T09:00,35.7,19,991.5
2026-03-13T10:00,36.0,17,990.9
2026-03-13T11:00,35.2,19,991.0
2026-03-13T12:00,33.6,24,991.1
2026-03-13T13:00,32.3,26,991.3
2026-03-13T14:00,30.6,30,991.8
2026-03-13T15:00,29.4,32,992.5
2026-03-13T16:00,28.4,33,993.0
2026-03-13T17:00,27.4,35,993.3
2026-03-13T18:00,26.8,45,993.4
2026-03-13T19:00,25.4,50,993.2
2026-03-13T20:00,24.7,53,992.8
2026-03-13T21:00,23.8,55,992.4
2026-03-13T22:00,23.3,56,992.5
2026-03-13T23:00,22.9,57,992.5
2026-03-14T00:00,21.5,62,992.9
2026-03-14T01:00,21.2,63,993.6
2026-03-14T02:00,22.3,58,994.3
2026-03-14T03:00,25.0,47,995.4
2026-03-14T04:00,27.4,40,996.1
2026-03-14T05:00,30.3,29,995.9
2026-03-14T06:00,31.9,25,995.7
2026-03-14T07:00,33.8,19,995.0
2026-03-14T08:00,34.8,16,993.4
2026-03-14T09:00,35.1,15,992.5
2026-03-14T10:00,35.1,15,991.8
2026-03-14T11:00,34.4,16,991.6
2026-03-14T12:00,33.0,15,992.0
2026-03-14T13:00,31.6,19,992.7
2026-03-14T14:00,30.2,24,993.0
2026-03-14T15:00,28.6,27,993.6
2026-03-14T16:00,27.4,28,994.2
2026-03-14T17:00,26.6,28,994.1
2026-03-14T18:00,26.5,31,994.2
2026-03-14T19:00,25.4,37,994.2
2026-03-14T20:00,24.6,41,993.7
2026-03-14T21:00,24.1,43,993.6
2026-03-14T22:00,23.4,45,993.2
2026-03-14T23:00,23.0,49,993.3
2026-03-15T00:00,22.5,53,992.9
2026-03-15T01:00,21.8,59,995.8
2026-03-15T02:00,23.2,55,995.9
2026-03-15T03:00,25.3,47,996.3
2026-03-15T04:00,28.8,36,996.0
2026-03-15T05:00,31.8,26,995.4
2026-03-15T06:00,32.8,22,995.7
2026-03-15T07:00,32.0,22,996.3
2026-03-15T08:00,32.2,20,994.6
2026-03-15T09:00,33.0,20,993.0
2026-03-15T10:00,32.7,22,992.4
2026-03-15T11:00,31.4,24,993.1
2026-03-15T12:00,28.5,37,993.0
2026-03-15T13:00,26.6,46,993.8
2026-03-15T14:00,25.5,47,994.1
2026-03-15T15:00,24.2,52,994.8
2026-03-15T16:00,23.2,59,995.2
2026-03-15T17:00,22.3,64,995.1
2026-03-15T18:00,22.4,63,994.6
2026-03-15T19:00,21.9,63,994.0
2026-03-15T20:00,21.3,64,993.1
2026-03-15T21:00,20.8,65,992.5
2026-03-15T22:00,20.3,66,992.5
2026-03-15T23:00,20.0,68,992.9
2026-03-16T00:00,20.0,66,993.9
2026-03-16T01:00,20.2,61,994.2
2026-03-16T02:00,21.2,54,995.2
2026-03-16T03:00,22.3,51,996.3
2026-03-16T04:00,26.0,39,996.2
2026-03-16T05:00,29.4,28,996.5
2026-03-16T06:00,25.3,47,995.9
2026-03-16T07:00,29.8,33,994.9
2026-03-16T08:00,29.8,32,993.8
2026-03-16T09:00,30.9,26,992.2
2026-03-16T10:00,31.9,25,991.1
2026-03-16T11:00,31.4,27,991.9
2026-03-16T12:00,30.5,30,990.7
2026-03-16T13:00,27.4,39,991.8
2026-03-16T14:00,25.6,47,993.2
2026-03-16T15:00,25.0,46,993.7
2026-03-16T16:00,24.4,48,993.8
2026-03-16T17:00,23.8,49,994.0
2026-03-16T18:00,25.0,51,993.5
2026-03-16T19:00,24.2,54,993.6
2026-03-16T20:00,23.3,57,993.3
2026-03-16T21:00,22.8,59,992.9
2026-03-16T22:00,22.7,57,992.4
2026-03-16T23:00,22.2,56,992.0
2026-03-17T00:00,20.9,62,992.5
2026-03-17T01:00,20.8,62,993.1
2026-03-17T02:00,22.2,57,993.8
2026-03-17T03:00,25.1,47,994.6
2026-03-17T04:00,28.3,39,995.2
2026-03-17T05:00,31.2,31,995.1
2026-03-17T06:00,32.8,25,995.0
2026-03-17T07:00,34.5,19,994.1
2026-03-17T08:00,35.0,16,992.8
2026-03-17T09:00,35.0,15,992.1
2026-03-17T10:00,34.6,15,991.4
2026-03-17T11:00,34.1,15,991.2
2026-03-17T12:00,31.2,29,992.0
2026-03-17T13:00,29.4,34,992.5
2026-03-17T14:00,28.3,37,993.1
2026-03-17T15:00,27.1,40,993.6
2026-03-17T16:00,26.6,41,993.9
2026-03-17T17:00,25.8,42,993.9
2026-03-17T18:00,25.5,48,994.2
2026-03-17T19:00,24.5,50,993.8
2026-03-17T20:00,23.6,52,993.6
2026-03-17T21:00,22.4,57,993.2
2026-03-17T22:00,21.8,59,993.2
2026-03-17T23:00,21.3,60,993.3
2026-03-18T00:00,20.5,67,993.6
2026-03-18T01:00,20.4,68,994.7
2026-03-18T02:00,22.2,61,995.7
2026-03-18T03:00,25.6,49,996.5
2026-03-18T04:00,28.7,40,997.0
2026-03-18T05:00,31.6,31,996.9
2026-03-18T06:00,33.0,24,997.1
2026-03-18T07:00,33.6,21,996.5
2026-03-18T08:00,33.6,20,995.7
2026-03-18T09:00,34.0,20,994.9
2026-03-18T10:00,31.0,29,994.5
2026-03-18T11:00,30.4,29,994.1
2026-03-18T12:00,31.1,30,993.7
2026-03-18T13:00,30.1,35,993.7
2026-03-18T14:00,28.7,40,994.2
2026-03-18T15:00,27.8,43,995.0
2026-03-18T16:00,27.2,45,995.4
2026-03-18T17:00,26.4,48,995.7
2026-03-18T18:00,25.9,54,995.9
2026-03-18T19:00,25.6,54,995.7
2026-03-18T20:00,25.0,51,995.4
2026-03-18T21:00,24.1,51,995.3
2026-03-18T22:00,23.2,54,995.6
2026-03-18T23:00,22.4,55,995.8
2026-03-19T00:00,22.7,53,995.5
2026-03-19T01:00,22.6,54,996.4
2026-03-19T02:00,23.9,48,997.3
2026-03-19T03:00,26.3,40,998.2
2026-03-19T04:00,29.2,32,998.7
2026-03-19T05:00,31.4,26,998.8
2026-03-19T06:00,33.1,21,998.2
2026-03-19T07:00,33.3,22,997.4
2026-03-19T08:00,34.4,20,995.7
2026-03-19T09:00,34.6,19,994.5
2026-03-19T10:00,33.4,21,993.9
2026-03-19T11:00,32.7,22,993.4
2026-03-19T12:00,32.8,20,992.2
2026-03-19T13:00,30.7,26,992.5
2026-03-19T14:00,29.2,30,992.9
2026-03-19T15:00,28.2,33,993.9
2026-03-19T16:00,26.8,37,994.4
2026-03-19T17:00,25.9,40,994.5
2026-03-19T18:00,26.3,40,994.1
2026-03-19T19:00,26.1,42,993.7
2026-03-19T20:00,24.8,46,993.4
2026-03-19T21:00,23.8,49,993.3
2026-03-19T22:00,22.9,53,993.2
2026-03-19T23:00,22.7,53,992.8
2026-03-20T00:00,22.0,56,992.6
2026-03-20T01:00,22.1,56,993.1
2026-03-20T02:00,23.6,51,994.2
2026-03-20T03:00,25.2,47,995.2
2026-03-20T04:00,28.2,42,995.2
2026-03-20T05:00,27.2,49,996.6
2026-03-20T06:00,25.2,57,997.9
2026-03-20T07:00,26.6,47,996.7
2026-03-20T08:00,26.9,45,996.0
2026-03-20T09:00,26.0,49,995.2
2026-03-20T10:00,24.8,54,994.1
2026-03-20T11:00,25.4,51,993.7
2026-03-20T12:00,20.7,82,994.6
2026-03-20T13:00,20.6,88,994.1
2026-03-20T14:00,20.2,90,994.5
2026-03-20T15:00,19.7,91,995.4
2026-03-20T16:00,19.5,93,996.0
2026-03-20T17:00,19.1,95,997.1
2026-03-20T18:00,17.8,95,997.4
2026-03-20T19:00,18.2,94,996.9
2026-03-20T20:00,17.7,98,996.4
2026-03-20T21:00,17.5,98,996.3
2026-03-20T22:00,17.4,96,996.4
2026-03-20T23:00,17.1,96,996.3
2026-03-21T00:00,17.1,94,996.3
2026-03-21T01:00,17.3,93,997.4
2026-03-21T02:00,17.6,90,997.9
2026-03-21T03:00,18.9,84,999.0
2026-03-21T04:00,21.0,75,999.5
2026-03-21T05:00,22.6,68,999.4
2026-03-21T06:00,23.1,61,999.4
2026-03-21T07:00,23.0,61,998.9
2026-03-21T08:00,23.3,64,998.0
2026-03-21T09:00,23.9,62,997.2
2026-03-21T10:00,24.1,57,996.6
2026-03-21T11:00,24.2,54,996.1
2026-03-21T12:00,21.4,76,996.8
2026-03-21T13:00,20.9,76,997.0
2026-03-21T14:00,20.5,81,997.4
2026-03-21T15:00,20.3,85,998.2
2026-03-21T16:00,20.0,88,998.8
2026-03-21T17:00,19.5,89,998.9
2026-03-21T18:00,20.0,92,998.7
2026-03-21T19:00,19.6,92,998.3
2026-03-21T20:00,19.2,93,997.7
2026-03-21T21:00,19.0,93,997.3
2026-03-21T22:00,18.5,95,997.1
2026-03-21T23:00,18.4,97,997.0
2026-03-22T00:00,17.7,98,996.9
2026-03-22T01:00,18.0,98,997.4
2026-03-22T02:00,19.2,91,998.4
2026-03-22T03:00,21.6,79,999.1
2026-03-22T04:00,24.0,64,999.4
2026-03-22T05:00,25.5,53,999.0
2026-03-22T06:00,26.4,48,998.8
2026-03-22T07:00,27.4,43,998.0
2026-03-22T08:00,28.2,39,997.0
2026-03-22T09:00,28.7,36,996.3
2026-03-22T10:00,28.9,34,995.7
2026-03-22T11:00,28.4,35,995.5
2026-03-22T12:00,27.9,33,995.4
2026-03-22T13:00,24.8,52,995.5
2026-03-22T14:00,23.5,58,995.9
2026-03-22T15:00,22.8,57,996.9
2026-03-22T16:00,22.2,58,997.4
2026-03-22T17:00,21.8,57,997.4
2026-03-22T18:00,21.4,61,997.5
2026-03-22T19:00,20.8,64,996.9
2026-03-22T20:00,20.2,68,996.4
2026-03-22T21:00,19.7,70,996.0
2026-03-22T22:00,19.4,73,995.7
2026-03-22T23:00,19.1,74,995.6
2026-03-23T00:00,18.7,77,995.7
2026-03-23T01:00,18.9,79,996.4
2026-03-23T02:00,20.6,71,997.3
2026-03-23T03:00,23.6,58,997.7
2026-03-23T04:00,26.3,49,998.2
2026-03-23T05:00,28.4,41,998.2
2026-03-23T06:00,29.7,36,998.0
2026-03-23T07:00,30.3,34,997.6
2026-03-23T08:00,30.3,34,996.8
2026-03-23T09:00,29.0,37,996.7
2026-03-23T10:00,28.2,40,996.1
2026-03-23T11:00,27.2,44,995.5
2026-03-23T12:00,27.0,43,995.3
2026-03-23T13:00,24.7,52,995.6
2026-03-23T14:00,24.0,56,996.3
2026-03-23T15:00,22.7,62,997.2
2026-03-23T16:00,22.3,63,997.5
2026-03-23T17:00,22.1,62,997.3
2026-03-23T18:00,22.7,60,996.9
2026-03-23T19:00,22.3,62,996.7
2026-03-23T20:00,21.9,65,996.0
2026-03-23T21:00,21.3,69,995.8
2026-03-23T22:00,20.6,73,995.7
2026-03-23T23:00,19.8,78,995.5
2026-03-24T00:00,19.1,79,995.8
2026-03-24T01:00,19.2,79,996.2
2026-03-24T02:00,20.7,73,997.0
2026-03-24T03:00,23.7,62,997.4
2026-03-24T04:00,26.6,50,997.8
2026-03-24T05:00,28.5,41,997.6
2026-03-24T06:00,29.7,37,996.8
2026-03-24T07:00,31.0,32,995.9
2026-03-24T08:00,31.2,32,994.5
2026-03-24T09:00,31.4,31,993.8
2026-03-24T10:00,31.2,31,993.1
2026-03-24T11:00,30.6,32,992.9
2026-03-24T12:00,30.5,31,992.6
2026-03-24T13:00,28.9,36,992.7
2026-03-24T14:00,27.7,39,993.2
2026-03-24T15:00,27.0,40,993.9
2026-03-24T16:00,25.8,43,994.4
2026-03-24T17:00,25.0,47,994.3
2026-03-24T18:00,24.4,52,994.3
2026-03-24T19:00,23.4,56,994.3
2026-03-24T20:00,22.4,60,993.7
2026-03-24T21:00,21.8,62,993.3
2026-03-24T22:00,22.0,60,993.3
2026-03-24T23:00,21.3,61,993.4
2026-03-25T00:00,20.5,68,994.4
2026-03-25T01:00,20.4,68,995.2
2026-03-25T02:00,21.7,63,996.2
2026-03-25T03:00,24.5,52,997.0
2026-03-25T04:00,27.6,39,997.0
2026-03-25T05:00,29.8,28,997.1
2026-03-25T06:00,31.2,23,996.7
2026-03-25T07:00,32.3,21,996.0
2026-03-25T08:00,32.7,21,995.0
2026-03-25T09:00,33.1,18,994.1
2026-03-25T10:00,32.9,19,993.4
2026-03-25T11:00,32.3,21,993.5
2026-03-25T12:00,31.8,18,993.3
2026-03-25T13:00,29.9,22,993.7
2026-03-25T14:00,27.9,28,994.3
2026-03-25T15:00,26.7,30,995.1
2026-03-25T16:00,26.2,30,995.9
2026-03-25T17:00,25.1,33,996.2
2026-03-25T18:00,24.8,37,996.4
2026-03-25T19:00,24.4,39,996.2
2026-03-25T20:00,23.8,42,995.6
2026-03-25T21:00,22.8,45,995.3
2026-03-25T22:00,21.9,49,995.5
2026-03-25T23:00,21.7,51,996.0
2026-03-26T00:00,20.9,61,996.3
2026-03-26T01:00,20.7,63,996.8
2026-03-26T02:00,22.7,56,997.5
2026-03-26T03:00,26.9,44,998.2
2026-03-26T04:00,30.2,34,998.6
2026-03-26T05:00,32.3,27,998.4
2026-03-26T06:00,33.8,24,998.0
2026-03-26T07:00,35.2,21,996.9
2026-03-26T08:00,35.5,21,995.9
2026-03-26T09:00,35.9,19,994.9
2026-03-26T10:00,35.6,20,993.8
2026-03-26T11:00,35.5,19,993.4
2026-03-26T12:00,34.5,19,992.9
2026-03-26T13:00,32.6,23,993.4
2026-03-26T14:00,31.3,24,994.1
2026-03-26T15:00,30.2,26,994.9
2026-03-26T16:00,29.3,29,995.4
2026-03-26T17:00,28.4,32,995.3
2026-03-26T18:00,27.9,35,995.1
2026-03-26T19:00,26.9,38,994.6
2026-03-26T20:00,26.1,41,994.1
2026-03-26T21:00,25.5,43,993.6
2026-03-26T22:00,25.2,44,993.2
2026-03-26T23:00,24.9,46,993.0
2026-03-27T00:00,25.1,47,992.7
2026-03-27T01:00,25.5,45,993.4
2026-03-27T02:00,25.6,46,994.2
2026-03-27T03:00,26.6,44,994.7
2026-03-27T04:00,29.4,36,994.3
2026-03-27T05:00,30.2,37,996.1
2026-03-27T06:00,28.1,43,996.6
2026-03-27T07:00,28.1,42,994.9
2026-03-27T08:00,32.3,31,993.5
2026-03-27T09:00,32.0,29,992.0
2026-03-27T10:00,32.4,28,991.0
2026-03-27T11:00,31.3,29,991.0
2026-03-27T12:00,29.2,32,990.7
2026-03-27T13:00,27.8,38,990.4
2026-03-27T14:00,26.5,45,991.0
2026-03-27T15:00,26.0,47,991.4
2026-03-27T16:00,25.5,47,991.5
2026-03-27T17:00,24.4,51,992.1
2026-03-27T18:00,24.0,66,991.8
2026-03-27T19:00,23.2,67,991.7
2026-03-27T20:00,22.6,70,991.2
2026-03-27T21:00,22.0,75,990.5
2026-03-27T22:00,21.8,76,990.4
2026-03-27T23:00,21.1,78,990.7
2026-03-28T00:00,22.1,69,990.3
2026-03-28T01:00,21.9,70,991.0
2026-03-28T02:00,23.6,64,991.9
2026-03-28T03:00,26.6,51,992.8
2026-03-28T04:00,29.2,40,992.9
2026-03-28T05:00,31.4,32,992.7
2026-03-28T06:00,32.2,30,992.4
2026-03-28T07:00,33.5,26,991.3
2026-03-28T08:00,33.7,26,990.5
2026-03-28T09:00,33.9,26,989.5
2026-03-28T10:00,33.9,25,988.8
2026-03-28T11:00,33.4,25,988.4
2026-03-28T12:00,32.4,27,988.7
2026-03-28T13:00,30.9,31,989.0
2026-03-28T14:00,29.3,34,989.6
2026-03-28T15:00,27.4,40,990.2
2026-03-28T16:00,26.3,43,991.3
2026-03-28T17:00,25.8,45,991.1
2026-03-28T18:00,25.7,54,991.1
2026-03-28T19:00,24.6,52,991.1
2026-03-28T20:00,24.4,53,990.5
2026-03-28T21:00,23.7,55,990.2
2026-03-28T22:00,23.0,59,989.8
2026-03-28T23:00,21.9,65,990.1
2026-03-29T00:00,21.8,77,990.6
2026-03-29T01:00,22.0,78,991.6
2026-03-29T02:00,23.5,75,992.8
2026-03-29T03:00,26.2,66,993.6
2026-03-29T04:00,29.3,54,994.2
2026-03-29T05:00,32.0,41,994.2
2026-03-29T06:00,32.5,37,993.9
2026-03-29T07:00,35.1,28,993.3
2026-03-29T08:00,35.4,26,992.5
2026-03-29T09:00,35.7,25,991.4
2026-03-29T10:00,35.7,24,990.4
2026-03-29T11:00,34.9,26,990.1
2026-03-29T12:00,34.6,18,990.8
2026-03-29T13:00,33.2,20,990.9
2026-03-29T14:00,31.2,24,991.1
2026-03-29T15:00,29.5,28,991.7
2026-03-29T16:00,28.1,36,991.7
2026-03-29T17:00,26.7,44,992.0
2026-03-29T18:00,26.0,53,992.4
2026-03-29T19:00,25.9,54,992.2
2026-03-29T20:00,25.4,56,991.5
2026-03-29T21:00,24.8,57,991.3
2026-03-29T22:00,24.1,59,991.2
2026-03-29T23:00,23.6,60,991.4
2026-03-30T00:00,24.0,67,991.5
2026-03-30T01:00,24.1,67,992.4
2026-03-30T02:00,25.7,62,993.6
2026-03-30T03:00,28.3,53,994.3
2026-03-30T04:00,31.5,41,994.6
2026-03-30T05:00,34.0,32,994.6
2026-03-30T06:00,34.9,28,994.1
2026-03-30T07:00,36.6,24,993.3
2026-03-30T08:00,37.1,23,992.2
2026-03-30T09:00,37.2,22,991.4
2026-03-30T10:00,37.2,21,990.4
2026-03-30T11:00,36.8,21,990.1
2026-03-30T12:00,36.1,20,989.9
2026-03-30T13:00,34.9,22,990.5
2026-03-30T14:00,32.8,29,991.9
2026-03-30T15:00,31.7,28,993.0
2026-03-30T16:00,31.1,25,993.6
2026-03-30T17:00,29.8,29,994.7
2026-03-30T18:00,28.9,34,994.0
2026-03-30T19:00,28.2,36,993.6
2026-03-30T20:00,27.1,41,993.4
2026-03-30T21:00,26.3,46,993.0
2026-03-30T22:00,26.2,47,992.8
2026-03-30T23:00,25.7,49,992.6
2026-03-31T00:00,25.8,48,992.6
2026-03-31T01:00,25.6,50,993.9
2026-03-31T02:00,26.7,49,994.8
2026-03-31T03:00,29.3,42,995.5
2026-03-31T04:00,31.9,35,996.4
2026-03-31T05:00,33.8,29,996.4
2026-03-31T06:00,35.0,25,996.4
2026-03-31T07:00,36.4,22,995.5
2026-03-31T08:00,35.9,22,994.4
2026-03-31T09:00,35.7,21,993.6
2026-03-31T10:00,35.9,21,992.7
2026-03-31T11:00,34.7,23,992.2
2026-03-31T12:00,35.1,20,990.9
2026-03-31T13:00,33.3,23,991.5
2026-03-31T14:00,31.6,26,992.2
2026-03-31T15:00,30.3,28,993.5
2026-03-31T16:00,29.5,29,994.4
2026-03-31T17:00,28.6,31,995.3
2026-03-31T18:00,29.0,36,994.7
2026-03-31T19:00,27.6,40,995.2
2026-03-31T20:00,27.4,41,995.5
2026-03-31T21:00,25.9,52,995.0
2026-03-31T22:00,25.1,54,994.9
2026-03-31T23:00,25.4,49,995.2
2026-04-01T00:00,23.3,65,995.3
2026-04-01T01:00,23.4,65,996.1
2026-04-01T02:00,24.6,60,996.6
2026-04-01T03:00,26.9,50,996.8
2026-04-01T04:00,30.2,39,997.3
2026-04-01T05:00,33.1,29,997.0
2026-04-01T06:00,34.2,30,996.9
2026-04-01T07:00,35.5,26,996.1
2026-04-01T08:00,36.1,24,995.1
2026-04-01T09:00,36.3,23,993.6
2026-04-01T10:00,35.7,20,992.4
2026-04-01T11:00,34.9,22,992.8
2026-04-01T12:00,34.2,26,992.3
2026-04-01T13:00,33.1,28,992.5
2026-04-01T14:00,32.0,29,992.8
2026-04-01T15:00,31.6,29,993.9
2026-04-01T16:00,29.6,32,994.6
2026-04-01T17:00,28.6,33,994.7
2026-04-01T18:00,27.7,40,994.1
2026-04-01T19:00,26.7,43,993.9
2026-04-01T20:00,26.3,44,993.2
2026-04-01T21:00,26.1,44,993.3
2026-04-01T22:00,25.3,46,993.2
2026-04-01T23:00,24.6,49,993.4
2026-04-02T00:00,23.7,56,993.5
2026-04-02T01:00,24.0,56,994.5
2026-04-02T02:00,25.8,50,995.3
2026-04-02T03:00,29.0,41,996.0
2026-04-02T04:00,31.8,33,996.6
2026-04-02T05:00,34.3,27,996.7
2026-04-02T06:00,36.1,24,996.6
2026-04-02T07:00,37.4,21,995.5
2026-04-02T08:00,37.7,20,994.3
2026-04-02T09:00,37.6,21,993.3
2026-04-02T10:00,36.6,19,992.7
2026-04-02T11:00,36.4,19,992.4
2026-04-02T12:00,36.0,21,992.2
2026-04-02T13:00,34.3,25,991.9
2026-04-02T14:00,33.2,27,992.2
2026-04-02T15:00,31.7,31,992.7
2026-04-02T16:00,31.1,33,993.2
2026-04-02T17:00,30.1,36,993.4
2026-04-02T18:00,29.5,40,993.3
2026-04-02T19:00,28.5,41,992.9
2026-04-02T20:00,27.0,45,992.7
2026-04-02T21:00,26.5,45,992.3
2026-04-02T22:00,25.7,46,992.2
2026-04-02T23:00,25.3,47,992.3
2026-04-03T00:00,25.6,54,992.7
2026-04-03T01:00,25.5,56,993.6
2026-04-03T02:00,26.7,53,994.6
2026-04-03T03:00,29.4,45,995.3
2026-04-03T04:00,31.4,38,996.1
2026-04-03T05:00,33.3,32,996.1
2026-04-03T06:00,33.3,32,996.4
2026-04-03T07:00,33.2,31,996.0
2026-04-03T08:00,31.5,34,994.9
2026-04-03T09:00,34.1,30,993.8
2026-04-03T10:00,35.0,26,992.6
2026-04-03T11:00,34.8,26,992.5
2026-04-03T12:00,35.4,25,992.0
2026-04-03T13:00,32.7,30,992.1
2026-04-03T14:00,30.9,35,992.3
2026-04-03T15:00,29.3,37,993.3
2026-04-03T16:00,28.8,38,994.3
2026-04-03T17:00,28.5,37,994.8
2026-04-03T18:00,27.9,46,994.1
2026-04-03T19:00,27.5,47,993.8
2026-04-03T20:00,25.9,56,993.7
2026-04-03T21:00,25.5,60,993.3
2026-04-03T22:00,24.9,64,993.0
2026-04-03T23:00,24.5,66,992.8
2026-04-04T00:00,24.6,65,992.5
2026-04-04T01:00,24.9,63,993.5
2026-04-04T02:00,26.3,57,994.6
2026-04-04T03:00,28.3,51,995.4
2026-04-04T04:00,30.7,43,995.4
2026-04-04T05:00,33.7,33,995.3
2026-04-04T06:00,34.0,30,995.5
2026-04-04T07:00,35.1,27,994.5
2026-04-04T08:00,36.0,26,993.2
2026-04-04T09:00,35.9,25,991.5
2026-04-04T10:00,28.8,52,992.9
2026-04-04T11:00,23.8,73,994.2
2026-04-04T12:00,31.5,37,991.4
2026-04-04T13:00,29.6,43,992.1
2026-04-04T14:00,27.9,46,993.2
2026-04-04T15:00,25.2,61,994.5
2026-04-04T16:00,24.0,66,995.7
2026-04-04T17:00,23.6,63,995.7
2026-04-04T18:00,23.8,59,995.7
2026-04-04T19:00,23.6,55,994.5
2026-04-04T20:00,23.5,51,993.3
2026-04-04T21:00,23.4,50,992.7
2026-04-04T22:00,23.2,50,992.6
2026-04-04T23:00,22.2,54,993.3
2026-04-05T00:00,20.3,83,993.4
2026-04-05T01:00,20.7,81,993.9
2026-04-05T02:00,22.7,70,994.7
2026-04-05T03:00,24.8,59,995.2
2026-04-05T04:00,27.1,50,995.7
2026-04-05T05:00,29.3,42,995.3
2026-04-05T06:00,30.3,34,995.5
2026-04-05T07:00,31.7,29,994.3
2026-04-05T08:00,32.3,28,992.6
2026-04-05T09:00,32.2,26,991.7
2026-04-05T10:00,31.6,27,990.8
2026-04-05T11:00,31.0,29,990.8
2026-04-05T12:00,31.2,26,990.5
2026-04-05T13:00,24.3,59,992.1
2026-04-05T14:00,23.0,71,992.3
2026-04-05T15:00,22.5,75,992.6
2026-04-05T16:00,22.4,75,993.3
2026-04-05T17:00,22.3,72,993.2
2026-04-05T18:00,22.0,75,993.5
2026-04-05T19:00,21.4,76,993.3
2026-04-05T20:00,21.2,73,993.0
2026-04-05T21:00,20.8,72,992.6
2026-04-05T22:00,20.3,74,992.5
2026-04-05T23:00,20.0,72,992.6
2026-04-06T00:00,20.3,71,992.8
2026-04-06T01:00,20.6,71,994.1
2026-04-06T02:00,22.3,64,995.1
2026-04-06T03:00,25.0,54,995.4
2026-04-06T04:00,28.0,43,995.7
2026-04-06T05:00,30.5,34,995.8
2026-04-06T06:00,31.7,27,995.7
2026-04-06T07:00,32.4,23,995.2
2026-04-06T08:00,32.9,22,994.2
2026-04-06T09:00,32.9,21,993.2
2026-04-06T10:00,32.7,21,992.2
2026-04-06T11:00,32.3,22,991.8
2026-04-06T12:00,32.0,19,991.4
2026-04-06T13:00,30.5,22,991.9
2026-04-06T14:00,29.1,25,992.6
2026-04-06T15:00,27.8,29,993.4
2026-04-06T16:00,27.0,31,994.0
2026-04-06T17:00,26.3,32,994.3
2026-04-06T18:00,26.2,33,994.4
2026-04-06T19:00,25.3,35,994.4
2026-04-06T20:00,24.4,37,994.3
2026-04-06T21:00,23.2,40,993.8
2026-04-06T22:00,22.5,43,993.6
2026-04-06T23:00,21.9,44,993.3
2026-04-07T00:00,23.0,45,993.6
2026-04-07T01:00,22.6,47,994.4
2026-04-07T02:00,23.9,44,995.1
2026-04-07T03:00,26.9,37,995.4
2026-04-07T04:00,30.2,30,996.0
2026-04-07T05:00,32.6,22,995.6
2026-04-07T06:00,32.2,22,995.4
2026-04-07T07:00,34.5,19,994.9
2026-04-07T08:00,30.8,26,994.8
2026-04-07T09:00,32.2,23,993.3
2026-04-07T10:00,32.5,22,992.2
2026-04-07T11:00,32.5,22,991.4
2026-04-07T12:00,32.1,23,990.6
2026-04-07T13:00,30.5,28,991.3
2026-04-07T14:00,23.5,58,994.1
2026-04-07T15:00,23.1,63,993.7
2026-04-07T16:00,23.0,63,993.5
2026-04-07T17:00,22.7,65,992.9
2026-04-07T18:00,21.8,71,992.4
2026-04-07T19:00,21.1,75,992.2
2026-04-07T20:00,21.1,74,992.1
2026-04-07T21:00,20.1,84,993.3
2026-04-07T22:00,19.7,94,992.7
2026-04-07T23:00,19.4,95,992.6
2026-04-08T00:00,20.2,94,993.5
2026-04-08T01:00,19.7,95,994.4
2026-04-08T02:00,19.8,93,994.5
2026-04-08T03:00,20.2,88,994.5
2026-04-08T04:00,22.0,76,995.7
2026-04-08T05:00,25.1,60,995.6
2026-04-08T06:00,24.6,61,996.0
2026-04-08T07:00,23.9,61,995.9
2026-04-08T08:00,23.3,67,995.7
2026-04-08T09:00,20.5,82,995.1
2026-04-08T10:00,22.8,69,994.3
2026-04-08T11:00,23.0,69,993.7
2026-04-08T12:00,21.5,70,994.9
2026-04-08T13:00,19.6,80,995.0
2026-04-08T14:00,17.9,91,995.5
2026-04-08T15:00,18.2,93,996.7
2026-04-08T16:00,18.2,92,997.0
2026-04-08T17:00,18.0,93,997.0
2026-04-08T18:00,18.5,90,997.3
2026-04-08T19:00,18.1,89,997.1
2026-04-08T20:00,17.9,92,996.5
2026-04-08T21:00,17.6,94,995.9
2026-04-08T22:00,17.3,95,995.8
2026-04-08T23:00,17.0,97,995.8
2026-04-09T00:00,17.3,93,996.0
2026-04-09T01:00,17.7,92,997.1
2026-04-09T02:00,19.5,83,998.2
2026-04-09T03:00,21.9,72,998.5
2026-04-09T04:00,24.3,61,999.0
2026-04-09T05:00,26.6,49,998.9
2026-04-09T06:00,28.1,39,998.8
2026-04-09T07:00,29.2,31,998.2
2026-04-09T08:00,29.7,27,997.3
2026-04-09T09:00,30.1,24,996.4
2026-04-09T10:00,30.0,24,995.6
2026-04-09T11:00,29.4,23,995.2
2026-04-09T12:00,28.6,23,995.8
2026-04-09T13:00,26.8,29,996.0
2026-04-09T14:00,25.9,32,996.6
2026-04-09T15:00,25.0,34,997.3
2026-04-09T16:00,23.4,39,997.9
2026-04-09T17:00,22.2,44,997.9
2026-04-09T18:00,22.0,46,998.4
2026-04-09T19:00,21.0,49,998.1
2026-04-09T20:00,20.6,49,997.3
2026-04-09T21:00,20.5,49,996.9
2026-04-09T22:00,20.1,49,996.5
2026-04-09T23:00,19.8,49,996.3
2026-04-10T00:00,19.0,58,996.4
2026-04-10T01:00,19.5,58,997.0
2026-04-10T02:00,21.8,52,997.8
2026-04-10T03:00,24.8,43,998.7
2026-04-10T04:00,27.6,35,998.9
2026-04-10T05:00,29.3,29,998.8
2026-04-10T06:00,30.1,26,998.2
2026-04-10T07:00,31.1,23,997.5
2026-04-10T08:00,31.4,23,996.4
2026-04-10T09:00,31.8,21,995.5
2026-04-10T10:00,32.0,18,994.8
2026-04-10T11:00,31.4,19,994.1
2026-04-10T12:00,30.0,21,994.3
2026-04-10T13:00,28.3,26,994.6
2026-04-10T14:00,26.9,29,995.3
2026-04-10T15:00,26.0,31,995.9
2026-04-10T16:00,25.0,33,996.1
2026-04-10T17:00,24.2,36,995.7
2026-04-10T18:00,24.0,38,995.6
2026-04-10T19:00,23.3,40,995.5
2026-04-10T20:00,23.0,40,995.0
2026-04-10T21:00,22.6,41,994.7
2026-04-10T22:00,21.9,44,994.6
2026-04-10T23:00,21.2,47,994.7
2026-04-11T00:00,21.8,49,994.3
2026-04-11T01:00,22.2,47,994.9
2026-04-11T02:00,24.0,43,995.7
2026-04-11T03:00,26.4,37,996.4
2026-04-11T04:00,28.8,32,996.8
2026-04-11T05:00,31.2,27,996.8
2026-04-11T06:00,33.2,22,996.3
2026-04-11T07:00,34.7,20,995.7
2026-04-11T08:00,35.5,18,994.9
2026-04-11T09:00,35.4,18,993.7
2026-04-11T10:00,35.4,18,992.8
2026-04-11T11:00,34.9,18,992.3
2026-04-11T12:00,33.8,18,992.5
2026-04-11T13:00,32.0,21,992.8
2026-04-11T14:00,30.4,24,993.2
2026-04-11T15:00,28.9,27,993.9
2026-04-11T16:00,27.7,29,994.5
2026-04-11T17:00,26.9,31,994.2
2026-04-11T18:00,26.8,33,994.2
2026-04-11T19:00,26.1,35,993.4
2026-04-11T20:00,25.6,37,992.9
2026-04-11T21:00,25.5,39,992.1
2026-04-11T22:00,24.9,40,991.8
2026-04-11T23:00,24.0,42,991.8
2026-04-12T00:00,24.3,46,991.7
2026-04-12T01:00,24.5,45,992.4
2026-04-12T02:00,26.2,41,993.2
2026-04-12T03:00,29.2,33,993.6
2026-04-12T04:00,31.6,27,993.7
2026-04-12T05:00,34.4,20,993.2
2026-04-12T06:00,35.2,19,992.8
2026-04-12T07:00,36.3,18,992.1
2026-04-12T08:00,36.8,18,991.2
2026-04-12T09:00,37.3,16,989.9
2026-04-12T10:00,36.9,17,989.5
2026-04-12T11:00,36.2,17,989.3
2026-04-12T12:00,34.4,18,989.7
2026-04-12T13:00,32.8,20,990.1
2026-04-12T14:00,32.0,23,990.6
2026-04-12T15:00,30.9,25,991.3
2026-04-12T16:00,29.8,27,991.9
2026-04-12T17:00,28.5,29,991.9
2026-04-12T18:00,27.6,31,992.3
2026-04-12T19:00,26.6,33,992.3
2026-04-12T20:00,25.8,35,991.9
2026-04-12T21:00,25.1,38,991.9
2026-04-12T22:00,24.4,41,992.1
2026-04-12T23:00,23.9,44,992.3
2026-04-13T00:00,23.4,50,992.5
2026-04-13T01:00,23.4,49,993.2
2026-04-13T02:00,25.4,43,994.0
2026-04-13T03:00,28.6,32,994.6
2026-04-13T04:00,31.6,22,995.1
2026-04-13T05:00,33.8,16,995.1
2026-04-13T06:00,34.9,16,994.6
2026-04-13T07:00,35.9,14,993.8
2026-04-13T08:00,36.3,14,993.2
2026-04-13T09:00,36.5,14,992.3
2026-04-13T10:00,36.4,14,991.7
2026-04-13T11:00,36.1,14,991.4
2026-04-13T12:00,34.8,15,991.4
2026-04-13T13:00,33.1,17,991.8
2026-04-13T14:00,31.6,20,992.4
2026-04-13T15:00,30.2,22,993.3
2026-04-13T16:00,29.1,23,993.9
2026-04-13T17:00,28.1,24,994.0
2026-04-13T18:00,27.3,26,993.8
2026-04-13T19:00,26.4,28,993.5
2026-04-13T20:00,25.5,30,992.9
2026-04-13T21:00,25.1,32,992.5
2026-04-13T22:00,24.7,33,992.5
2026-04-13T23:00,24.3,34,992.5
2026-04-14T00:00,23.2,43,992.3
2026-04-14T01:00,23.7,43,993.0
2026-04-14T02:00,26.6,36,993.8
2026-04-14T03:00,30.9,27,994.5
2026-04-14T04:00,34.2,19,994.9
2026-04-14T05:00,36.1,15,994.7
2026-04-14T06:00,37.2,13,994.4
2026-04-14T07:00,38.1,13,993.6
2026-04-14T08:00,38.4,13,992.6
2026-04-14T09:00,38.7,12,991.5
2026-04-14T10:00,38.1,13,990.9
2026-04-14T11:00,37.5,13,990.4
2026-04-14T12:00,36.8,13,990.1
2026-04-14T13:00,35.0,15,990.2
2026-04-14T14:00,33.2,18,990.7
2026-04-14T15:00,31.9,20,991.1
2026-04-14T16:00,31.2,21,991.8
2026-04-14T17:00,31.3,21,991.4
2026-04-14T18:00,30.4,23,991.1
2026-04-14T19:00,29.0,25,990.6
2026-04-14T20:00,27.6,28,989.7
2026-04-14T21:00,27.2,29,989.0
2026-04-14T22:00,26.1,31,988.8
2026-04-14T23:00,25.5,33,989.1
2026-04-15T00:00,25.3,39,989.3
2026-04-15T01:00,25.6,38,989.9
2026-04-15T02:00,28.2,33,990.9
2026-04-15T03:00,31.9,27,991.4
2026-04-15T04:00,35.6,18,991.7
2026-04-15T05:00,37.7,13,991.6
2026-04-15T06:00,38.4,12,991.0
2026-04-15T07:00,39.5,11,990.5
2026-04-15T08:00,39.8,11,989.5
2026-04-15T09:00,39.8,11,988.7
2026-04-15T10:00,39.3,12,988.1
2026-04-15T11:00,38.6,13,987.9
2026-04-15T12:00,38.1,12,987.8
2026-04-15T13:00,36.1,14,988.2
2026-04-15T14:00,34.7,16,988.6
2026-04-15T15:00,34.0,16,989.2
2026-04-15T16:00,32.9,16,990.0
2026-04-15T17:00,31.1,18,990.1
2026-04-15T18:00,30.0,20,989.8
2026-04-15T19:00,29.3,21,989.4
2026-04-15T20:00,28.6,22,988.9
2026-04-15T21:00,28.3,23,988.9
2026-04-15T22:00,26.3,26,989.4
2026-04-15T23:00,25.4,30,989.7
2026-04-16T00:00,24.7,37,989.7
2026-04-16T01:00,25.8,35,990.8
2026-04-16T02:00,28.5,30,991.8
2026-04-16T03:00,31.9,23,992.7
2026-04-16T04:00,35.1,19,993.1
2026-04-16T05:00,37.4,15,993.4
2026-04-16T06:00,37.9,13,993.0
2026-04-16T07:00,39.8,10,992.4
2026-04-16T08:00,40.2,9,991.8
2026-04-16T09:00,40.0,7,990.9
2026-04-16T10:00,39.7,9,990.2
2026-04-16T11:00,39.1,10,989.8
2026-04-16T12:00,38.3,10,989.4
2026-04-16T13:00,36.3,13,989.6
2026-04-16T14:00,34.1,17,990.5
2026-04-16T15:00,32.8,19,991.3
2026-04-16T16:00,31.8,19,992.0
2026-04-16T17:00,30.9,20,992.2
2026-04-16T18:00,30.8,22,992.4
2026-04-16T19:00,28.5,25,992.3
2026-04-16T20:00,27.9,27,991.9
2026-04-16T21:00,27.1,29,991.4
2026-04-16T22:00,26.3,31,991.3
2026-04-16T23:00,25.4,33,991.7
2026-04-17T00:00,24.7,39,991.4
2026-04-17T01:00,25.5,37,992.7
2026-04-17T02:00,27.5,33,993.7
2026-04-17T03:00,29.9,29,994.5
2026-04-17T04:00,32.1,27,995.2
2026-04-17T05:00,34.9,24,995.1
2026-04-17T06:00,35.3,25,994.9
2026-04-17T07:00,37.7,20,994.4
2026-04-17T08:00,38.8,16,993.5
2026-04-17T09:00,39.3,15,992.5
2026-04-17T10:00,39.0,16,991.6
2026-04-17T11:00,38.1,18,991.3
2026-04-17T12:00,38.1,16,990.8
2026-04-17T13:00,36.3,19,991.3
2026-04-17T14:00,35.2,22,991.7
2026-04-17T15:00,34.7,22,992.0
2026-04-17T16:00,34.8,20,992.5
2026-04-17T17:00,33.1,23,992.2
2026-04-17T18:00,31.9,28,992.2
2026-04-17T19:00,30.6,29,992.0
2026-04-17T20:00,30.1,31,991.6
2026-04-17T21:00,29.0,34,991.4
2026-04-17T22:00,27.2,38,991.3
2026-04-17T23:00,26.6,39,990.9
2026-04-18T00:00,27.1,40,990.8
2026-04-18T01:00,27.2,40,991.8
2026-04-18T02:00,28.9,36,992.7
2026-04-18T03:00,31.9,29,993.2
2026-04-18T04:00,35.0,24,993.1
2026-04-18T05:00,38.0,18,993.3
2026-04-18T06:00,38.9,16,993.1
2026-04-18T07:00,40.3,15,992.7
2026-04-18T08:00,40.9,15,991.9
2026-04-18T09:00,41.0,15,990.8
2026-04-18T10:00,40.8,15,989.9
2026-04-18T11:00,40.3,16,989.4
2026-04-18T12:00,39.8,15,989.0
2026-04-18T13:00,38.0,18,989.2
2026-04-18T14:00,36.5,20,989.8
2026-04-18T15:00,35.0,23,990.3
2026-04-18T16:00,34.4,24,990.8
2026-04-18T17:00,33.5,25,990.9
2026-04-18T18:00,32.7,28,990.7
2026-04-18T19:00,31.1,31,990.2
2026-04-18T20:00,29.8,34,989.3
2026-04-18T21:00,28.9,36,989.0
2026-04-18T22:00,27.9,39,989.1
2026-04-18T23:00,27.4,41,989.2
2026-04-19T00:00,27.2,44,989.3
2026-04-19T01:00,27.7,42,989.8
2026-04-19T02:00,30.1,36,990.7
2026-04-19T03:00,33.0,31,991.6
2026-04-19T04:00,36.0,25,992.1
2026-04-19T05:00,38.5,21,991.8
2026-04-19T06:00,39.9,18,991.4
2026-04-19T07:00,41.5,14,990.9
2026-04-19T08:00,42.0,13,989.9
2026-04-19T09:00,42.0,12,989.2
2026-04-19T10:00,41.5,11,988.3
2026-04-19T11:00,41.1,11,988.1
2026-04-19T12:00,40.1,12,987.7
2026-04-19T13:00,38.2,14,988.3
2026-04-19T14:00,36.7,15,988.9
2026-04-19T15:00,35.6,16,989.1
2026-04-19T16:00,34.5,18,989.9
2026-04-19T17:00,33.3,20,989.8
2026-04-19T18:00,32.8,21,989.5
2026-04-19T19:00,31.6,22,989.1
2026-04-19T20:00,29.9,26,988.8
2026-04-19T21:00,29.1,28,988.7
2026-04-19T22:00,28.2,29,988.8
2026-04-19T23:00,26.8,32,988.7
2026-04-20T00:00,27.5,38,988.5
2026-04-20T01:00,28.4,36,989.6
2026-04-20T02:00,30.5,32,990.7
2026-04-20T03:00,34.0,25,991.0
2026-04-20T04:00,37.1,21,991.3
2026-04-20T05:00,39.6,16,991.3
2026-04-20T06:00,40.7,13,990.7
2026-04-20T07:00,41.5,10,990.2
2026-04-20T08:00,41.4,11,989.3
2026-04-20T09:00,42.0,9,987.9
2026-04-20T10:00,41.4,9,987.1
2026-04-20T11:00,40.7,10,986.7
2026-04-20T12:00,39.7,11,986.9
2026-04-20T13:00,37.9,13,987.4
2026-04-20T14:00,36.5,15,988.0
2026-04-20T15:00,35.2,17,988.9
2026-04-20T16:00,33.4,20,989.6
2026-04-20T17:00,32.3,21,989.6
2026-04-20T18:00,32.0,22,989.3
2026-04-20T19:00,31.3,22,988.6
2026-04-20T20:00,31.1,21,988.4
2026-04-20T21:00,30.5,21,988.2
2026-04-20T22:00,29.2,23,988.3
2026-04-20T23:00,28.1,27,988.6
2026-04-21T00:00,27.7,32,988.9
2026-04-21T01:00,27.9,33,989.4
2026-04-21T02:00,30.0,29,990.4
2026-04-21T03:00,33.2,24,991.0
2026-04-21T04:00,36.6,17,991.3
2026-04-21T05:00,38.6,12,991.2
2026-04-21T06:00,39.5,11,990.6
2026-04-21T07:00,40.3,11,990.0
2026-04-21T08:00,40.7,11,989.1
2026-04-21T09:00,40.6,11,988.3
2026-04-21T10:00,40.4,11,987.6
2026-04-21T11:00,40.0,11,987.0
2026-04-21T12:00,38.7,12,987.1
2026-04-21T13:00,36.5,15,987.8
2026-04-21T14:00,34.9,17,988.7
2026-04-21T15:00,33.8,19,989.2
2026-04-21T16:00,33.0,19,989.6
2026-04-21T17:00,32.5,19,989.6
2026-04-21T18:00,31.5,21,989.3
2026-04-21T19:00,30.6,22,988.9
2026-04-21T20:00,29.6,23,988.5
2026-04-21T21:00,28.7,25,988.4
2026-04-21T22:00,27.7,26,988.2
2026-04-21T23:00,27.2,27,988.2
2026-04-22T00:00,27.2,29,988.3
2026-04-22T01:00,28.0,28,989.4
2026-04-22T02:00,30.2,25,990.4
2026-04-22T03:00,33.4,22,990.8
2026-04-22T04:00,36.9,18,991.1
2026-04-22T05:00,39.2,15,991.1
2026-04-22T06:00,40.1,13,990.7
2026-04-22T07:00,40.8,12,990.0
2026-04-22T08:00,41.1,11,989.0
2026-04-22T09:00,41.3,11,988.0
2026-04-22T10:00,41.2,10,987.4
2026-04-22T11:00,40.8,10,986.9
2026-04-22T12:00,39.0,12,986.8
2026-04-22T13:00,37.3,14,987.3
2026-04-22T14:00,36.1,16,988.0
2026-04-22T15:00,34.8,18,988.7
2026-04-22T16:00,33.1,20,989.4
2026-04-22T17:00,31.8,23,989.5
2026-04-22T18:00,31.2,24,989.5
2026-04-22T19:00,30.3,26,989.5
2026-04-22T20:00,29.2,26,989.1
2026-04-22T21:00,28.0,28,989.2
2026-04-22T22:00,27.5,29,989.5
2026-04-22T23:00,27.5,29,989.8
2026-04-23T00:00,27.0,33,989.8
2026-04-23T01:00,28.1,31,990.6
2026-04-23T02:00,30.8,27,991.5
2026-04-23T03:00,34.3,23,992.0
2026-04-23T04:00,38.1,18,992.5
2026-04-23T05:00,40.4,14,992.4
2026-04-23T06:00,41.2,12,991.6
2026-04-23T07:00,42.0,11,990.9
2026-04-23T08:00,42.2,11,990.0
2026-04-23T09:00,42.2,11,988.9
2026-04-23T10:00,41.9,10,988.3
2026-04-23T11:00,41.3,9,987.7
2026-04-23T12:00,40.1,10,987.4
2026-04-23T13:00,38.5,11,987.9
2026-04-23T14:00,36.9,12,988.5
2026-04-23T15:00,34.8,14,989.4
2026-04-23T16:00,33.7,15,990.2
2026-04-23T17:00,32.9,16,990.2
2026-04-23T18:00,32.2,17,990.2
2026-04-23T19:00,30.4,20,990.0
2026-04-23T20:00,29.5,21,989.4
2026-04-23T21:00,28.6,23,989.2
2026-04-23T22:00,28.2,23,989.0
2026-04-23T23:00,27.4,24,989.4
2026-04-24T00:00,27.0,32,989.8
2026-04-24T01:00,28.5,28,990.9
2026-04-24T02:00,30.8,25,991.8
2026-04-24T03:00,33.7,20,992.3
2026-04-24T04:00,37.0,15,992.5
2026-04-24T05:00,39.5,12,992.1
2026-04-24T06:00,40.5,10,991.4
2026-04-24T07:00,42.2,9,990.7
2026-04-24T08:00,42.7,10,989.6
2026-04-24T09:00,42.8,10,988.5
2026-04-24T10:00,42.3,10,988.0
2026-04-24T11:00,41.5,10,987.8
2026-04-24T12:00,40.8,11,987.5
2026-04-24T13:00,38.8,13,987.9
2026-04-24T14:00,36.7,15,989.0
2026-04-24T15:00,35.6,16,989.7
2026-04-24T16:00,34.9,16,990.2
2026-04-24T17:00,33.8,18,990.2
2026-04-24T18:00,33.1,19,990.1
2026-04-24T19:00,32.1,20,990.1
2026-04-24T20:00,31.8,21,989.7
2026-04-24T21:00,31.2,21,989.6
2026-04-24T22:00,30.6,22,989.8
2026-04-24T23:00,29.9,23,990.2
2026-04-25T00:00,28.5,33,990.3
2026-04-25T01:00,29.5,30,991.2
2026-04-25T02:00,31.7,28,992.1
2026-04-25T03:00,34.6,23,992.5
2026-04-25T04:00,37.5,19,992.7
2026-04-25T05:00,39.9,16,992.1
2026-04-25T06:00,40.4,15,991.8
2026-04-25T07:00,43.1,12,990.8
2026-04-25T08:00,43.7,11,989.7
2026-04-25T09:00,43.0,10,988.9
2026-04-25T10:00,42.6,11,988.4
2026-04-25T11:00,42.4,12,988.2
2026-04-25T12:00,41.4,14,987.1
2026-04-25T13:00,40.0,15,987.7
2026-04-25T14:00,38.2,17,988.8
2026-04-25T15:00,37.3,19,989.7
2026-04-25T16:00,36.2,21,990.3
2026-04-25T17:00,35.1,23,990.3
2026-04-25T18:00,34.5,24,990.0
2026-04-25T19:00,34.1,24,989.3
2026-04-25T20:00,33.3,25,988.7
2026-04-25T21:00,31.9,27,988.4
2026-04-25T22:00,30.6,30,988.4
2026-04-25T23:00,30.3,29,988.9
2026-04-26T00:00,30.2,40,988.2
2026-04-26T01:00,30.8,38,989.0
2026-04-26T02:00,32.2,36,989.8
2026-04-26T03:00,34.4,33,990.4
2026-04-26T04:00,36.8,30,990.7
2026-04-26T05:00,39.0,25,990.6
2026-04-26T06:00,40.9,18,989.6
2026-04-26T07:00,42.1,16,988.9
2026-04-26T08:00,43.2,13,987.8
2026-04-26T09:00,43.2,13,986.6
2026-04-26T10:00,42.5,13,985.9
2026-04-26T11:00,41.9,13,985.4
2026-04-26T12:00,41.0,13,985.1
2026-04-26T13:00,39.2,15,985.5
2026-04-26T14:00,38.1,16,986.4
2026-04-26T15:00,37.8,16,987.0
2026-04-26T16:00,37.3,17,987.4
2026-04-26T17:00,36.2,18,987.6
2026-04-26T18:00,35.2,21,987.3
2026-04-26T19:00,30.8,45,987.6
2026-04-26T20:00,29.0,63,987.5
2026-04-26T21:00,28.4,67,987.4
2026-04-26T22:00,27.7,71,987.3
2026-04-26T23:00,26.8,74,987.3
2026-04-27T00:00,25.1,78,987.4
2026-04-27T01:00,25.7,74,987.9
2026-04-27T02:00,27.3,67,988.4
2026-04-27T03:00,29.8,58,988.7
2026-04-27T04:00,32.8,48,988.7
2026-04-27T05:00,35.9,38,988.1
2026-04-27T06:00,35.3,40,988.1
2026-04-27T07:00,38.3,31,987.4
2026-04-27T08:00,39.8,25,986.2
2026-04-27T09:00,40.9,21,985.0
2026-04-27T10:00,40.9,21,984.0
2026-04-27T11:00,40.5,21,983.7
2026-04-27T12:00,39.8,12,983.7
2026-04-27T13:00,38.1,17,983.7
2026-04-27T14:00,36.6,16,984.1
2026-04-27T15:00,34.9,18,985.0
2026-04-27T16:00,33.7,20,985.9
2026-04-27T17:00,32.5,22,986.2
2026-04-27T18:00,31.2,27,986.5
2026-04-27T19:00,30.5,39,986.5
2026-04-27T20:00,29.7,48,986.4
2026-04-27T21:00,29.2,52,986.5
2026-04-27T22:00,28.6,55,987.1
2026-04-27T23:00,27.9,60,987.2
2026-04-28T00:00,26.6,72,987.8
2026-04-28T01:00,26.9,71,988.9
2026-04-28T02:00,28.1,66,989.2
2026-04-28T03:00,30.1,58,989.6
2026-04-28T04:00,32.4,50,989.4
2026-04-28T05:00,34.8,43,989.4
2026-04-28T06:00,34.6,43,989.3
2026-04-28T07:00,37.1,35,988.3
2026-04-28T08:00,38.8,29,987.1
2026-04-28T09:00,40.1,24,986.0
2026-04-28T10:00,38.2,23,985.4
2026-04-28T11:00,38.8,21,984.7
2026-04-28T12:00,39.1,20,984.1
2026-04-28T13:00,37.7,23,984.5
2026-04-28T14:00,37.1,23,985.2
2026-04-28T15:00,36.3,24,985.9
2026-04-28T16:00,34.7,27,986.6
2026-04-28T17:00,33.8,29,987.3
2026-04-28T18:00,32.9,38,987.2
2026-04-28T19:00,32.2,41,986.9
2026-04-28T20:00,31.3,44,986.3
2026-04-28T21:00,30.6,47,986.1
2026-04-28T22:00,29.7,49,986.2
2026-04-28T23:00,28.8,53,986.6
2026-04-29T00:00,28.5,60,986.3
2026-04-29T01:00,29.4,58,987.3
2026-04-29T02:00,31.0,57,987.9
2026-04-29T03:00,33.3,52,988.5
2026-04-29T04:00,35.7,44,988.9
2026-04-29T05:00,38.0,35,988.6
2026-04-29T06:00,39.4,25,988.0
2026-04-29T07:00,37.2,27,989.3
2026-04-29T08:00,34.9,33,988.1
2026-04-29T09:00,36.4,30,986.9
2026-04-29T10:00,36.3,29,986.6
2026-04-29T11:00,36.0,28,986.5
2026-04-29T12:00,34.3,39,984.2
2026-04-29T13:00,34.0,39,984.5
2026-04-29T14:00,32.8,43,985.9
2026-04-29T15:00,31.3,51,987.2
2026-04-29T16:00,30.1,55,988.0
2026-04-29T17:00,29.3,57,988.2
2026-04-29T18:00,28.4,63,987.7
2026-04-29T19:00,27.3,66,987.7
2026-04-29T20:00,26.4,69,987.9
2026-04-29T21:00,25.9,70,988.4
2026-04-29T22:00,25.1,73,988.2
2026-04-29T23:00,24.5,75,988.7
2026-04-30T00:00,23.9,74,988.2
2026-04-30T01:00,24.0,76,990.6
2026-04-30T02:00,24.9,75,991.8
2026-04-30T03:00,26.5,66,992.4
2026-04-30T04:00,28.6,57,992.1
2026-04-30T05:00,30.2,51,992.4
2026-04-30T06:00,29.6,54,993.1
2026-04-30T07:00,30.1,53,992.7
2026-04-30T08:00,30.8,49,991.2
2026-04-30T09:00,32.1,44,990.0
2026-04-30T10:00,32.5,42,989.6
2026-04-30T11:00,32.1,42,989.2
2026-04-30T12:00,29.2,57,986.9
2026-04-30T13:00,28.1,63,988.4
2026-04-30T14:00,27.1,70,989.5
2026-04-30T15:00,26.9,69,990.8
2026-04-30T16:00,25.9,71,992.6
2026-04-30T17:00,22.7,77,991.8
2026-04-30T18:00,22.3,90,991.5
2026-04-30T19:00,22.0,91,991.3
2026-04-30T20:00,21.9,91,990.9
2026-04-30T21:00,21.9,90,990.3
2026-04-30T22:00,21.9,90,990.1
2026-04-30T23:00,21.7,91,990.3
2026-05-01T00:00,22.7,86,990.4
2026-05-01T01:00,23.0,83,991.5
2026-05-01T02:00,23.7,78,992.4
2026-05-01T03:00,25.8,70,992.1
2026-05-01T04:00,28.5,58,992.5
2026-05-01T05:00,30.3,52,992.3
2026-05-01T06:00,31.2,48,992.0
2026-05-01T07:00,32.2,46,991.4
2026-05-01T08:00,32.7,44,990.6
2026-05-01T09:00,32.7,44,989.2
2026-05-01T10:00,32.6,44,988.1
2026-05-01T11:00,32.0,45,987.7
2026-05-01T12:00,31.4,46,987.6
2026-05-01T13:00,30.3,54,987.9
2026-05-01T14:00,29.2,57,988.6
2026-05-01T15:00,28.3,59,989.0
2026-05-01T16:00,27.4,61,989.5
2026-05-01T17:00,26.7,63,989.7
2026-05-01T18:00,26.8,64,989.2
2026-05-01T19:00,26.0,66,988.8
2026-05-01T20:00,25.4,69,988.2
2026-05-01T21:00,24.9,71,988.0
2026-05-01T22:00,24.4,73,988.0
2026-05-01T23:00,24.0,74,988.5
2026-05-02T00:00,23.3,78,988.3
2026-05-02T01:00,23.7,76,989.2
2026-05-02T02:00,25.0,73,989.7
2026-05-02T03:00,27.1,65,990.3
2026-05-02T04:00,29.3,54,990.5
2026-05-02T05:00,31.3,47,990.2
2026-05-02T06:00,31.8,46,990.2
2026-05-02T07:00,32.8,43,989.4
2026-05-02T08:00,33.7,41,988.3
2026-05-02T09:00,34.1,39,986.8
2026-05-02T10:00,34.3,38,985.6
2026-05-02T11:00,34.3,37,985.3
2026-05-02T12:00,33.0,38,985.1
2026-05-02T13:00,32.3,40,985.9
2026-05-02T14:00,31.1,47,986.5
2026-05-02T15:00,30.2,50,987.0
2026-05-02T16:00,29.2,55,988.0
2026-05-02T17:00,28.0,59,988.4
2026-05-02T18:00,28.1,60,988.1
2026-05-02T19:00,27.4,61,988.1
2026-05-02T20:00,26.8,62,987.2
2026-05-02T21:00,26.2,63,987.4
2026-05-02T22:00,25.4,65,988.5
2026-05-02T23:00,24.9,69,988.6
2026-05-03T00:00,24.4,79,989.4
2026-05-03T01:00,24.3,80,990.1
2026-05-03T02:00,25.2,76,990.4
2026-05-03T03:00,27.2,67,991.1
2026-05-03T04:00,29.1,60,991.8
2026-05-03T05:00,31.1,54,991.8
2026-05-03T06:00,31.5,51,991.9
2026-05-03T07:00,32.4,48,991.4
2026-05-03T08:00,33.1,46,990.5
2026-05-03T09:00,33.7,44,989.1
2026-05-03T10:00,33.7,43,988.4
2026-05-03T11:00,33.5,44,988.1
2026-05-03T12:00,31.4,51,988.4
2026-05-03T13:00,30.4,56,988.9
2026-05-03T14:00,29.4,60,989.7
2026-05-03T15:00,28.7,61,990.5
2026-05-03T16:00,28.1,62,991.3
2026-05-03T17:00,27.3,64,991.5
2026-05-03T18:00,27.1,66,990.7
2026-05-03T19:00,26.6,67,990.2
2026-05-03T20:00,26.1,68,990.4
2026-05-03T21:00,25.5,69,990.6
2026-05-03T22:00,25.1,72,990.6
2026-05-03T23:00,24.8,75,990.4
2026-05-04T00:00,24.3,78,990.0
2026-05-04T01:00,24.5,78,990.9
2026-05-04T02:00,24.5,81,993.8
2026-05-04T03:00,22.1,90,996.1
2026-05-04T04:00,22.2,92,995.8
2026-05-04T05:00,23.2,90,997.4
2026-05-04T06:00,23.1,84,995.3
2026-05-04T07:00,26.1,74,994.4
2026-05-04T08:00,28.0,66,993.0
2026-05-04T09:00,28.0,66,991.7
2026-05-04T10:00,28.6,64,991.8
2026-05-04T11:00,28.6,64,990.8
2026-05-04T12:00,26.8,66,990.0
2026-05-04T13:00,25.9,71,990.9
2026-05-04T14:00,25.0,75,992.2
2026-05-04T15:00,24.5,79,992.8
2026-05-04T16:00,24.1,79,993.5
2026-05-04T17:00,23.6,81,994.2
2026-05-04T18:00,23.4,82,993.6
2026-05-04T19:00,22.8,85,993.8
2026-05-04T20:00,22.5,85,994.1
2026-05-04T21:00,22.3,85,994.2
2026-05-04T22:00,22.0,85,994.4
2026-05-04T23:00,21.9,83,994.6
2026-05-05T00:00,21.9,82,994.3
2026-05-05T01:00,22.4,78,996.0
2026-05-05T02:00,22.3,79,996.9
2026-05-05T03:00,23.6,77,996.9
2026-05-05T04:00,24.2,76,997.8
2026-05-05T05:00,25.4,72,996.8
2026-05-05T06:00,25.5,71,996.9
2026-05-05T07:00,26.8,68,995.9
2026-05-05T08:00,27.7,65,995.3
2026-05-05T09:00,28.0,64,994.7
2026-05-05T10:00,27.3,66,993.7
2026-05-05T11:00,26.8,68,992.9
2026-05-05T12:00,26.3,70,992.6
2026-05-05T13:00,25.4,79,992.4
2026-05-05T14:00,24.5,82,993.1
2026-05-05T15:00,23.9,85,993.6
2026-05-05T16:00,23.4,86,994.2
2026-05-05T17:00,22.8,89,994.2
2026-05-05T18:00,23.6,89,993.6
2026-05-05T19:00,22.9,93,993.1
2026-05-05T20:00,22.5,94,992.4
2026-05-05T21:00,22.1,96,992.4
2026-05-05T22:00,22.0,96,992.7
2026-05-05T23:00,21.7,97,992.7
2026-05-06T00:00,21.5,95,992.8
2026-05-06T01:00,22.7,90,993.7
2026-05-06T02:00,24.6,81,994.3
2026-05-06T03:00,26.3,73,994.5
2026-05-06T04:00,28.1,64,994.5
2026-05-06T05:00,29.5,57,994.3
2026-05-06T06:00,30.2,51,994.0
2026-05-06T07:00,31.1,47,993.4
2026-05-06T08:00,31.6,44,992.4
2026-05-06T09:00,32.0,42,991.2
2026-05-06T10:00,31.8,42,990.6
2026-05-06T11:00,31.4,44,990.2
2026-05-06T12:00,25.5,70,990.7
2026-05-06T13:00,24.5,73,991.1
2026-05-06T14:00,24.2,71,991.1
2026-05-06T15:00,23.9,70,991.4
2026-05-06T16:00,23.2,73,992.0
2026-05-06T17:00,22.5,77,992.4
2026-05-06T18:00,23.8,76,992.5
2026-05-06T19:00,23.8,74,992.4
2026-05-06T20:00,23.3,72,991.9
2026-05-06T21:00,22.8,70,991.8
2026-05-06T22:00,22.3,71,992.1
2026-05-06T23:00,21.8,75,992.2
2026-05-07T00:00,21.6,85,994.3
2026-05-07T01:00,21.2,84,994.6
2026-05-07T02:00,22.5,79,994.7
2026-05-07T03:00,25.4,68,996.1
2026-05-07T04:00,27.2,59,996.4
2026-05-07T05:00,28.4,55,996.1
2026-05-07T06:00,26.8,63,997.1
2026-05-07T07:00,27.8,54,996.0
2026-05-07T08:00,28.4,51,995.1
2026-05-07T09:00,29.7,47,993.7
2026-05-07T10:00,29.9,47,993.8
2026-05-07T11:00,29.7,47,993.5
2026-05-07T12:00,27.2,54,993.0
2026-05-07T13:00,26.1,64,993.2
2026-05-07T14:00,25.0,70,993.9
2026-05-07T15:00,24.2,75,994.2
2026-05-07T16:00,23.8,76,994.2
2026-05-07T17:00,23.5,79,994.5
2026-05-07T18:00,22.9,88,994.6
2026-05-07T19:00,22.8,88,993.8
2026-05-07T20:00,22.5,89,993.2
2026-05-07T21:00,22.3,88,993.2
2026-05-07T22:00,21.9,89,993.3
2026-05-07T23:00,21.9,88,993.7
2026-05-08T00:00,22.3,87,993.9
2026-05-08T01:00,23.0,85,995.1
2026-05-08T02:00,24.6,78,995.7
2026-05-08T03:00,26.7,69,996.0
2026-05-08T04:00,28.7,60,996.6
2026-05-08T05:00,30.3,53,996.7
2026-05-08T06:00,31.2,44,995.9
2026-05-08T07:00,32.1,39,995.0
2026-05-08T08:00,32.7,37,994.3
2026-05-08T09:00,33.2,36,993.3
2026-05-08T10:00,33.0,36,992.3
2026-05-08T11:00,32.5,37,991.8
2026-05-08T12:00,31.7,42,991.6
2026-05-08T13:00,29.2,53,992.0
2026-05-08T14:00,27.6,57,992.7
2026-05-08T15:00,26.6,57,993.2
2026-05-08T16:00,26.0,56,993.7
2026-05-08T17:00,25.4,57,993.7
2026-05-08T18:00,26.3,57,993.3
2026-05-08T19:00,25.7,60,993.1
2026-05-08T20:00,25.1,64,992.7
2026-05-08T21:00,24.7,67,992.8
2026-05-08T22:00,24.2,69,992.9
2026-05-08T23:00,23.7,71,993.4
2026-05-09T00:00,23.7,79,993.6
2026-05-09T01:00,24.3,78,994.9
2026-05-09T02:00,24.7,76,995.5
2026-05-09T03:00,26.5,68,995.6
2026-05-09T04:00,28.7,59,995.7
2026-05-09T05:00,29.7,54,995.5
2026-05-09T06:00,31.3,48,995.1
2026-05-09T07:00,32.1,45,994.4
2026-05-09T08:00,32.4,44,993.5
2026-05-09T09:00,32.0,45,992.4
2026-05-09T10:00,31.7,43,992.0
2026-05-09T11:00,31.0,46,992.2
2026-05-09T12:00,28.8,59,991.4
2026-05-09T13:00,28.3,62,991.6
2026-05-09T14:00,27.4,65,992.1
2026-05-09T15:00,27.0,67,992.4
2026-05-09T16:00,26.5,69,993.0
2026-05-09T17:00,26.0,71,993.3
2026-05-09T18:00,26.8,67,992.7
2026-05-09T19:00,27.2,60,992.5
2026-05-09T20:00,26.8,59,992.2
2026-05-09T21:00,26.4,55,992.2
2026-05-09T22:00,25.7,58,992.7
2026-05-09T23:00,25.0,61,993.0
2026-05-10T00:00,24.7,71,993.5
2026-05-10T01:00,25.7,67,994.7
2026-05-10T02:00,27.2,62,995.3
2026-05-10T03:00,29.1,56,995.4
2026-05-10T04:00,31.2,48,995.5
2026-05-10T05:00,33.0,39,995.0
2026-05-10T06:00,33.6,38,994.5
2026-05-10T07:00,34.3,35,993.7
2026-05-10T08:00,34.8,33,992.6
2026-05-10T09:00,34.9,32,991.7
2026-05-10T10:00,34.9,31,990.9
2026-05-10T11:00,34.6,30,990.3
2026-05-10T12:00,33.7,34,990.0
2026-05-10T13:00,32.4,39,990.9
2026-05-10T14:00,31.1,45,991.6
2026-05-10T15:00,30.3,46,992.3
2026-05-10T16:00,29.6,48,992.9
2026-05-10T17:00,28.5,52,992.7
2026-05-10T18:00,28.4,54,992.8
2026-05-10T19:00,28.2,53,992.4
2026-05-10T20:00,27.6,54,992.4
2026-05-10T21:00,27.0,56,992.4
2026-05-10T22:00,26.5,58,992.5
2026-05-10T23:00,25.9,60,993.0
2026-05-11T00:00,26.1,65,993.4
2026-05-11T01:00,26.9,62,994.2
2026-05-11T02:00,28.2,59,994.7
2026-05-11T03:00,30.0,53,994.9
2026-05-11T04:00,32.2,45,994.7
2026-05-11T05:00,34.1,37,994.3
2026-05-11T06:00,34.6,35,993.8
2026-05-11T07:00,35.7,32,993.4
2026-05-11T08:00,36.1,30,992.4
2026-05-11T09:00,36.4,29,991.3
2026-05-11T10:00,36.2,28,990.5
2026-05-11T11:00,35.3,32,990.2
2026-05-11T12:00,34.5,28,990.0
2026-05-11T13:00,33.5,30,990.4
2026-05-11T14:00,31.6,40,990.7
2026-05-11T15:00,30.6,44,990.9
2026-05-11T16:00,30.1,45,991.4
2026-05-11T17:00,29.8,44,991.6
2026-05-11T18:00,30.2,43,991.3
2026-05-11T19:00,30.0,44,991.1
2026-05-11T20:00,29.4,45,990.8
2026-05-11T21:00,28.5,47,990.7
2026-05-11T22:00,27.7,50,990.8
2026-05-11T23:00,27.0,53,991.0
2026-05-12T00:00,27.1,61,990.6
2026-05-12T01:00,28.0,60,991.3
2026-05-12T02:00,29.7,55,991.8
2026-05-12T03:00,31.8,49,992.4
2026-05-12T04:00,34.0,42,992.7
2026-05-12T05:00,35.6,35,992.5
2026-05-12T06:00,35.9,35,992.3
2026-05-12T07:00,36.4,34,991.6
2026-05-12T08:00,36.7,33,990.4
2026-05-12T09:00,37.2,32,988.9
2026-05-12T10:00,37.4,32,987.8
2026-05-12T11:00,36.9,32,987.2
2026-05-12T12:00,35.3,39,987.3
2026-05-12T13:00,34.4,41,987.7
2026-05-12T14:00,33.3,46,988.1
2026-05-12T15:00,32.2,50,988.5
2026-05-12T16:00,31.2,53,988.9
2026-05-12T17:00,30.7,52,989.1
2026-05-12T18:00,30.8,52,989.0
2026-05-12T19:00,30.0,56,988.5
2026-05-12T20:00,29.4,58,988.0
2026-05-12T21:00,28.8,60,988.2
2026-05-12T22:00,28.3,61,988.6
2026-05-12T23:00,27.9,64,988.2
2026-05-13T00:00,27.9,72,988.7
2026-05-13T01:00,28.4,72,989.4
2026-05-13T02:00,30.1,67,990.2
2026-05-13T03:00,31.9,60,990.8
2026-05-13T04:00,33.9,52,990.7
2026-05-13T05:00,35.5,45,990.2
2026-05-13T06:00,36.5,42,989.7
2026-05-13T07:00,37.0,39,989.1
2026-05-13T08:00,36.0,40,988.1
2026-05-13T09:00,37.1,37,986.4
2026-05-13T10:00,37.4,34,985.5
2026-05-13T11:00,37.2,32,985.0
2026-05-13T12:00,34.4,34,984.3
2026-05-13T13:00,33.1,38,984.0
2026-05-13T14:00,32.1,43,984.7
2026-05-13T15:00,31.7,44,986.0
2026-05-13T16:00,31.2,46,986.2
2026-05-13T17:00,30.5,49,987.2
2026-05-13T18:00,29.9,50,986.6
2026-05-13T19:00,29.0,54,986.5
2026-05-13T20:00,28.1,58,986.5
2026-05-13T21:00,27.6,61,986.7
2026-05-13T22:00,27.5,59,986.0
2026-05-13T23:00,27.2,59,987.1
2026-05-14T00:00,25.4,66,987.2
2026-05-14T01:00,25.6,66,988.2
2026-05-14T02:00,26.7,69,988.8
2026-05-14T03:00,28.9,64,989.3
2026-05-14T04:00,31.3,54,989.4
2026-05-14T05:00,33.5,45,989.7
2026-05-14T06:00,34.9,39,989.6
2026-05-14T07:00,35.6,39,988.8
2026-05-14T08:00,36.1,39,987.7
2026-05-14T09:00,36.3,39,986.5
2026-05-14T10:00,36.5,38,985.6
2026-05-14T11:00,36.2,38,985.0
2026-05-14T12:00,35.7,37,984.7
2026-05-14T13:00,34.5,41,985.0
2026-05-14T14:00,33.1,48,985.0
2026-05-14T15:00,32.2,53,985.5
2026-05-14T16:00,31.2,57,986.3
2026-05-14T17:00,30.3,60,986.5
2026-05-14T18:00,29.9,63,986.2
2026-05-14T19:00,29.2,66,985.7
2026-05-14T20:00,28.8,67,985.7
2026-05-14T21:00,28.3,69,985.8
2026-05-14T22:00,27.9,71,986.0
2026-05-14T23:00,27.5,72,986.4
2026-05-15T00:00,27.6,74,987.0
2026-05-15T01:00,28.2,73,987.7
2026-05-15T02:00,29.8,67,988.8
2026-05-15T03:00,32.0,59,989.4
2026-05-15T04:00,28.0,77,991.6
2026-05-15T05:00,26.7,91,989.5
2026-05-15T06:00,34.6,48,989.6
2026-05-15T07:00,35.2,44,988.4
2026-05-15T08:00,35.8,41,987.4
2026-05-15T09:00,36.2,40,986.2
2026-05-15T10:00,36.4,37,985.5
2026-05-15T11:00,35.9,37,985.4
2026-05-15T12:00,36.2,37,985.2
2026-05-15T13:00,34.9,42,985.2
2026-05-15T14:00,33.7,48,985.7
2026-05-15T15:00,32.8,55,986.1
2026-05-15T16:00,31.5,58,986.8
2026-05-15T17:00,30.6,64,987.1
2026-05-15T18:00,30.6,65,987.3
2026-05-15T19:00,29.9,69,986.8
2026-05-15T20:00,29.1,72,986.5
2026-05-15T21:00,28.7,75,986.1
2026-05-15T22:00,28.2,77,986.2
2026-05-15T23:00,27.4,80,986.7
2026-05-16T00:00,27.5,81,986.8
2026-05-16T01:00,28.7,73,987.9
2026-05-16T02:00,30.9,64,988.8
2026-05-16T03:00,33.5,51,989.5
2026-05-16T04:00,35.4,41,989.8
2026-05-16T05:00,36.9,35,989.6
2026-05-16T06:00,38.1,29,989.7
2026-05-16T07:00,39.0,26,988.8
2026-05-16T08:00,39.4,24,987.8
2026-05-16T09:00,39.7,23,987.0
2026-05-16T10:00,39.6,22,986.2
2026-05-16T11:00,39.3,21,985.6
2026-05-16T12:00,38.6,22,985.6
2026-05-16T13:00,37.3,24,985.6
2026-05-16T14:00,35.9,29,986.1
2026-05-16T15:00,34.3,35,986.8
2026-05-16T16:00,33.4,38,987.5
2026-05-16T17:00,32.6,41,987.6
2026-05-16T18:00,32.6,43,987.5
2026-05-16T19:00,31.6,45,987.0
2026-05-16T20:00,30.9,46,986.3
2026-05-16T21:00,30.3,47,986.3
2026-05-16T22:00,29.3,51,986.5
2026-05-16T23:00,28.7,53,987.0
2026-05-17T00:00,29.4,43,987.4
2026-05-17T01:00,29.9,41,988.2
2026-05-17T02:00,31.7,38,988.9
2026-05-17T03:00,33.9,33,989.4
2026-05-17T04:00,36.2,29,989.8
2026-05-17T05:00,38.2,25,989.6
2026-05-17T06:00,39.8,22,989.2
2026-05-17T07:00,40.3,21,988.3
2026-05-17T08:00,40.9,20,987.1
2026-05-17T09:00,40.9,20,986.0
2026-05-17T10:00,40.7,20,985.0
2026-05-17T11:00,40.2,21,984.5
2026-05-17T12:00,40.1,20,984.4
2026-05-17T13:00,38.4,23,984.3
2026-05-17T14:00,36.9,25,984.7
2026-05-17T15:00,35.7,28,985.2
2026-05-17T16:00,34.9,30,985.6
2026-05-17T17:00,34.2,32,985.9
2026-05-17T18:00,33.7,39,985.4
2026-05-17T19:00,32.5,39,984.7
2026-05-17T20:00,32.0,39,984.4
2026-05-17T21:00,31.7,39,984.5
2026-05-17T22:00,31.4,40,984.6
2026-05-17T23:00,31.1,41,984.9
2026-05-18T00:00,30.7,40,985.0
2026-05-18T01:00,31.2,38,985.5
2026-05-18T02:00,33.3,34,986.4
2026-05-18T03:00,35.8,29,986.7
2026-05-18T04:00,38.3,25,987.1
2026-05-18T05:00,39.9,23,987.4
2026-05-18T06:00,41.4,21,986.8
2026-05-18T07:00,41.8,20,986.4
2026-05-18T08:00,42.0,20,985.7
2026-05-18T09:00,42.1,18,984.8
2026-05-18T10:00,41.9,18,984.3
2026-05-18T11:00,41.7,18,984.0
2026-05-18T12:00,41.3,19,983.7
2026-05-18T13:00,39.4,24,984.0
2026-05-18T14:00,37.7,29,984.2
2026-05-18T15:00,36.8,30,984.7
2026-05-18T16:00,35.5,33,985.3
2026-05-18T17:00,34.7,37,985.6
2026-05-18T18:00,34.6,39,985.2
2026-05-18T19:00,33.2,45,985.0
2026-05-18T20:00,32.1,50,984.6
2026-05-18T21:00,31.5,51,984.8
2026-05-18T22:00,31.0,52,985.1
2026-05-18T23:00,30.7,53,985.6
2026-05-19T00:00,30.5,56,985.8
2026-05-19T01:00,30.2,58,986.9
2026-05-19T02:00,31.5,57,988.0
2026-05-19T03:00,33.3,56,988.4
2026-05-19T04:00,35.4,52,988.7
2026-05-19T05:00,37.4,46,988.7
2026-05-19T06:00,38.2,44,988.5
2026-05-19T07:00,39.4,40,987.9
2026-05-19T08:00,40.3,37,987.0
2026-05-19T09:00,41.1,34,985.9
2026-05-19T10:00,41.8,27,985.3
2026-05-19T11:00,41.4,27,984.8
2026-05-19T12:00,38.9,44,984.7
2026-05-19T13:00,37.8,47,984.8
2026-05-19T14:00,36.9,50,985.4
2026-05-19T15:00,36.1,52,985.9
2026-05-19T16:00,35.0,56,986.3
2026-05-19T17:00,34.1,59,986.4
2026-05-19T18:00,33.6,61,986.8
2026-05-19T19:00,32.7,63,986.2
2026-05-19T20:00,31.9,65,985.5
2026-05-19T21:00,31.2,66,985.3
2026-05-19T22:00,30.7,68,985.3
2026-05-19T23:00,30.3,69,985.8
2026-05-20T00:00,30.0,70,985.8
2026-05-20T01:00,30.8,68,986.6
2026-05-20T02:00,32.5,61,987.2
2026-05-20T03:00,34.7,54,987.8
2026-05-20T04:00,37.1,45,987.9
2026-05-20T05:00,39.4,37,987.8
2026-05-20T06:00,41.1,28,987.2
2026-05-20T07:00,42.7,22,986.4
2026-05-20T08:00,42.7,24,985.4
2026-05-20T09:00,42.8,22,984.5
2026-05-20T10:00,42.6,19,983.8
2026-05-20T11:00,42.5,18,983.3
2026-05-20T12:00,42.1,21,983.5
2026-05-20T13:00,40.4,27,983.8
2026-05-20T14:00,38.8,34,984.4
2026-05-20T15:00,37.5,38,985.1
2026-05-20T16:00,36.5,43,985.3
2026-05-20T17:00,35.3,48,985.4
2026-05-20T18:00,34.9,50,985.1
2026-05-20T19:00,33.6,54,984.8
2026-05-20T20:00,32.8,55,984.5
2026-05-20T21:00,32.8,51,984.7
2026-05-20T22:00,32.4,51,984.8
2026-05-20T23:00,31.5,53,985.4
2026-05-21T00:00,31.5,61,985.3
2026-05-21T01:00,32.4,51,986.3
2026-05-21T02:00,34.3,39,987.2
2026-05-21T03:00,36.4,30,987.7
2026-05-21T04:00,38.0,25,987.9
2026-05-21T05:00,39.3,25,987.6
2026-05-21T06:00,41.1,23,987.5
2026-05-21T07:00,42.0,21,987.0
2026-05-21T08:00,42.7,19,986.3
2026-05-21T09:00,42.8,18,985.6
2026-05-21T10:00,42.7,18,985.1
2026-05-21T11:00,42.3,18,984.7
2026-05-21T12:00,41.6,18,984.8
2026-05-21T13:00,40.0,21,985.2
2026-05-21T14:00,38.6,24,985.8
2026-05-21T15:00,37.8,23,986.5
2026-05-21T16:00,37.1,23,987.0
2026-05-21T17:00,36.2,24,987.1
2026-05-21T18:00,35.5,28,986.9
2026-05-21T19:00,34.0,31,987.0
2026-05-21T20:00,33.2,37,986.9
2026-05-21T21:00,32.3,40,987.2
2026-05-21T22:00,31.1,44,987.5
2026-05-21T23:00,30.2,47,988.1
2026-05-22T00:00,29.2,80,988.4
2026-05-22T01:00,29.7,81,989.1
2026-05-22T02:00,31.3,74,989.7
2026-05-22T03:00,33.3,64,990.0
2026-05-22T04:00,35.6,54,990.1
2026-05-22T05:00,37.8,45,990.3
2026-05-22T06:00,37.9,42,990.0
2026-05-22T07:00,40.3,33,989.5
2026-05-22T08:00,41.5,27,988.6
2026-05-22T09:00,41.8,25,987.8
2026-05-22T10:00,41.4,26,987.2
2026-05-22T11:00,40.8,25,986.9
2026-05-22T12:00,41.5,16,986.2
2026-05-22T13:00,40.1,19,986.6
2026-05-22T14:00,38.4,22,986.9
2026-05-22T15:00,37.2,21,987.4
2026-05-22T16:00,36.8,19,987.8
2026-05-22T17:00,36.5,21,987.7
2026-05-22T18:00,35.2,27,987.5
2026-05-22T19:00,33.5,30,987.3
2026-05-22T20:00,32.7,29,987.2
2026-05-22T21:00,32.0,30,987.1
2026-05-22T22:00,31.4,32,987.4
2026-05-22T23:00,31.2,33,987.5
2026-05-23T00:00,30.7,44,987.6
2026-05-23T01:00,31.7,39,988.1
2026-05-23T02:00,33.0,36,988.5
2026-05-23T03:00,35.3,32,988.9
2026-05-23T04:00,37.7,28,989.4
2026-05-23T05:00,39.0,30,989.7
2026-05-23T06:00,41.3,22,988.8
2026-05-23T07:00,42.3,18,988.1
2026-05-23T08:00,42.6,15,987.5
2026-05-23T09:00,42.0,14,987.0
2026-05-23T10:00,42.0,15,986.6
2026-05-23T11:00,41.0,15,986.5
2026-05-23T12:00,41.3,15,985.7
2026-05-23T13:00,39.8,18,985.8
2026-05-23T14:00,38.1,19,985.8
2026-05-23T15:00,36.9,21,986.3
2026-05-23T16:00,35.9,22,986.8
2026-05-23T17:00,34.9,24,987.2
2026-05-23T18:00,34.7,27,986.9
2026-05-23T19:00,33.8,28,986.5
2026-05-23T20:00,32.6,31,986.1
2026-05-23T21:00,32.1,32,986.0
2026-05-23T22:00,31.7,31,986.1
2026-05-23T23:00,31.2,31,986.7
2026-05-24T00:00,30.8,38,987.0
2026-05-24T01:00,31.5,37,987.9
2026-05-24T02:00,33.5,33,988.4
2026-05-24T03:00,35.8,28,989.1
2026-05-24T04:00,37.6,25,989.6
2026-05-24T05:00,39.7,21,989.7
2026-05-24T06:00,41.5,15,989.0
2026-05-24T07:00,41.9,15,988.4
2026-05-24T08:00,42.3,15,987.5
2026-05-24T09:00,42.6,14,986.8
2026-05-24T10:00,42.3,15,986.5
2026-05-24T11:00,41.9,15,986.1
2026-05-24T12:00,41.6,15,986.0
2026-05-24T13:00,40.1,18,986.4
2026-05-24T14:00,38.3,21,986.7
2026-05-24T15:00,36.8,25,987.1
2026-05-24T16:00,35.8,28,987.7
2026-05-24T17:00,35.3,29,987.7
2026-05-24T18:00,35.1,30,987.2
2026-05-24T19:00,33.9,31,986.8
2026-05-24T20:00,33.5,31,985.9
2026-05-24T21:00,33.1,32,985.9
2026-05-24T22:00,32.5,34,986.0
2026-05-24T23:00,31.7,35,986.4
2026-05-25T00:00,31.6,45,986.5
2026-05-25T01:00,32.2,36,987.1
2026-05-25T02:00,34.1,31,988.1
2026-05-25T03:00,36.2,26,988.6
2026-05-25T04:00,38.3,23,988.7
2026-05-25T05:00,39.7,20,988.9
2026-05-25T06:00,41.1,19,988.6
2026-05-25T07:00,41.7,19,987.8
2026-05-25T08:00,42.4,18,986.7
2026-05-25T09:00,42.8,17,985.6
2026-05-25T10:00,42.7,17,984.9
2026-05-25T11:00,42.2,17,984.6
2026-05-25T12:00,42.2,16,984.3
2026-05-25T13:00,40.8,18,984.7
2026-05-25T14:00,39.3,18,985.1
2026-05-25T15:00,38.2,19,985.6
2026-05-25T16:00,37.1,21,986.2
2026-05-25T17:00,36.2,23,986.3
2026-05-25T18:00,36.0,22,986.1
2026-05-25T19:00,34.1,25,986.3
2026-05-25T20:00,33.1,29,985.9
2026-05-25T21:00,32.7,27,986.1
2026-05-25T22:00,31.2,44,986.4
2026-05-25T23:00,29.8,58,986.8
2026-05-26T00:00,28.2,55,987.3
2026-05-26T01:00,28.9,54,988.0
2026-05-26T02:00,30.9,50,988.5
2026-05-26T03:00,33.3,44,989.0
2026-05-26T04:00,35.6,39,989.2
2026-05-26T05:00,38.0,31,989.4
2026-05-26T06:00,40.0,23,988.8
2026-05-26T07:00,41.4,20,988.2
2026-05-26T08:00,42.0,17,987.0
2026-05-26T09:00,42.1,17,986.2
2026-05-26T10:00,41.7,15,985.6
2026-05-26T11:00,41.5,13,985.4
2026-05-26T12:00,41.2,13,985.5
2026-05-26T13:00,39.2,17,986.0
2026-05-26T14:00,37.6,18,986.9
2026-05-26T15:00,36.0,19,987.3
2026-05-26T16:00,35.0,22,987.6
2026-05-26T17:00,34.6,24,987.5
2026-05-26T18:00,34.3,28,987.3
2026-05-26T19:00,32.3,31,986.9
2026-05-26T20:00,31.0,38,986.6
2026-05-26T21:00,30.2,49,986.7
2026-05-26T22:00,29.2,63,986.8
2026-05-26T23:00,28.7,66,987.1
2026-05-27T00:00,28.2,76,987.2
2026-05-27T01:00,28.8,71,988.0
2026-05-27T02:00,29.9,62,988.8
2026-05-27T03:00,32.0,54,989.5
2026-05-27T04:00,34.2,47,989.8
2026-05-27T05:00,36.3,41,989.4
2026-05-27T06:00,37.2,37,989.3
2026-05-27T07:00,38.4,34,988.8
2026-05-27T08:00,39.1,32,987.9
2026-05-27T09:00,39.9,28,986.9
2026-05-27T10:00,40.7,23,986.2
2026-05-27T11:00,40.7,21,986.0
2026-05-27T12:00,37.0,37,985.8
2026-05-27T13:00,36.3,38,986.4
2026-05-27T14:00,35.2,40,987.1
2026-05-27T15:00,34.5,42,987.8
2026-05-27T16:00,33.6,44,988.4
2026-05-27T17:00,32.9,46,988.9
2026-05-27T18:00,32.5,46,988.3
2026-05-27T19:00,31.8,49,988.2
2026-05-27T20:00,31.0,54,988.3
2026-05-27T21:00,30.1,60,988.3
2026-05-27T22:00,29.3,63,988.4
2026-05-27T23:00,28.8,65,988.7
2026-05-28T00:00,28.0,68,989.3
2026-05-28T01:00,28.2,67,990.1
2026-05-28T02:00,29.3,63,990.7
2026-05-28T03:00,31.0,58,991.4
2026-05-28T04:00,32.8,52,991.5
2026-05-28T05:00,34.5,47,991.1
2026-05-28T06:00,35.7,43,990.9
2026-05-28T07:00,36.7,40,990.1
2026-05-28T08:00,37.4,38,989.3
2026-05-28T09:00,37.8,37,988.4
2026-05-28T10:00,37.8,37,987.4
2026-05-28T11:00,37.4,37,986.9
2026-05-28T12:00,36.8,40,986.5
2026-05-28T13:00,36.1,42,987.6
2026-05-28T14:00,35.5,43,988.5
2026-05-28T15:00,34.7,44,988.7
2026-05-28T16:00,34.0,46,989.5
2026-05-28T17:00,33.4,48,990.2
2026-05-28T18:00,30.7,57,990.8
2026-05-28T19:00,29.5,65,990.0
2026-05-28T20:00,29.4,64,989.7
2026-05-28T21:00,28.7,65,989.6
2026-05-28T22:00,28.2,68,988.4
2026-05-28T23:00,27.5,72,990.3
2026-05-29T00:00,24.1,83,989.5
2026-05-29T01:00,24.6,83,990.6
2026-05-29T02:00,25.3,78,991.2
2026-05-29T03:00,27.1,71,992.0
2026-05-29T04:00,29.4,62,992.5
2026-05-29T05:00,30.8,56,993.0
2026-05-29T06:00,31.6,55,993.2
2026-05-29T07:00,32.4,50,992.4
2026-05-29T08:00,32.7,49,991.3
2026-05-29T09:00,33.0,46,990.4
2026-05-29T10:00,33.0,45,990.1
2026-05-29T11:00,32.5,45,989.4
2026-05-29T12:00,31.9,52,989.3
2026-05-29T13:00,30.4,61,990.0
2026-05-29T14:00,29.4,67,990.8
2026-05-29T15:00,29.2,67,991.6
2026-05-29T16:00,28.6,68,992.5
2026-05-29T17:00,28.1,69,992.6
2026-05-29T18:00,27.5,72,992.8
2026-05-29T19:00,26.9,75,992.6
2026-05-29T20:00,26.4,77,991.8
2026-05-29T21:00,26.1,77,991.1
2026-05-29T22:00,25.7,79,990.8
2026-05-29T23:00,25.5,78,990.6
2026-05-30T00:00,25.2,81,991.6
2026-05-30T01:00,25.1,84,992.5
2026-05-30T02:00,25.8,76,992.9
2026-05-30T03:00,26.8,69,993.0
2026-05-30T04:00,28.6,60,992.9
2026-05-30T05:00,30.7,52,993.2
2026-05-30T06:00,31.1,53,993.1
2026-05-30T07:00,31.3,50,992.4
2026-05-30T08:00,31.7,49,991.4
2026-05-30T09:00,31.6,48,990.5
2026-05-30T10:00,32.1,46,990.2
2026-05-30T11:00,29.9,56,990.1
2026-05-30T12:00,31.0,55,989.3
2026-05-30T13:00,30.2,57,989.6
2026-05-30T14:00,29.1,62,990.4
2026-05-30T15:00,28.4,66,991.3
2026-05-30T16:00,27.7,71,991.9
2026-05-30T17:00,26.9,76,992.6
2026-05-30T18:00,26.5,78,992.0
2026-05-30T19:00,26.0,80,992.1
2026-05-30T20:00,25.7,80,992.0
2026-05-30T21:00,25.4,80,991.2
2026-05-30T22:00,25.0,82,991.0
2026-05-30T23:00,24.6,84,991.3
2026-05-31T00:00,25.2,85,991.9
2026-05-31T01:00,25.9,82,992.8
2026-05-31T02:00,27.2,76,993.7
2026-05-31T03:00,28.9,70,994.1
2026-05-31T04:00,30.7,62,994.1
2026-05-31T05:00,32.1,56,994.2
2026-05-31T06:00,30.7,60,994.2
2026-05-31T07:00,31.7,60,993.5
2026-05-31T08:00,32.4,55,993.1
2026-05-31T09:00,32.6,51,991.9
2026-05-31T10:00,32.9,48,991.6
2026-05-31T11:00,32.3,49,991.0
2026-05-31T12:00,28.8,64,991.8
2026-05-31T13:00,28.6,66,991.9
2026-05-31T14:00,28.0,67,992.2
2026-05-31T15:00,27.2,74,992.2
2026-05-31T16:00,26.7,78,992.7
2026-05-31T17:00,26.2,82,992.8
2026-05-31T18:00,25.5,88,992.7
2026-05-31T19:00,24.9,92,992.4
2026-05-31T20:00,24.6,94,992.1
2026-05-31T21:00,24.4,95,992.0
2026-05-31T22:00,24.2,96,991.9
2026-05-31T23:00,24.1,97,992.6
2026-06-01T00:00,24.0,89,993.7
2026-06-01T01:00,24.3,92,994.1
2026-06-01T02:00,25.9,90,994.1
2026-06-01T03:00,28.8,71,994.3
2026-06-01T04:00,30.2,59,994.5
2026-06-01T05:00,31.5,52,994.4
2026-06-01T06:00,31.8,47,994.8
2026-06-01T07:00,30.3,57,994.3
2026-06-01T08:00,32.6,45,993.1
2026-06-01T09:00,33.2,44,992.6
2026-06-01T10:00,33.5,43,991.7
2026-06-01T11:00,33.3,44,991.1
2026-06-01T12:00,33.5,41,990.5
2026-06-01T13:00,32.0,50,990.7
2026-06-01T14:00,30.8,55,990.9
2026-06-01T15:00,30.0,59,992.1
2026-06-01T16:00,29.5,62,993.0
2026-06-01T17:00,29.1,62,993.1
2026-06-01T18:00,28.7,65,992.5
2026-06-01T19:00,28.2,65,992.3
2026-06-01T20:00,27.8,65,991.7
2026-06-01T21:00,27.6,64,991.6
2026-06-01T22:00,26.5,65,991.6
2026-06-01T23:00,26.1,68,991.5
2026-06-02T00:00,26.3,75,991.7
2026-06-02T01:00,27.0,74,992.8
2026-06-02T02:00,28.5,68,992.9
2026-06-02T03:00,30.4,60,993.5
2026-06-02T04:00,31.9,53,993.7
2026-06-02T05:00,33.3,48,993.3
2026-06-02T06:00,35.6,40,992.6
2026-06-02T07:00,36.2,39,991.6
2026-06-02T08:00,36.6,38,990.6
2026-06-02T09:00,36.6,37,989.7
2026-06-02T10:00,36.5,38,988.8
2026-06-02T11:00,34.8,42,988.5
2026-06-02T12:00,33.3,58,988.0
2026-06-02T13:00,30.6,66,988.4
2026-06-02T14:00,29.6,68,988.9
2026-06-02T15:00,28.9,71,989.7
2026-06-02T16:00,28.2,73,990.3
2026-06-02T17:00,28.0,75,990.2
2026-06-02T18:00,28.6,77,989.8
2026-06-02T19:00,28.4,77,989.4
2026-06-02T20:00,27.9,80,989.3
2026-06-02T21:00,26.3,89,990.1
2026-06-02T22:00,26.6,87,989.4
2026-06-02T23:00,26.4,89,989.3
2026-06-03T00:00,26.5,87,989.3
2026-06-03T01:00,25.6,87,991.1
2026-06-03T02:00,26.9,79,991.0
2026-06-03T03:00,28.0,74,990.9
2026-06-03T04:00,30.4,64,990.2
2026-06-03T05:00,32.6,56,989.8
2026-06-03T06:00,35.1,43,989.1
2026-06-03T07:00,35.4,41,988.5
2026-06-03T08:00,35.8,39,987.5
2026-06-03T09:00,35.9,39,986.4
2026-06-03T10:00,36.1,40,985.5
2026-06-03T11:00,34.3,44,985.1
2026-06-03T12:00,36.1,31,985.0
2026-06-03T13:00,34.4,39,985.0
2026-06-03T14:00,33.0,43,985.5
2026-06-03T15:00,32.5,49,985.9
2026-06-03T16:00,31.1,54,986.5
2026-06-03T17:00,30.0,62,986.8
2026-06-03T18:00,30.2,63,986.6
2026-06-03T19:00,29.6,66,986.4
2026-06-03T20:00,29.3,68,985.9
2026-06-03T21:00,28.9,70,985.5
2026-06-03T22:00,28.3,73,985.6
2026-06-03T23:00,27.9,75,985.7
2026-06-04T00:00,28.4,78,986.4
2026-06-04T01:00,29.7,67,986.9
2026-06-04T02:00,32.0,55,987.1
2026-06-04T03:00,34.1,44,987.5
2026-06-04T04:00,35.8,37,987.6
2026-06-04T05:00,36.7,35,987.6
2026-06-04T06:00,37.1,33,987.5
2026-06-04T07:00,37.8,33,986.9
2026-06-04T08:00,38.3,32,986.0
2026-06-04T09:00,38.3,31,985.0
2026-06-04T10:00,38.0,29,984.5
2026-06-04T11:00,37.5,29,984.2
2026-06-04T12:00,37.8,31,983.8
2026-06-04T13:00,36.7,33,983.6
2026-06-04T14:00,35.4,41,984.3
2026-06-04T15:00,34.4,42,985.0
2026-06-04T16:00,33.3,47,985.9
2026-06-04T17:00,32.7,50,986.3
2026-06-04T18:00,32.7,51,985.9
2026-06-04T19:00,31.8,51,985.8
2026-06-04T20:00,30.8,54,985.6
2026-06-04T21:00,30.0,57,985.4
2026-06-04T22:00,29.6,59,985.3
2026-06-04T23:00,29.0,65,985.6
2026-06-05T00:00,28.5,62,986.8
2026-06-05T01:00,28.1,66,986.8
2026-06-05T02:00,29.9,61,987.2
2026-06-05T03:00,32.6,51,987.8
2026-06-05T04:00,33.9,44,987.9
2026-06-05T05:00,35.8,39,987.7
2026-06-05T06:00,36.7,35,988.1
2026-06-05T07:00,37.7,32,987.2
2026-06-05T08:00,38.2,32,986.2
2026-06-05T09:00,38.3,32,985.5
2026-06-05T10:00,37.9,33,984.7
2026-06-05T11:00,37.4,33,984.2
2026-06-05T12:00,35.8,41,984.6
2026-06-05T13:00,34.8,44,984.8
2026-06-05T14:00,33.7,49,985.3
2026-06-05T15:00,33.1,53,985.9
2026-06-05T16:00,32.4,55,986.6
2026-06-05T17:00,31.8,57,987.2
2026-06-05T18:00,31.7,60,986.9
2026-06-05T19:00,30.9,64,986.5
2026-06-05T20:00,30.3,66,986.6
2026-06-05T21:00,30.0,65,986.6
2026-06-05T22:00,29.8,65,986.6
2026-06-05T23:00,29.5,66,986.8
2026-06-06T00:00,29.2,67,987.4
2026-06-06T01:00,30.1,63,988.0
2026-06-06T02:00,31.3,60,988.6
2026-06-06T03:00,32.6,55,988.9
2026-06-06T04:00,34.1,49,989.2
2026-06-06T05:00,34.9,48,989.1
2026-06-06T06:00,35.9,41,988.9
2026-06-06T07:00,37.2,39,988.1
2026-06-06T08:00,37.6,36,987.0
2026-06-06T09:00,38.0,32,986.3
2026-06-06T10:00,37.6,32,985.8
2026-06-06T11:00,37.2,33,985.4
2026-06-06T12:00,36.9,37,984.4
2026-06-06T13:00,35.8,41,984.8
2026-06-06T14:00,33.1,56,985.8
2026-06-06T15:00,32.3,59,986.7
2026-06-06T16:00,31.8,60,987.6
2026-06-06T17:00,31.6,59,988.0
2026-06-06T18:00,31.2,60,988.0
2026-06-06T19:00,30.4,63,988.0
2026-06-06T20:00,29.8,66,987.8
2026-06-06T21:00,29.4,68,987.7
2026-06-06T22:00,29.1,69,987.6
2026-06-06T23:00,28.8,71,987.9
2026-06-07T00:00,27.6,78,988.0
2026-06-07T01:00,28.5,74,988.8
2026-06-07T02:00,30.6,64,989.1
2026-06-07T03:00,33.1,52,989.5
2026-06-07T04:00,35.1,45,989.4
2026-06-07T05:00,36.7,39,989.2
2026-06-07T06:00,37.1,38,989.2
2026-06-07T07:00,38.6,33,988.4
2026-06-07T08:00,39.1,30,987.5
2026-06-07T09:00,38.3,30,986.9
2026-06-07T10:00,38.2,32,985.9
2026-06-07T11:00,38.2,31,985.0
2026-06-07T12:00,38.7,28,984.6
2026-06-07T13:00,37.9,28,984.5
2026-06-07T14:00,37.0,30,985.0
2026-06-07T15:00,35.9,34,985.7
2026-06-07T16:00,34.8,37,986.1
2026-06-07T17:00,33.8,38,986.6
2026-06-07T18:00,33.3,39,986.4
2026-06-07T19:00,32.8,41,986.2
2026-06-07T20:00,32.2,44,985.8
2026-06-07T21:00,31.7,44,985.7
2026-06-07T22:00,31.1,45,985.4
2026-06-07T23:00,30.6,46,985.2
2026-06-08T00:00,31.6,46,985.9
2026-06-08T01:00,31.6,50,986.0
2026-06-08T02:00,33.2,47,986.3
2026-06-08T03:00,35.5,41,986.7
2026-06-08T04:00,37.3,35,986.7
2026-06-08T05:00,38.4,32,986.5
2026-06-08T06:00,39.2,29,986.5
2026-06-08T07:00,38.9,31,985.7
2026-06-08T08:00,39.5,30,985.0
2026-06-08T09:00,39.6,27,984.4
2026-06-08T10:00,39.7,26,983.7
2026-06-08T11:00,39.4,24,983.2
2026-06-08T12:00,39.9,16,982.9
2026-06-08T13:00,37.9,22,982.7
2026-06-08T14:00,36.4,24,983.1
2026-06-08T15:00,35.6,24,984.1
2026-06-08T16:00,35.0,24,984.6
2026-06-08T17:00,34.3,26,985.1
2026-06-08T18:00,34.3,30,984.6
2026-06-08T19:00,33.4,34,984.0
2026-06-08T20:00,32.4,37,983.6
2026-06-08T21:00,31.9,36,983.8
2026-06-08T22:00,31.5,37,983.9
2026-06-08T23:00,31.1,39,983.9
2026-06-09T00:00,30.2,49,984.0
2026-06-09T01:00,30.9,52,984.7
2026-06-09T02:00,32.7,50,985.0
2026-06-09T03:00,34.7,45,985.2
2026-06-09T04:00,36.7,39,985.3
2026-06-09T05:00,38.5,35,985.1
2026-06-09T06:00,40.7,29,984.7
2026-06-09T07:00,41.7,24,984.0
2026-06-09T08:00,41.5,22,983.3
2026-06-09T09:00,41.0,22,982.7
2026-06-09T10:00,40.3,26,982.2
2026-06-09T11:00,39.9,28,981.9
2026-06-09T12:00,39.0,27,981.6
2026-06-09T13:00,38.3,28,981.5
2026-06-09T14:00,37.6,31,982.1
2026-06-09T15:00,36.7,33,982.8
2026-06-09T16:00,35.4,36,983.5
2026-06-09T17:00,34.4,41,984.1
2026-06-09T18:00,33.8,47,983.9
2026-06-09T19:00,33.2,49,983.9
2026-06-09T20:00,33.1,45,983.4
2026-06-09T21:00,32.7,41,983.0
2026-06-09T22:00,32.1,45,983.1
2026-06-09T23:00,31.3,50,983.6
2026-06-10T00:00,29.7,66,983.7
2026-06-10T01:00,30.1,66,984.2
2026-06-10T02:00,31.5,61,985.5
2026-06-10T03:00,33.4,55,986.2
2026-06-10T04:00,35.6,46,986.0
2026-06-10T05:00,37.7,38,985.9
2026-06-10T06:00,38.5,33,986.5
2026-06-10T07:00,39.5,30,985.7
2026-06-10T08:00,39.9,30,984.9
2026-06-10T09:00,40.4,27,984.0
2026-06-10T10:00,40.4,25,983.7
2026-06-10T11:00,40.4,23,983.0
2026-06-10T12:00,40.2,25,982.6
2026-06-10T13:00,38.6,25,982.8
2026-06-10T14:00,37.5,26,983.4
2026-06-10T15:00,36.5,33,983.7
2026-06-10T16:00,35.3,45,984.8
2026-06-10T17:00,34.1,49,985.3
2026-06-10T18:00,33.2,53,985.4
2026-06-10T19:00,32.3,56,985.2
2026-06-10T20:00,31.5,59,984.8
2026-06-10T21:00,30.9,63,984.6
2026-06-10T22:00,30.4,65,984.1
2026-06-10T23:00,30.1,67,984.7
2026-06-11T00:00,25.4,96,985.7
2026-06-11T01:00,25.2,94,987.9
2026-06-11T02:00,26.3,87,987.6
2026-06-11T03:00,28.8,72,987.9
2026-06-11T04:00,30.7,64,988.4
2026-06-11T05:00,32.1,59,988.5
2026-06-11T06:00,32.8,52,988.9
2026-06-11T07:00,33.6,51,988.3
2026-06-11T08:00,34.0,50,987.5
2026-06-11T09:00,34.1,51,986.9
2026-06-11T10:00,33.9,51,986.5
2026-06-11T11:00,33.4,52,986.2
2026-06-11T12:00,32.6,57,985.2
2026-06-11T13:00,30.9,63,985.6
2026-06-11T14:00,29.8,67,986.7
2026-06-11T15:00,29.1,69,987.9
2026-06-11T16:00,28.6,71,988.8
2026-06-11T17:00,28.2,73,988.9
2026-06-11T18:00,27.6,75,988.5
2026-06-11T19:00,27.2,77,988.6
2026-06-11T20:00,26.9,78,988.4
2026-06-11T21:00,26.5,79,988.4
2026-06-11T22:00,26.3,80,989.2
2026-06-11T23:00,26.2,81,989.2
2026-06-12T00:00,26.0,80,990.4
2026-06-12T01:00,26.4,80,991.0
2026-06-12T02:00,27.1,78,992.0
2026-06-12T03:00,26.1,88,993.4
2026-06-12T04:00,25.0,94,991.8
2026-06-12T05:00,28.6,79,991.3
2026-06-12T06:00,30.6,65,991.7
2026-06-12T07:00,32.1,61,991.2
2026-06-12T08:00,33.2,58,990.2
2026-06-12T09:00,33.7,56,989.7
2026-06-12T10:00,33.7,56,988.8
2026-06-12T11:00,33.4,57,988.0
2026-06-12T12:00,32.9,57,987.9
2026-06-12T13:00,31.9,66,988.2
2026-06-12T14:00,30.6,72,988.7
2026-06-12T15:00,30.1,74,989.3
2026-06-12T16:00,29.5,77,990.0
2026-06-12T17:00,28.9,77,990.8
2026-06-12T18:00,29.1,79,990.2
2026-06-12T19:00,28.7,81,990.1
2026-06-12T20:00,25.9,86,990.1
2026-06-12T21:00,24.4,92,989.3
2026-06-12T22:00,23.8,94,990.3
2026-06-12T23:00,24.1,96,990.8
2026-06-13T00:00,24.6,93,991.1
2026-06-13T01:00,24.0,94,991.1
2026-06-13T02:00,23.9,96,992.6
2026-06-13T03:00,24.1,95,992.4
2026-06-13T04:00,24.6,92,991.5
2026-06-13T05:00,27.5,79,991.9
2026-06-13T06:00,26.4,87,991.4
2026-06-13T07:00,28.6,77,990.8
2026-06-13T08:00,30.8,68,990.0
2026-06-13T09:00,31.4,65,989.2
2026-06-13T10:00,31.7,65,988.1
2026-06-13T11:00,31.7,65,987.5
2026-06-13T12:00,32.5,61,987.2
2026-06-13T13:00,31.4,67,987.1
2026-06-13T14:00,30.2,69,987.5
2026-06-13T15:00,29.6,72,987.9
2026-06-13T16:00,29.8,71,988.5
2026-06-13T17:00,29.6,71,988.7
2026-06-13T18:00,28.6,82,988.4
2026-06-13T19:00,28.0,83,987.9
2026-06-13T20:00,27.7,81,987.8
2026-06-13T21:00,27.2,83,987.8
2026-06-13T22:00,26.9,83,987.7
2026-06-13T23:00,26.8,81,987.8
2026-06-14T00:00,26.8,80,988.2
2026-06-14T01:00,27.5,80,988.3
2026-06-14T02:00,28.8,76,988.9
2026-06-14T03:00,30.4,70,989.4
2026-06-14T04:00,31.9,61,989.4
2026-06-14T05:00,33.1,57,989.3
2026-06-14T06:00,34.0,52,989.1
2026-06-14T07:00,35.1,46,988.2
2026-06-14T08:00,35.8,41,987.2
2026-06-14T09:00,36.2,39,986.3
2026-06-14T10:00,36.2,38,985.3
2026-06-14T11:00,35.9,40,984.7
2026-06-14T12:00,35.0,48,984.7
2026-06-14T13:00,33.4,59,984.9
2026-06-14T14:00,32.3,62,985.4
2026-06-14T15:00,31.6,66,986.2
2026-06-14T16:00,31.1,67,986.9
2026-06-14T17:00,30.3,69,987.4
2026-06-14T18:00,29.8,70,987.2
2026-06-14T19:00,29.2,70,986.9
2026-06-14T20:00,28.6,69,986.4
2026-06-14T21:00,28.2,70,986.5
2026-06-14T22:00,28.1,71,986.7
2026-06-14T23:00,28.3,68,987.1
2026-06-15T00:00,28.1,63,987.7
2026-06-15T01:00,28.7,63,988.2
2026-06-15T02:00,30.2,60,988.7
2026-06-15T03:00,32.0,55,988.7
2026-06-15T04:00,33.7,50,989.0
2026-06-15T05:00,35.2,45,989.1
2026-06-15T06:00,35.4,43,988.7
2026-06-15T07:00,36.4,40,987.9
2026-06-15T08:00,37.1,38,987.1
2026-06-15T09:00,37.5,36,986.5
2026-06-15T10:00,37.5,35,986.1
2026-06-15T11:00,37.0,36,985.6
2026-06-15T12:00,36.3,36,985.5
2026-06-15T13:00,34.7,45,985.7
2026-06-15T14:00,33.4,48,986.4
2026-06-15T15:00,32.8,47,987.0
2026-06-15T16:00,32.0,48,987.9
2026-06-15T17:00,31.4,49,988.6
2026-06-15T18:00,30.9,51,988.6
2026-06-15T19:00,29.9,56,988.4
2026-06-15T20:00,29.1,61,988.0
2026-06-15T21:00,28.2,66,987.8
2026-06-15T22:00,27.7,69,988.1
2026-06-15T23:00,27.3,72,988.3
2026-06-16T00:00,27.6,71,988.6
2026-06-16T01:00,28.3,70,989.3
2026-06-16T02:00,30.1,64,989.9
2026-06-16T03:00,32.2,58,990.1
2026-06-16T04:00,34.2,51,990.0
2026-06-16T05:00,35.7,46,990.3
2026-06-16T06:00,36.7,42,990.3
2026-06-16T07:00,37.8,36,989.7
2026-06-16T08:00,38.4,34,989.0
2026-06-16T09:00,38.5,32,988.4
2026-06-16T10:00,38.4,29,987.8
2026-06-16T11:00,37.7,31,987.0
2026-06-16T12:00,37.6,34,986.4
2026-06-16T13:00,36.4,36,986.6
2026-06-16T14:00,35.0,41,987.7
2026-06-16T15:00,34.0,48,988.4
2026-06-16T16:00,33.4,54,989.5
2026-06-16T17:00,32.8,56,990.1
2026-06-16T18:00,32.3,55,989.7
2026-06-16T19:00,31.4,57,989.2
2026-06-16T20:00,31.1,58,989.0
2026-06-16T21:00,31.0,62,988.9
2026-06-16T22:00,30.7,61,989.1
2026-06-16T23:00,30.0,62,989.6
2026-06-17T00:00,29.3,66,989.9
2026-06-17T01:00,29.8,64,990.2
2026-06-17T02:00,31.4,58,990.4
2026-06-17T03:00,33.7,50,990.6
2026-06-17T04:00,35.5,43,990.8
2026-06-17T05:00,36.9,38,990.7
2026-06-17T06:00,35.6,40,990.9
2026-06-17T07:00,37.6,32,990.0
2026-06-17T08:00,38.8,30,989.1
2026-06-17T09:00,37.7,33,988.6
2026-06-17T10:00,37.6,35,987.6
2026-06-17T11:00,37.4,36,987.0
2026-06-17T12:00,38.2,31,985.8
2026-06-17T13:00,37.3,34,986.1
2026-06-17T14:00,35.9,40,986.5
2026-06-17T15:00,34.6,46,987.2
2026-06-17T16:00,33.9,47,988.0
2026-06-17T17:00,33.3,48,988.5
2026-06-17T18:00,32.9,52,988.5
2026-06-17T19:00,32.1,55,988.4
2026-06-17T20:00,31.9,56,988.3
2026-06-17T21:00,31.8,54,988.2
2026-06-17T22:00,31.4,53,988.2
2026-06-17T23:00,30.8,55,988.2
2026-06-18T00:00,30.4,66,988.3
2026-06-18T01:00,31.3,61,988.4
2026-06-18T02:00,33.3,51,989.0
2026-06-18T03:00,35.3,43,989.5
2026-06-18T04:00,36.8,37,989.6
2026-06-18T05:00,37.9,35,989.3
2026-06-18T06:00,38.8,34,989.5
2026-06-18T07:00,39.5,32,989.0
2026-06-18T08:00,39.2,33,988.2
2026-06-18T09:00,38.9,34,987.3
2026-06-18T10:00,38.7,35,986.5
2026-06-18T11:00,35.4,45,985.9
2026-06-18T12:00,38.8,25,984.5
2026-06-18T13:00,37.8,27,984.8
2026-06-18T14:00,37.0,31,985.4
2026-06-18T15:00,36.0,34,986.5
2026-06-18T16:00,35.1,37,987.5
2026-06-18T17:00,34.4,39,988.2
2026-06-18T18:00,33.9,43,987.5
2026-06-18T19:00,32.7,49,987.4
2026-06-18T20:00,31.9,53,987.0
2026-06-18T21:00,31.3,56,986.7
2026-06-18T22:00,30.8,58,986.8
2026-06-18T23:00,30.4,60,986.9
2026-06-19T00:00,31.1,57,987.0
2026-06-19T01:00,31.1,59,987.4
2026-06-19T02:00,32.8,55,987.8
2026-06-19T03:00,35.0,49,988.1
2026-06-19T04:00,36.9,43,988.3
2026-06-19T05:00,38.3,38,988.4
2026-06-19T06:00,39.5,35,988.2
2026-06-19T07:00,36.3,40,988.7
2026-06-19T08:00,37.5,37,987.6
2026-06-19T09:00,39.0,33,986.9
2026-06-19T10:00,39.0,32,986.2
2026-06-19T11:00,38.8,32,985.5
2026-06-19T12:00,39.6,30,985.1
2026-06-19T13:00,38.9,30,985.7
2026-06-19T14:00,37.6,36,986.5
2026-06-19T15:00,36.4,39,987.2
2026-06-19T16:00,35.4,40,987.9
2026-06-19T17:00,34.9,40,988.5
2026-06-19T18:00,34.8,39,988.1
2026-06-19T19:00,33.9,42,987.9
2026-06-19T20:00,33.3,44,987.4
2026-06-19T21:00,32.7,46,987.5
2026-06-19T22:00,32.2,48,987.2
2026-06-19T23:00,31.9,49,987.1
2026-06-20T00:00,31.2,57,987.2
2026-06-20T01:00,31.7,55,988.0
2026-06-20T02:00,33.2,51,988.5
2026-06-20T03:00,35.0,47,989.0
2026-06-20T04:00,36.9,43,989.0
2026-06-20T05:00,38.6,36,988.8
2026-06-20T06:00,39.8,32,988.5
2026-06-20T07:00,40.0,33,988.3
2026-06-20T08:00,40.1,32,987.6
2026-06-20T09:00,40.1,30,987.0
2026-06-20T10:00,39.7,30,986.3
2026-06-20T11:00,38.8,32,985.8
2026-06-20T12:00,39.8,27,985.2
2026-06-20T13:00,38.7,29,985.3
2026-06-20T14:00,37.1,36,986.0
2026-06-20T15:00,35.9,39,987.0
2026-06-20T16:00,35.1,41,987.9
2026-06-20T17:00,34.6,40,988.2
2026-06-20T18:00,34.6,41,987.4
2026-06-20T19:00,33.9,42,987.4
2026-06-20T20:00,33.4,44,987.0
2026-06-20T21:00,33.0,45,986.8
2026-06-20T22:00,32.4,48,986.7
2026-06-20T23:00,32.1,50,987.0
2026-06-21T00:00,31.6,57,986.8
2026-06-21T01:00,32.0,57,987.6
2026-06-21T02:00,33.4,52,988.0
2026-06-21T03:00,34.6,47,988.4
2026-06-21T04:00,35.9,44,988.3
2026-06-21T05:00,37.2,40,988.0
2026-06-21T06:00,38.6,35,987.5
2026-06-21T07:00,39.0,32,986.9
2026-06-21T08:00,39.4,31,986.0
2026-06-21T09:00,39.4,31,985.3
2026-06-21T10:00,39.3,30,984.7
2026-06-21T11:00,39.0,31,984.3
2026-06-21T12:00,39.6,29,983.7
2026-06-21T13:00,38.9,30,983.9
2026-06-21T14:00,37.7,34,984.7
2026-06-21T15:00,36.6,39,985.9
2026-06-21T16:00,36.2,37,986.9
2026-06-21T17:00,35.6,36,987.5
2026-06-21T18:00,32.8,49,986.8
2026-06-21T19:00,32.3,56,986.8
2026-06-21T20:00,32.3,57,986.7
2026-06-21T21:00,32.1,56,986.6
2026-06-21T22:00,31.8,53,986.4
2026-06-21T23:00,31.1,54,986.8
2026-06-22T00:00,31.1,58,986.8
2026-06-22T01:00,31.4,55,987.5
2026-06-22T02:00,32.7,51,988.3
2026-06-22T03:00,34.6,46,988.4
2026-06-22T04:00,36.3,41,988.5
2026-06-22T05:00,37.9,35,988.0
2026-06-22T06:00,39.2,30,987.9
2026-06-22T07:00,39.6,29,986.9
2026-06-22T08:00,40.0,28,986.1
2026-06-22T09:00,40.1,26,985.5
2026-06-22T10:00,39.9,25,984.9
2026-06-22T11:00,39.3,26,984.9
2026-06-22T12:00,39.8,26,984.0
2026-06-22T13:00,38.9,26,984.5
2026-06-22T14:00,38.3,27,985.1
2026-06-22T15:00,36.7,35,985.7
2026-06-22T16:00,35.6,39,986.5
2026-06-22T17:00,34.6,39,986.9
2026-06-22T18:00,34.1,39,986.6
2026-06-22T19:00,33.3,41,986.2
2026-06-22T20:00,32.6,43,985.8
2026-06-22T21:00,32.1,45,985.8
2026-06-22T22:00,31.6,48,985.8
2026-06-22T23:00,31.2,50,985.6
2026-06-23T00:00,30.9,53,985.6
2026-06-23T01:00,31.5,53,985.9
2026-06-23T02:00,33.0,49,986.1
2026-06-23T03:00,34.6,44,986.3
2026-06-23T04:00,36.0,41,986.6
2026-06-23T05:00,37.6,34,986.3
2026-06-23T06:00,38.8,31,986.1
2026-06-23T07:00,39.1,28,985.8
2026-06-23T08:00,39.5,27,984.8
2026-06-23T09:00,39.7,26,984.0
2026-06-23T10:00,39.4,27,983.4
2026-06-23T11:00,38.7,27,983.1
2026-06-23T12:00,39.3,24,982.5
2026-06-23T13:00,38.6,25,982.9
2026-06-23T14:00,37.3,29,983.9
2026-06-23T15:00,36.3,34,984.9
2026-06-23T16:00,35.4,36,985.7
2026-06-23T17:00,34.8,39,986.1
2026-06-23T18:00,34.7,39,986.1
2026-06-23T19:00,33.8,41,985.9
2026-06-23T20:00,33.1,42,985.6
2026-06-23T21:00,32.4,43,985.4
2026-06-23T22:00,32.0,45,985.4
2026-06-23T23:00,31.7,47,985.6
2026-06-24T00:00,28.2,71,986.3
2026-06-24T01:00,29.5,62,986.1
2026-06-24T02:00,30.9,56,986.5
2026-06-24T03:00,33.2,46,986.7
2026-06-24T04:00,35.7,37,986.9
2026-06-24T05:00,37.4,33,986.7
2026-06-24T06:00,38.1,31,986.9
2026-06-24T07:00,38.9,29,986.3
2026-06-24T08:00,38.9,29,985.5
2026-06-24T09:00,38.9,30,984.7
2026-06-24T10:00,38.8,30,984.0
2026-06-24T11:00,38.2,32,983.6
2026-06-24T12:00,38.5,27,983.1
2026-06-24T13:00,38.1,28,983.4
2026-06-24T14:00,37.7,29,984.1
2026-06-24T15:00,36.8,32,985.3
2026-06-24T16:00,35.5,35,986.4
2026-06-24T17:00,34.9,40,987.1
2026-06-24T18:00,35.2,39,986.9
2026-06-24T19:00,33.4,44,986.9
2026-06-24T20:00,33.4,43,986.4
2026-06-24T21:00,32.5,45,986.5
2026-06-24T22:00,30.7,55,986.7
2026-06-24T23:00,30.6,55,987.2
2026-06-25T00:00,31.9,51,987.0
2026-06-25T01:00,32.3,50,987.5
2026-06-25T02:00,33.7,46,988.0
2026-06-25T03:00,35.4,42,988.5
2026-06-25T04:00,36.9,37,988.6
2026-06-25T05:00,38.1,34,988.5
2026-06-25T06:00,39.6,31,987.9
2026-06-25T07:00,38.9,31,987.6
2026-06-25T08:00,39.5,31,986.7
2026-06-25T09:00,40.0,30,986.1
2026-06-25T10:00,39.7,31,985.2
2026-06-25T11:00,38.2,34,984.8
2026-06-25T12:00,39.6,28,983.8
2026-06-25T13:00,38.4,29,984.6
2026-06-25T14:00,37.7,30,985.6
2026-06-25T15:00,37.4,32,986.4
2026-06-25T16:00,36.7,35,987.3
2026-06-25T17:00,35.9,38,988.1
2026-06-25T18:00,36.4,40,987.2
2026-06-25T19:00,34.8,42,987.1
2026-06-25T20:00,34.1,47,986.9
2026-06-25T21:00,33.3,48,987.2
2026-06-25T22:00,32.1,53,987.3
2026-06-25T23:00,31.7,52,987.5
2026-06-26T00:00,29.8,74,987.9
2026-06-26T01:00,31.2,68,988.1
2026-06-26T02:00,32.7,62,989.1
2026-06-26T03:00,34.3,56,989.6
2026-06-26T04:00,36.0,50,989.8
2026-06-26T05:00,37.7,44,989.6
2026-06-26T06:00,38.9,38,989.2
2026-06-26T07:00,39.8,35,988.7
2026-06-26T08:00,40.2,35,987.4
2026-06-26T09:00,40.3,34,986.8
2026-06-26T10:00,40.1,34,985.9
2026-06-26T11:00,38.4,37,985.6
2026-06-26T12:00,38.1,35,985.5
2026-06-26T13:00,37.4,36,986.1
2026-06-26T14:00,36.5,40,987.0
2026-06-26T15:00,35.9,42,987.5
2026-06-26T16:00,35.2,44,988.2
2026-06-26T17:00,34.8,46,988.7
2026-06-26T18:00,32.1,68,988.5
2026-06-26T19:00,31.3,73,988.4
2026-06-26T20:00,30.9,71,988.4
2026-06-26T21:00,30.8,72,987.8
2026-06-26T22:00,30.6,74,987.9
2026-06-26T23:00,30.5,73,987.9
2026-06-27T00:00,29.9,80,988.3
2026-06-27T01:00,29.6,80,988.6
2026-06-27T02:00,31.2,68,989.0
2026-06-27T03:00,33.1,58,988.9
2026-06-27T04:00,34.8,53,988.9
2026-06-27T05:00,36.4,48,988.8
2026-06-27T06:00,38.3,43,988.3
2026-06-27T07:00,38.7,41,987.5
2026-06-27T08:00,39.3,40,986.3
2026-06-27T09:00,39.6,39,985.5
2026-06-27T10:00,39.7,37,984.6
2026-06-27T11:00,39.4,36,983.8
2026-06-27T12:00,39.4,37,983.0
2026-06-27T13:00,38.3,38,983.5
2026-06-27T14:00,37.2,44,984.6
2026-06-27T15:00,35.9,52,985.6
2026-06-27T16:00,35.2,55,986.1
2026-06-27T17:00,34.8,56,986.2
2026-06-27T18:00,34.1,59,986.0
2026-06-27T19:00,28.4,87,986.4
2026-06-27T20:00,28.4,92,985.5
2026-06-27T21:00,28.6,89,985.9
2026-06-27T22:00,28.9,90,985.9
2026-06-27T23:00,28.9,90,986.2
2026-06-28T00:00,28.9,86,986.7
2026-06-28T01:00,29.4,81,987.4
2026-06-28T02:00,30.6,75,987.6
2026-06-28T03:00,32.4,67,987.8
2026-06-28T04:00,34.4,58,987.8
2026-06-28T05:00,36.0,51,987.7
2026-06-28T06:00,37.6,44,987.0
2026-06-28T07:00,38.9,40,986.0
2026-06-28T08:00,39.8,36,984.8
2026-06-28T09:00,39.9,35,983.7
2026-06-28T10:00,39.4,36,982.7
2026-06-28T11:00,39.1,35,982.0
2026-06-28T12:00,38.3,37,982.2
2026-06-28T13:00,37.9,38,982.9
2026-06-28T14:00,37.5,42,983.8
2026-06-28T15:00,36.6,43,984.4
2026-06-28T16:00,35.3,50,984.6
2026-06-28T17:00,34.7,52,984.6
2026-06-28T18:00,29.1,92,985.3
2026-06-28T19:00,29.5,85,984.9
2026-06-28T20:00,29.6,85,984.0
2026-06-28T21:00,29.8,83,984.1
2026-06-28T22:00,29.7,83,984.1
2026-06-28T23:00,29.5,85,984.1
2026-06-29T00:00,29.7,79,984.4
2026-06-29T01:00,29.2,78,985.0
2026-06-29T02:00,29.6,76,985.2
2026-06-29T03:00,31.4,67,985.5
2026-06-29T04:00,33.5,59,985.6
2026-06-29T05:00,35.4,52,985.7
2026-06-29T06:00,36.2,53,985.8
2026-06-29T07:00,36.6,52,985.0
2026-06-29T08:00,35.8,55,984.1
2026-06-29T09:00,35.9,55,983.4
2026-06-29T10:00,32.2,73,983.4
2026-06-29T11:00,32.7,71,982.4
2026-06-29T12:00,35.1,58,981.6
2026-06-29T13:00,34.6,61,982.0
2026-06-29T14:00,30.2,88,983.4
2026-06-29T15:00,28.8,88,984.4
2026-06-29T16:00,29.1,83,985.4
2026-06-29T17:00,29.2,81,985.7
2026-06-29T18:00,31.4,73,984.4
2026-06-29T19:00,30.8,74,984.0
2026-06-29T20:00,30.4,76,983.4
2026-06-29T21:00,30.2,75,983.4
2026-06-29T22:00,30.2,74,983.4
2026-06-29T23:00,30.0,73,984.1
2026-06-30T00:00,29.0,82,984.3
2026-06-30T01:00,28.6,81,985.0
2026-06-30T02:00,28.9,79,986.1
2026-06-30T03:00,30.0,74,986.7
2026-06-30T04:00,31.5,68,986.6
2026-06-30T05:00,32.5,64,986.7
2026-06-30T06:00,30.5,70,988.0
2026-06-30T07:00,31.2,65,987.3
2026-06-30T08:00,31.4,61,986.0
2026-06-30T09:00,32.1,59,985.9
2026-06-30T10:00,32.1,59,985.1
2026-06-30T11:00,32.4,58,983.9
2026-06-30T12:00,30.6,69,984.2
2026-06-30T13:00,30.4,70,984.4
2026-06-30T14:00,29.8,74,984.9
2026-06-30T15:00,29.4,78,985.5
2026-06-30T16:00,29.1,80,986.1
2026-06-30T17:00,28.9,81,986.4
2026-06-30T18:00,29.5,80,986.5
2026-06-30T19:00,29.0,83,986.4
2026-06-30T20:00,28.9,85,985.9
2026-06-30T21:00,28.7,86,985.6
2026-06-30T22:00,28.0,92,985.6
2026-06-30T23:00,27.8,91,985.6
2026-07-01T00:00,26.5,98,985.6
2026-07-01T01:00,26.9,95,985.7
2026-07-01T02:00,27.7,90,986.4
2026-07-01T03:00,28.2,87,987.5
2026-07-01T04:00,27.8,89,987.4
2026-07-01T05:00,29.7,82,987.6
2026-07-01T06:00,31.1,75,987.1
2026-07-01T07:00,32.2,69,986.3
2026-07-01T08:00,31.7,70,985.4
2026-07-01T09:00,29.7,82,984.9
2026-07-01T10:00,30.4,77,984.3
2026-07-01T11:00,30.4,77,984.1
2026-07-01T12:00,30.2,76,983.6
2026-07-01T13:00,29.6,80,983.8
2026-07-01T14:00,29.2,83,984.6
2026-07-01T15:00,29.1,86,985.4
2026-07-01T16:00,29.1,86,986.1
2026-07-01T17:00,29.2,84,986.7
2026-07-01T18:00,29.3,86,986.8
2026-07-01T19:00,29.1,86,986.8
2026-07-01T20:00,28.9,87,986.4
2026-07-01T21:00,28.0,91,986.1
2026-07-01T22:00,26.8,95,986.2
2026-07-01T23:00,26.6,96,986.3
2026-07-02T00:00,27.7,97,985.3
2026-07-02T01:00,27.6,92,985.9
2026-07-02T02:00,28.3,88,986.5
2026-07-02T03:00,29.8,80,987.3
2026-07-02T04:00,30.7,78,987.5
2026-07-02T05:00,31.6,74,987.8
2026-07-02T06:00,31.3,75,987.5
2026-07-02T07:00,30.8,76,986.3
2026-07-02T08:00,32.2,70,985.6
2026-07-02T09:00,33.1,68,984.9
2026-07-02T10:00,33.1,67,984.6
2026-07-02T11:00,33.0,67,983.8
2026-07-02T12:00,33.0,63,983.7
2026-07-02T13:00,32.0,70,984.1
2026-07-02T14:00,31.0,75,984.8
2026-07-02T15:00,30.4,78,985.2
2026-07-02T16:00,30.0,79,986.4
2026-07-02T17:00,29.6,82,987.1
2026-07-02T18:00,29.7,82,987.1
2026-07-02T19:00,29.2,86,986.7
2026-07-02T20:00,28.0,92,986.3
2026-07-02T21:00,26.7,97,986.5
2026-07-02T22:00,26.8,98,986.5
2026-07-02T23:00,26.8,97,986.7
2026-07-03T00:00,27.0,97,986.2
2026-07-03T01:00,27.5,96,986.7
2026-07-03T02:00,28.6,90,986.6
2026-07-03T03:00,30.4,79,986.6
2026-07-03T04:00,31.9,72,986.8
2026-07-03T05:00,33.0,66,986.8
2026-07-03T06:00,34.1,61,986.4
2026-07-03T07:00,34.7,58,985.7
2026-07-03T08:00,35.0,56,984.8
2026-07-03T09:00,35.1,55,983.9
2026-07-03T10:00,35.0,55,983.4
2026-07-03T11:00,34.7,57,982.8
2026-07-03T12:00,34.1,63,982.9
2026-07-03T13:00,32.5,72,983.5
2026-07-03T14:00,31.8,74,984.2
2026-07-03T15:00,31.5,74,984.9
2026-07-03T16:00,31.1,76,985.6
2026-07-03T17:00,30.7,77,985.6
2026-07-03T18:00,30.8,75,984.8
2026-07-03T19:00,30.3,77,984.6
2026-07-03T20:00,29.9,79,984.9
2026-07-03T21:00,29.2,83,984.6
2026-07-03T22:00,27.7,91,984.6
2026-07-03T23:00,27.6,90,984.9
2026-07-04T00:00,27.5,91,984.9
2026-07-04T01:00,28.4,89,985.1
2026-07-04T02:00,30.0,82,985.2
2026-07-04T03:00,31.8,74,985.1
2026-07-04T04:00,32.8,69,984.5
2026-07-04T05:00,33.8,63,984.1
2026-07-04T06:00,34.8,58,984.4
2026-07-04T07:00,34.9,58,983.7
2026-07-04T08:00,35.4,56,982.7
2026-07-04T09:00,35.6,55,981.5
2026-07-04T10:00,35.8,54,981.3
2026-07-04T11:00,35.5,55,981.1
2026-07-04T12:00,35.4,59,980.6
2026-07-04T13:00,34.0,70,981.1
2026-07-04T14:00,32.7,75,981.8
2026-07-04T15:00,32.2,74,982.5
2026-07-04T16:00,31.8,76,983.1
2026-07-04T17:00,31.3,82,983.4
2026-07-04T18:00,31.3,79,982.7
2026-07-04T19:00,30.8,80,983.0
2026-07-04T20:00,30.4,82,982.8
2026-07-04T21:00,30.2,83,982.8
2026-07-04T22:00,30.0,83,982.5
2026-07-04T23:00,29.6,84,983.1
2026-07-05T00:00,27.7,94,983.7
2026-07-05T01:00,28.7,93,983.8
2026-07-05T02:00,30.3,87,984.1
2026-07-05T03:00,32.0,76,984.0
2026-07-05T04:00,33.1,70,984.3
2026-07-05T05:00,34.4,60,984.1
2026-07-05T06:00,33.9,64,984.1
2026-07-05T07:00,34.9,59,982.9
2026-07-05T08:00,35.9,55,982.1
2026-07-05T09:00,36.1,54,981.8
2026-07-05T10:00,33.9,67,981.6
2026-07-05T11:00,34.3,63,981.4
2026-07-05T12:00,34.5,62,980.7
2026-07-05T13:00,32.8,74,981.9
2026-07-05T14:00,31.9,76,983.1
2026-07-05T15:00,31.5,77,983.8
2026-07-05T16:00,30.9,81,984.7
2026-07-05T17:00,30.4,84,984.8
2026-07-05T18:00,30.4,81,984.3
2026-07-05T19:00,29.8,85,984.1
2026-07-05T20:00,29.6,87,983.7
2026-07-05T21:00,29.6,86,983.2
2026-07-05T22:00,29.4,85,983.2
2026-07-05T23:00,28.9,86,983.2
2026-07-06T00:00,29.5,87,983.7
2026-07-06T01:00,30.1,86,984.1
2026-07-06T02:00,31.3,80,984.5
2026-07-06T03:00,32.2,70,984.6
2026-07-06T04:00,33.3,62,984.8
2026-07-06T05:00,33.5,61,984.8
2026-07-06T06:00,34.4,55,984.6
2026-07-06T07:00,33.8,57,984.3
2026-07-06T08:00,33.8,60,983.4
2026-07-06T09:00,34.4,59,982.7
2026-07-06T10:00,34.4,58,982.3
2026-07-06T11:00,34.3,55,981.8
2026-07-06T12:00,33.7,64,981.6
2026-07-06T13:00,33.0,68,982.1
2026-07-06T14:00,32.2,72,982.7
2026-07-06T15:00,31.6,72,983.4
2026-07-06T16:00,31.1,73,984.1
2026-07-06T17:00,30.8,75,984.4
2026-07-06T18:00,30.3,78,983.9
2026-07-06T19:00,29.9,80,983.3
2026-07-06T20:00,29.6,82,983.1
2026-07-06T21:00,29.6,83,983.0
2026-07-06T22:00,29.1,87,982.7
2026-07-06T23:00,28.9,88,983.0
2026-07-07T00:00,28.9,87,982.7
2026-07-07T01:00,29.5,79,983.1
2026-07-07T02:00,30.2,75,983.8
2026-07-07T03:00,30.9,72,984.3
2026-07-07T04:00,31.2,69,984.3
2026-07-07T05:00,31.4,67,984.1
2026-07-07T06:00,32.9,62,983.5
2026-07-07T07:00,31.8,69,982.2
2026-07-07T08:00,33.7,61,981.4
2026-07-07T09:00,29.3,84,981.9
2026-07-07T10:00,29.4,83,980.9
2026-07-07T11:00,30.6,77,980.5
2026-07-07T12:00,30.3,75,980.0
2026-07-07T13:00,30.1,75,980.1
2026-07-07T14:00,28.2,86,981.4
2026-07-07T15:00,27.0,93,982.5
2026-07-07T16:00,26.9,95,983.7
2026-07-07T17:00,26.5,96,984.0
2026-07-07T18:00,27.0,95,983.2
2026-07-07T19:00,27.1,95,982.5
2026-07-07T20:00,27.3,94,982.1
2026-07-07T21:00,27.3,93,982.1
2026-07-07T22:00,26.7,93,982.5
2026-07-07T23:00,26.7,94,982.7
2026-07-08T00:00,27.2,92,981.7
2026-07-08T01:00,27.8,87,982.3
2026-07-08T02:00,28.9,84,982.3
2026-07-08T03:00,29.9,79,982.9
2026-07-08T04:00,31.4,70,983.0
2026-07-08T05:00,29.8,79,982.4
2026-07-08T06:00,30.6,74,983.0
2026-07-08T07:00,30.6,78,982.5
2026-07-08T08:00,31.9,71,981.8
2026-07-08T09:00,28.9,86,981.7
2026-07-08T10:00,29.0,91,980.9
2026-07-08T11:00,31.1,74,980.6
2026-07-08T12:00,29.6,82,980.8
2026-07-08T13:00,28.7,88,981.9
2026-07-08T14:00,27.2,95,982.1
2026-07-08T15:00,27.5,95,982.6
2026-07-08T16:00,27.0,96,983.9
2026-07-08T17:00,26.7,97,984.2
2026-07-08T18:00,27.5,95,983.3
2026-07-08T19:00,27.3,95,982.6
2026-07-08T20:00,27.2,95,982.4
2026-07-08T21:00,27.0,95,982.6
2026-07-08T22:00,26.6,96,982.6
2026-07-08T23:00,26.1,98,983.6
2026-07-09T00:00,27.0,92,983.3
2026-07-09T01:00,27.4,93,983.4
2026-07-09T02:00,27.4,92,984.1
2026-07-09T03:00,28.0,89,984.5
2026-07-09T04:00,28.0,90,984.6
2026-07-09T05:00,28.6,87,984.8
2026-07-09T06:00,30.5,77,984.8
2026-07-09T07:00,27.8,92,984.7
2026-07-09T08:00,29.1,88,984.0
2026-07-09T09:00,30.6,80,983.8
2026-07-09T10:00,30.5,80,983.4
2026-07-09T11:00,31.2,72,982.7
2026-07-09T12:00,28.7,85,983.7
2026-07-09T13:00,28.2,92,984.4
2026-07-09T14:00,27.8,95,984.9
2026-07-09T15:00,27.7,95,985.6
2026-07-09T16:00,27.4,97,986.3
2026-07-09T17:00,27.2,97,986.3
2026-07-09T18:00,27.6,96,985.6
2026-07-09T19:00,27.2,97,985.4
2026-07-09T20:00,27.0,96,985.0
2026-07-09T21:00,26.7,95,984.6
2026-07-09T22:00,26.6,94,984.6
2026-07-09T23:00,26.7,94,984.9
2026-07-10T00:00,26.4,96,985.2
2026-07-10T01:00,26.4,95,985.3
2026-07-10T02:00,26.5,94,986.0
2026-07-10T03:00,26.5,96,985.9
2026-07-10T04:00,27.5,93,986.6
2026-07-10T05:00,29.7,82,986.2
2026-07-10T06:00,28.1,84,986.3
2026-07-10T07:00,29.9,82,985.7
2026-07-10T08:00,30.0,78,984.9
2026-07-10T09:00,30.5,79,984.5
2026-07-10T10:00,30.7,78,984.0
2026-07-10T11:00,30.1,82,983.3
2026-07-10T12:00,31.5,68,983.3
2026-07-10T13:00,30.4,73,983.6
2026-07-10T14:00,28.4,83,984.5
2026-07-10T15:00,26.1,97,985.1
2026-07-10T16:00,26.4,96,985.8
2026-07-10T17:00,26.7,95,985.8
2026-07-10T18:00,27.5,93,984.8
2026-07-10T19:00,25.8,96,984.7
2026-07-10T20:00,26.1,95,983.9
2026-07-10T21:00,26.2,95,983.4
2026-07-10T22:00,26.6,93,983.3
2026-07-10T23:00,26.5,91,983.3
2026-07-11T00:00,26.9,89,983.0
2026-07-11T01:00,27.0,84,983.4
2026-07-11T02:00,28.3,81,983.9
2026-07-11T03:00,30.4,73,984.3
2026-07-11T04:00,31.8,67,984.4
2026-07-11T05:00,32.8,63,984.4
2026-07-11T06:00,33.1,62,985.0
2026-07-11T07:00,33.0,61,984.1
2026-07-11T08:00,31.7,69,983.5
2026-07-11T09:00,33.6,65,982.4
2026-07-11T10:00,34.0,60,981.7
2026-07-11T11:00,28.7,88,982.0
2026-07-11T12:00,31.3,76,981.4
2026-07-11T13:00,30.8,79,981.7
2026-07-11T14:00,30.3,81,982.5
2026-07-11T15:00,30.3,78,983.1
2026-07-11T16:00,29.6,80,983.6
2026-07-11T17:00,26.3,95,984.4
2026-07-11T18:00,27.9,90,983.1
2026-07-11T19:00,28.1,88,982.9
2026-07-11T20:00,28.2,89,981.8
2026-07-11T21:00,28.2,88,981.5
2026-07-11T22:00,28.0,90,981.5
2026-07-11T23:00,27.0,95,981.6
2026-07-12T00:00,27.4,79,981.7
2026-07-12T01:00,27.7,78,982.2
2026-07-12T02:00,28.7,76,982.4
2026-07-12T03:00,30.6,71,982.5
2026-07-12T04:00,32.4,65,982.7
2026-07-12T05:00,33.6,62,982.8
2026-07-12T06:00,33.1,64,983.1
2026-07-12T07:00,34.4,60,982.9
2026-07-12T08:00,34.5,60,981.8
2026-07-12T09:00,35.2,57,981.2
2026-07-12T10:00,34.8,57,980.8
2026-07-12T11:00,34.3,59,980.5
2026-07-12T12:00,34.2,60,980.4
2026-07-12T13:00,32.8,67,980.7
2026-07-12T14:00,31.6,70,981.5
2026-07-12T15:00,31.1,69,982.1
2026-07-12T16:00,31.2,66,982.7
2026-07-12T17:00,30.9,66,983.0
2026-07-12T18:00,30.5,69,982.6
2026-07-12T19:00,30.2,69,982.2
2026-07-12T20:00,29.6,71,981.7
2026-07-12T21:00,29.1,73,981.7
2026-07-12T22:00,29.0,74,981.7
2026-07-12T23:00,28.9,74,981.8
2026-07-13T00:00,29.0,72,982.1
2026-07-13T01:00,29.3,73,982.5
2026-07-13T02:00,30.6,72,983.1
2026-07-13T03:00,31.9,69,983.5
2026-07-13T04:00,33.2,66,983.8
2026-07-13T05:00,34.2,63,983.9
2026-07-13T06:00,34.8,58,984.2
2026-07-13T07:00,35.4,56,983.8
2026-07-13T08:00,35.7,55,983.0
2026-07-13T09:00,35.7,55,982.5
2026-07-13T10:00,35.5,56,982.2
2026-07-13T11:00,34.9,60,982.0
2026-07-13T12:00,34.4,61,982.0
2026-07-13T13:00,33.1,68,982.4
2026-07-13T14:00,32.4,67,983.2
2026-07-13T15:00,31.8,68,984.2
2026-07-13T16:00,31.3,70,984.8
2026-07-13T17:00,30.9,68,985.1
2026-07-13T18:00,31.1,64,984.2
2026-07-13T19:00,30.3,67,984.2
2026-07-13T20:00,30.0,70,983.8
2026-07-13T21:00,29.7,72,983.7
2026-07-13T22:00,29.4,75,983.7
2026-07-13T23:00,28.6,80,984.1
2026-07-14T00:00,29.1,74,984.0
2026-07-14T01:00,29.6,75,984.7
2026-07-14T02:00,30.7,72,985.2
2026-07-14T03:00,32.0,67,985.7
2026-07-14T04:00,33.0,64,986.1
2026-07-14T05:00,34.1,60,986.2
2026-07-14T06:00,33.0,64,986.3
2026-07-14T07:00,34.6,62,986.0
2026-07-14T08:00,35.6,53,985.1
2026-07-14T09:00,36.0,48,984.7
2026-07-14T10:00,35.5,50,984.0
2026-07-14T11:00,34.9,56,983.8
2026-07-14T12:00,28.8,82,984.5
2026-07-14T13:00,29.4,78,984.1
2026-07-14T14:00,29.6,78,985.1
2026-07-14T15:00,29.6,80,986.1
2026-07-14T16:00,29.6,79,986.7
2026-07-14T17:00,29.6,79,986.8
2026-07-14T18:00,29.9,79,986.4
2026-07-14T19:00,30.0,79,986.3
2026-07-14T20:00,29.9,76,985.8
2026-07-14T21:00,29.4,71,985.4
2026-07-14T22:00,28.9,71,985.4
2026-07-14T23:00,28.4,75,985.4
2026-07-15T00:00,29.1,75,985.6
2026-07-15T01:00,29.3,77,986.5
2026-07-15T02:00,30.3,76,986.9
2026-07-15T03:00,30.7,76,987.4
2026-07-15T04:00,31.5,73,988.0
2026-07-15T05:00,32.4,69,988.0
2026-07-15T06:00,33.2,68,988.0
2026-07-15T07:00,32.0,72,987.8
2026-07-15T08:00,32.8,69,987.1
2026-07-15T09:00,32.6,70,986.4
2026-07-15T10:00,32.9,70,985.7
2026-07-15T11:00,33.1,65,985.3
2026-07-15T12:00,33.1,69,985.5
2026-07-15T13:00,32.1,76,985.8
2026-07-15T14:00,31.2,78,986.2
2026-07-15T15:00,30.8,81,986.7
2026-07-15T16:00,30.8,82,987.8
2026-07-15T17:00,30.2,85,988.4
2026-07-15T18:00,30.1,85,988.0
2026-07-15T19:00,29.9,85,987.7
2026-07-15T20:00,29.8,83,987.1
2026-07-15T21:00,29.5,82,986.9
2026-07-15T22:00,29.2,78,986.6
2026-07-15T23:00,28.7,76,986.8
2026-07-16T00:00,28.1,86,986.7
2026-07-16T01:00,28.3,86,987.3
2026-07-16T02:00,27.0,92,988.4
2026-07-16T03:00,27.0,93,988.3
2026-07-16T04:00,28.6,87,988.7
2026-07-16T05:00,30.8,78,988.6
2026-07-16T06:00,31.7,74,988.4
2026-07-16T07:00,32.1,75,987.9
2026-07-16T08:00,33.1,71,986.7
2026-07-16T09:00,33.3,69,986.1
2026-07-16T10:00,33.6,68,986.0
2026-07-16T11:00,32.1,75,985.6
2026-07-16T12:00,32.8,69,985.3
2026-07-16T13:00,32.1,76,985.7
2026-07-16T14:00,31.1,83,986.6
2026-07-16T15:00,30.7,85,987.0
2026-07-16T16:00,30.3,86,987.5
2026-07-16T17:00,29.9,86,987.7
2026-07-16T18:00,28.8,88,987.6
2026-07-16T19:00,28.6,89,987.6
2026-07-16T20:00,28.5,90,986.8
2026-07-16T21:00,28.2,91,986.5
2026-07-16T22:00,28.1,92,986.5
2026-07-16T23:00,28.1,92,987.1
2026-07-17T00:00,28.1,91,986.5
2026-07-17T01:00,27.7,91,987.8
2026-07-17T02:00,27.4,95,987.6
2026-07-17T03:00,29.1,87,987.8
2026-07-17T04:00,30.8,78,987.9
2026-07-17T05:00,32.1,72,988.1
2026-07-17T06:00,33.4,67,987.7
2026-07-17T07:00,32.7,71,987.3
2026-07-17T08:00,33.5,67,986.6
2026-07-17T09:00,34.0,65,985.8
2026-07-17T10:00,33.8,66,985.0
2026-07-17T11:00,30.0,86,985.3
2026-07-17T12:00,32.5,69,985.2
2026-07-17T13:00,31.5,76,985.8
2026-07-17T14:00,30.6,81,986.5
2026-07-17T15:00,29.7,84,987.4
2026-07-17T16:00,29.0,86,987.8
2026-07-17T17:00,28.6,88,987.8
2026-07-17T18:00,28.9,88,987.1
2026-07-17T19:00,28.6,89,987.0
2026-07-17T20:00,28.4,90,986.6
2026-07-17T21:00,28.2,90,986.3
2026-07-17T22:00,28.0,92,986.1
2026-07-17T23:00,27.9,92,986.1
2026-07-18T00:00,28.1,93,985.9
2026-07-18T01:00,28.8,91,986.5
2026-07-18T02:00,29.8,87,986.7
2026-07-18T03:00,31.4,79,987.1
2026-07-18T04:00,32.6,74,987.2
2026-07-18T05:00,32.5,72,987.1
2026-07-18T06:00,32.4,68,987.5
2026-07-18T07:00,31.9,69,987.0
2026-07-18T08:00,31.2,74,986.4
2026-07-18T09:00,30.9,77,986.2
2026-07-18T10:00,31.1,77,985.4
2026-07-18T11:00,31.4,76,984.8
2026-07-18T12:00,30.7,71,985.8
2026-07-18T13:00,30.1,78,986.0
2026-07-18T14:00,29.2,83,987.2
2026-07-18T15:00,28.8,85,987.3
2026-07-18T16:00,28.5,88,988.0
2026-07-18T17:00,28.2,90,988.5
2026-07-18T18:00,28.9,88,988.4
2026-07-18T19:00,27.7,88,988.0
2026-07-18T20:00,26.8,89,987.5
2026-07-18T21:00,26.1,93,987.6
2026-07-18T22:00,25.7,93,987.4
2026-07-18T23:00,25.8,95,987.5
2026-07-19T00:00,27.7,94,986.8
2026-07-19T01:00,27.8,95,987.1
2026-07-19T02:00,27.9,94,988.0
2026-07-19T03:00,28.2,92,988.4
2026-07-19T04:00,28.9,88,988.8
2026-07-19T05:00,30.1,81,988.9
2026-07-19T06:00,29.1,77,989.4
2026-07-19T07:00,28.8,83,988.8
2026-07-19T08:00,29.6,80,987.9
2026-07-19T09:00,30.5,76,987.3
2026-07-19T10:00,30.2,78,986.6
2026-07-19T11:00,30.1,78,986.2
2026-07-19T12:00,28.6,89,986.4
2026-07-19T13:00,28.2,92,987.0
2026-07-19T14:00,27.9,94,987.9
2026-07-19T15:00,27.9,94,988.2
2026-07-19T16:00,27.7,94,989.2
2026-07-19T17:00,27.2,95,989.3
2026-07-19T18:00,27.6,98,988.8
2026-07-19T19:00,27.0,97,988.4
2026-07-19T20:00,26.9,95,987.5
2026-07-19T21:00,26.6,97,987.4
2026-07-19T22:00,26.4,98,987.6
2026-07-19T23:00,26.2,95,987.4
2026-07-20T00:00,26.0,97,987.7
2026-07-20T01:00,26.3,96,988.0
2026-07-20T02:00,27.2,90,988.4
2026-07-20T03:00,27.9,85,989.2
2026-07-20T04:00,28.5,81,989.0
2026-07-20T05:00,29.9,73,989.3
2026-07-20T06:00,27.2,91,989.4
2026-07-20T07:00,27.1,91,988.8
2026-07-20T08:00,27.3,90,987.9
2026-07-20T09:00,27.4,89,987.8
2026-07-20T10:00,27.7,87,987.2
2026-07-20T11:00,27.8,86,986.9
2026-07-20T12:00,28.0,82,987.0
2026-07-20T13:00,27.6,83,987.3
2026-07-20T14:00,27.2,87,988.0
2026-07-20T15:00,26.9,90,988.8
2026-07-20T16:00,27.0,90,989.3
2026-07-20T17:00,26.9,91,989.6
2026-07-20T18:00,27.1,90,989.0
2026-07-20T19:00,26.8,92,988.6
2026-07-20T20:00,26.3,94,988.3
2026-07-20T21:00,26.2,95,987.9
2026-07-20T22:00,25.8,95,988.0
2026-07-20T23:00,25.7,95,988.3
2026-07-21T00:00,25.6,97,987.5
2026-07-21T01:00,26.2,95,987.9
2026-07-21T02:00,27.2,92,988.4
2026-07-21T03:00,26.4,93,988.8
2026-07-21T04:00,27.5,91,988.7
2026-07-21T05:00,29.1,81,988.4
2026-07-21T06:00,29.0,79,988.5
2026-07-21T07:00,29.2,82,987.7
2026-07-21T08:00,30.9,74,986.7
2026-07-21T09:00,29.0,81,986.5
2026-07-21T10:00,28.9,82,986.1
2026-07-21T11:00,29.3,81,985.9
2026-07-21T12:00,27.5,89,986.0
2026-07-21T13:00,27.2,93,986.7
2026-07-21T14:00,27.2,92,987.4
2026-07-21T15:00,27.3,90,987.8
2026-07-21T16:00,27.4,90,988.4
2026-07-21T17:00,27.4,91,988.5
2026-07-21T18:00,27.4,92,988.3
2026-07-21T19:00,27.0,92,987.8
2026-07-21T20:00,26.7,93,987.2
2026-07-21T21:00,26.6,93,987.0
2026-07-21T22:00,26.6,92,987.2
2026-07-21T23:00,26.2,91,987.1
2026-07-22T00:00,26.2,92,986.8
2026-07-22T01:00,26.8,90,987.1
2026-07-22T02:00,27.9,84,987.4
2026-07-22T03:00,28.8,80,987.5
2026-07-22T04:00,30.0,74,987.5
2026-07-22T05:00,31.2,67,987.4
2026-07-22T06:00,31.6,67,987.8
2026-07-22T07:00,31.8,65,986.8
2026-07-22T08:00,32.3,62,985.6
2026-07-22T09:00,32.3,62,985.0
2026-07-22T10:00,31.8,65,984.3
2026-07-22T11:00,31.4,67,983.8
2026-07-22T12:00,31.5,66,984.0
2026-07-22T13:00,30.4,70,984.6
2026-07-22T14:00,29.7,72,985.4
2026-07-22T15:00,28.8,78,986.2
2026-07-22T16:00,28.2,82,987.2
2026-07-22T17:00,27.9,84,987.3
2026-07-22T18:00,27.6,84,986.7
2026-07-22T19:00,27.4,85,986.2
2026-07-22T20:00,27.3,84,985.6
2026-07-22T21:00,27.1,85,985.4
2026-07-22T22:00,27.0,86,985.1
2026-07-22T23:00,26.7,88,984.9
2026-07-23T00:00,25.7,98,984.8
2026-07-23T01:00,25.9,96,985.3
2026-07-23T02:00,26.9,92,985.4
2026-07-23T03:00,28.7,80,985.7
2026-07-23T04:00,29.9,74,985.7
2026-07-23T05:00,31.0,70,985.6
2026-07-23T06:00,31.4,69,986.4
2026-07-23T07:00,31.2,70,985.5
2026-07-23T08:00,31.9,67,984.3
2026-07-23T09:00,30.6,74,984.2
2026-07-23T10:00,31.6,70,983.4
2026-07-23T11:00,29.4,81,983.4
2026-07-23T12:00,29.4,77,984.0
2026-07-23T13:00,28.3,84,984.6
2026-07-23T14:00,28.0,85,985.1
2026-07-23T15:00,27.1,91,986.1
2026-07-23T16:00,26.7,95,986.7
2026-07-23T17:00,26.4,96,986.9
2026-07-23T18:00,26.9,95,986.9
2026-07-23T19:00,26.2,96,986.5
2026-07-23T20:00,26.1,96,986.1
2026-07-23T21:00,25.8,95,985.6
2026-07-23T22:00,25.5,97,985.7
2026-07-23T23:00,25.6,98,985.8
2026-07-24T00:00,25.7,98,986.0
2026-07-24T01:00,25.9,97,986.4
2026-07-24T02:00,26.4,95,986.8
2026-07-24T03:00,27.4,89,986.8
2026-07-24T04:00,28.5,85,986.8
2026-07-24T05:00,30.3,79,986.8
2026-07-24T06:00,31.1,72,987.2
2026-07-24T07:00,31.8,69,986.8
2026-07-24T08:00,29.3,80,986.2
2026-07-24T09:00,30.8,75,985.0
2026-07-24T10:00,31.9,70,984.2
2026-07-24T11:00,31.7,71,983.7
2026-07-24T12:00,31.8,66,984.2
2026-07-24T13:00,30.4,75,985.0
2026-07-24T14:00,29.0,82,985.9
2026-07-24T15:00,28.6,86,986.5
2026-07-24T16:00,28.4,87,987.3
2026-07-24T17:00,28.0,88,988.0
2026-07-24T18:00,28.2,88,987.8
2026-07-24T19:00,27.9,89,987.4
2026-07-24T20:00,27.7,90,987.3
2026-07-24T21:00,27.6,92,987.4
2026-07-24T22:00,27.5,92,987.0
2026-07-24T23:00,27.1,94,987.2
2026-07-25T00:00,26.6,95,987.5
2026-07-25T01:00,26.3,97,988.3
2026-07-25T02:00,27.4,93,988.6
2026-07-25T03:00,28.9,85,988.7
2026-07-25T04:00,30.4,80,988.8
2026-07-25T05:00,31.2,77,988.5
2026-07-25T06:00,30.8,79,988.5
2026-07-25T07:00,32.0,73,988.2
2026-07-25T08:00,30.6,80,987.5
2026-07-25T09:00,31.5,68,987.0
2026-07-25T10:00,31.1,75,986.2
2026-07-25T11:00,31.6,73,985.3
2026-07-25T12:00,31.6,74,986.1
2026-07-25T13:00,30.3,81,986.0
2026-07-25T14:00,29.4,85,986.9
2026-07-25T15:00,29.0,88,987.3
2026-07-25T16:00,28.7,91,988.0
2026-07-25T17:00,28.4,92,988.4
2026-07-25T18:00,29.0,89,988.3
2026-07-25T19:00,28.5,90,987.9
2026-07-25T20:00,28.2,90,987.5
2026-07-25T21:00,28.0,90,987.1
2026-07-25T22:00,27.7,92,986.7
2026-07-25T23:00,27.6,93,986.8
2026-07-26T00:00,28.2,96,986.6
2026-07-26T01:00,28.7,94,987.0
2026-07-26T02:00,30.0,87,987.2
2026-07-26T03:00,31.2,77,987.1
2026-07-26T04:00,32.3,71,987.3
2026-07-26T05:00,33.2,65,987.3
2026-07-26T06:00,33.3,64,987.7
2026-07-26T07:00,33.9,62,987.2
2026-07-26T08:00,34.2,60,986.3
2026-07-26T09:00,34.2,63,985.6
2026-07-26T10:00,34.0,65,984.8
2026-07-26T11:00,33.5,67,983.9
2026-07-26T12:00,33.5,65,984.1
2026-07-26T13:00,32.4,75,984.3
2026-07-26T14:00,31.4,82,984.9
2026-07-26T15:00,30.7,85,985.7
2026-07-26T16:00,30.1,88,986.1
2026-07-26T17:00,29.7,89,986.1
2026-07-26T18:00,29.9,89,985.1
2026-07-26T19:00,29.4,90,985.3
2026-07-26T20:00,29.3,90,984.9
2026-07-26T21:00,29.0,91,984.5
2026-07-26T22:00,28.9,92,984.6
2026-07-26T23:00,28.7,92,984.5
2026-07-27T00:00,26.7,97,984.5
2026-07-27T01:00,27.1,97,985.4
2026-07-27T02:00,27.4,94,986.0
2026-07-27T03:00,28.7,90,985.7
2026-07-27T04:00,30.5,81,985.6
2026-07-27T05:00,31.7,77,985.6
2026-07-27T06:00,31.5,76,985.7
2026-07-27T07:00,31.8,76,985.6
2026-07-27T08:00,31.2,78,984.5
2026-07-27T09:00,31.6,76,983.5
2026-07-27T10:00,32.2,73,982.9
2026-07-27T11:00,32.3,72,982.6
2026-07-27T12:00,30.9,79,983.0
2026-07-27T13:00,30.5,84,983.5
2026-07-27T14:00,29.6,89,984.3
2026-07-27T15:00,29.4,91,984.8
2026-07-27T16:00,29.4,91,985.6
2026-07-27T17:00,28.8,93,985.8
2026-07-27T18:00,28.3,94,985.3
2026-07-27T19:00,28.1,95,985.4
2026-07-27T20:00,27.8,96,985.2
2026-07-27T21:00,27.7,97,984.6
2026-07-27T22:00,27.5,98,984.4
2026-07-27T23:00,27.3,99,984.2
2026-07-28T00:00,28.0,95,983.8
2026-07-28T01:00,28.2,94,984.6
2026-07-28T02:00,29.2,88,985.0
2026-07-28T03:00,30.4,82,985.3
2026-07-28T04:00,31.6,74,985.6
2026-07-28T05:00,32.7,71,985.6
2026-07-28T06:00,32.9,69,985.4
2026-07-28T07:00,33.1,68,984.9
2026-07-28T08:00,33.5,67,984.2
2026-07-28T09:00,33.5,69,983.1
2026-07-28T10:00,32.4,74,982.8
2026-07-28T11:00,29.4,88,982.4
2026-07-28T12:00,31.1,76,982.6
2026-07-28T13:00,30.5,79,983.0
2026-07-28T14:00,29.7,84,983.9
2026-07-28T15:00,29.3,87,984.8
2026-07-28T16:00,29.1,88,985.4
2026-07-28T17:00,28.8,89,985.7
2026-07-28T18:00,29.2,90,985.4
2026-07-28T19:00,28.8,91,985.4
2026-07-28T20:00,28.5,91,985.0
2026-07-28T21:00,28.3,92,984.8
2026-07-28T22:00,28.1,92,984.5
2026-07-28T23:00,27.9,92,984.4
2026-07-29T00:00,28.3,88,984.4
2026-07-29T01:00,28.6,88,985.0
2026-07-29T02:00,29.6,83,985.1
2026-07-29T03:00,30.5,76,985.3
2026-07-29T04:00,31.3,71,985.6
2026-07-29T05:00,32.2,67,985.6
2026-07-29T06:00,32.9,63,985.7
2026-07-29T07:00,33.4,60,985.1
2026-07-29T08:00,33.9,60,984.0
2026-07-29T09:00,33.7,62,983.2
2026-07-29T10:00,33.3,63,982.4
2026-07-29T11:00,33.3,62,981.8
2026-07-29T12:00,32.1,69,982.4
2026-07-29T13:00,31.3,74,982.8
2026-07-29T14:00,30.5,77,983.7
2026-07-29T15:00,30.0,78,984.6
2026-07-29T16:00,29.6,80,985.2
2026-07-29T17:00,29.3,81,985.2
2026-07-29T18:00,29.6,80,984.6
2026-07-29T19:00,29.3,81,984.4
2026-07-29T20:00,29.1,80,984.0
2026-07-29T21:00,28.9,81,983.6
2026-07-29T22:00,28.6,82,983.6
2026-07-29T23:00,28.2,84,983.7
2026-07-30T00:00,28.5,82,983.6
2026-07-30T01:00,28.7,82,984.1
2026-07-30T02:00,29.5,78,984.2
2026-07-30T03:00,30.4,74,984.6
2026-07-30T04:00,30.6,74,984.9
2026-07-30T05:00,31.5,70,984.9
2026-07-30T06:00,32.1,67,985.0
2026-07-30T07:00,32.1,66,984.6
2026-07-30T08:00,33.2,66,983.7
2026-07-30T09:00,32.6,67,982.8
2026-07-30T10:00,32.2,67,982.1
2026-07-30T11:00,32.2,66,981.5
2026-07-30T12:00,30.5,75,981.7
2026-07-30T13:00,30.2,76,982.3
2026-07-30T14:00,30.0,77,983.1
2026-07-30T15:00,29.5,76,984.0
2026-07-30T16:00,29.0,78,985.1
2026-07-30T17:00,29.0,79,985.3
2026-07-30T18:00,29.0,79,985.0
2026-07-30T19:00,28.5,80,984.8
2026-07-30T20:00,28.3,81,984.3
2026-07-30T21:00,28.2,82,984.4
2026-07-30T22:00,28.0,83,984.3
2026-07-30T23:00,27.8,83,984.5
2026-07-31T00:00,28.0,83,984.5
2026-07-31T01:00,28.2,83,984.9
2026-07-31T02:00,28.5,82,985.4
2026-07-31T03:00,29.0,78,985.9
2026-07-31T04:00,30.0,73,985.9
2026-07-31T05:00,30.7,71,985.8
2026-07-31T06:00,31.5,69,986.1
2026-07-31T07:00,31.8,68,985.7
2026-07-31T08:00,32.5,67,984.7
2026-07-31T09:00,32.7,65,984.1
2026-07-31T10:00,32.7,65,983.2
2026-07-31T11:00,31.8,70,982.6
2026-07-31T12:00,31.5,71,982.7
2026-07-31T13:00,30.4,76,983.2
2026-07-31T14:00,29.9,78,984.3
2026-07-31T15:00,29.6,80,985.4
2026-07-31T16:00,29.5,81,986.1
2026-07-31T17:00,29.2,81,986.5
2026-07-31T18:00,29.0,82,986.0
2026-07-31T19:00,28.8,83,985.7
2026-07-31T20:00,28.5,83,985.1
2026-07-31T21:00,28.4,84,985.0
2026-07-31T22:00,28.3,84,985.1
2026-07-31T23:00,27.1,89,985.4
2026-08-01T00:00,28.4,86,985.0
2026-08-01T01:00,28.5,87,985.4
2026-08-01T02:00,27.8,88,986.2
2026-08-01T03:00,28.1,89,986.7
2026-08-01T04:00,29.3,85,986.4
2026-08-01T05:00,31.2,76,986.2
2026-08-01T06:00,32.1,71,986.2
2026-08-01T07:00,32.2,70,985.8
2026-08-01T08:00,31.2,70,985.0
2026-08-01T09:00,31.4,73,984.1
2026-08-01T10:00,32.1,70,983.1
2026-08-01T11:00,32.3,68,982.7
2026-08-01T12:00,31.8,74,983.1
2026-08-01T13:00,31.3,79,983.5
2026-08-01T14:00,30.5,81,984.5
2026-08-01T15:00,30.1,82,985.6
2026-08-01T16:00,28.6,87,986.8
2026-08-01T17:00,27.8,91,987.2
2026-08-01T18:00,27.3,95,987.2
2026-08-01T19:00,26.6,97,986.9
2026-08-01T20:00,26.9,97,986.1
2026-08-01T21:00,26.9,97,985.8
2026-08-01T22:00,26.8,97,985.6
2026-08-01T23:00,26.8,96,986.1
2026-08-02T00:00,27.7,97,986.3
2026-08-02T01:00,27.5,98,986.4
2026-08-02T02:00,27.9,97,987.2
2026-08-02T03:00,29.1,88,987.7
2026-08-02T04:00,29.9,85,987.7
2026-08-02T05:00,30.3,83,987.3
2026-08-02T06:00,29.1,86,987.7
2026-08-02T07:00,30.6,80,987.2
2026-08-02T08:00,32.0,75,986.3
2026-08-02T09:00,32.4,74,985.4
2026-08-02T10:00,32.3,73,984.7
2026-08-02T11:00,31.7,74,984.0
2026-08-02T12:00,32.0,71,984.9
2026-08-02T13:00,31.2,77,985.0
2026-08-02T14:00,30.4,80,985.7
2026-08-02T15:00,29.7,84,986.6
2026-08-02T16:00,29.3,85,987.5
2026-08-02T17:00,29.1,86,987.7
2026-08-02T18:00,29.0,87,987.3
2026-08-02T19:00,28.5,89,987.2
2026-08-02T20:00,28.3,89,986.7
2026-08-02T21:00,28.1,89,986.7
2026-08-02T22:00,26.9,92,986.9
2026-08-02T23:00,26.4,96,986.3
2026-08-03T00:00,26.9,97,986.6
2026-08-03T01:00,27.4,97,986.9
2026-08-03T02:00,28.0,93,987.3
2026-08-03T03:00,29.4,85,987.7
2026-08-03T04:00,30.7,77,988.0
2026-08-03T05:00,31.4,73,988.3
2026-08-03T06:00,32.0,66,988.3
2026-08-03T07:00,32.7,68,987.6
2026-08-03T08:00,32.8,70,987.1
2026-08-03T09:00,29.2,88,986.8
2026-08-03T10:00,30.4,85,986.1
2026-08-03T11:00,30.4,85,986.0
2026-08-03T12:00,31.4,76,985.2
2026-08-03T13:00,29.3,90,986.1
2026-08-03T14:00,28.6,92,986.8
2026-08-03T15:00,28.4,92,987.7
2026-08-03T16:00,27.4,94,988.7
2026-08-03T17:00,27.1,95,989.0
2026-08-03T18:00,27.9,96,988.6
2026-08-03T19:00,27.7,97,987.7
2026-08-03T20:00,27.0,98,987.6
2026-08-03T21:00,26.5,99,987.6
2026-08-03T22:00,26.0,98,987.7
2026-08-03T23:00,25.5,100,988.3
2026-08-04T00:00,26.5,97,987.1
2026-08-04T01:00,26.8,97,987.9
2026-08-04T02:00,26.9,97,988.5
2026-08-04T03:00,27.7,92,988.9
2026-08-04T04:00,29.3,86,989.5
2026-08-04T05:00,29.8,82,989.6
2026-08-04T06:00,27.8,92,989.9
2026-08-04T07:00,29.0,87,988.9
2026-08-04T08:00,29.7,82,987.8
2026-08-04T09:00,30.6,75,987.3
2026-08-04T10:00,30.7,74,986.4
2026-08-04T11:00,30.5,71,985.9
2026-08-04T12:00,30.2,72,985.8
2026-08-04T13:00,29.5,78,986.2
2026-08-04T14:00,29.0,83,987.1
2026-08-04T15:00,28.8,85,987.7
2026-08-04T16:00,28.3,87,988.4
2026-08-04T17:00,27.9,89,988.5
2026-08-04T18:00,28.0,90,987.6
2026-08-04T19:00,27.6,92,986.7
2026-08-04T20:00,27.3,93,986.3
2026-08-04T21:00,27.0,94,985.9
2026-08-04T22:00,26.8,95,985.7
2026-08-04T23:00,26.7,96,985.5
2026-08-05T00:00,26.7,96,985.1
2026-08-05T01:00,26.8,95,985.9
2026-08-05T02:00,27.4,92,985.7
2026-08-05T03:00,28.7,84,985.4
2026-08-05T04:00,30.1,79,986.2
2026-08-05T05:00,27.7,87,986.1
2026-08-05T06:00,31.2,71,985.6
2026-08-05T07:00,29.1,80,984.7
2026-08-05T08:00,30.8,75,984.4
2026-08-05T09:00,30.9,77,983.6
2026-08-05T10:00,30.8,77,983.2
2026-08-05T11:00,30.9,77,982.9
2026-08-05T12:00,28.3,91,983.0
2026-08-05T13:00,28.0,94,983.6
2026-08-05T14:00,26.9,98,985.0
2026-08-05T15:00,26.8,98,986.0
2026-08-05T16:00,26.6,99,986.2
2026-08-05T17:00,26.3,100,986.8
2026-08-05T18:00,27.4,97,985.9
2026-08-05T19:00,26.9,98,985.1
2026-08-05T20:00,26.8,97,984.9
2026-08-05T21:00,26.3,97,984.8
2026-08-05T22:00,26.1,97,984.9
2026-08-05T23:00,25.8,97,985.2
2026-08-06T00:00,26.5,98,984.3
2026-08-06T01:00,26.6,96,985.0
2026-08-06T02:00,26.5,97,985.3
2026-08-06T03:00,26.7,96,985.9
2026-08-06T04:00,27.2,94,986.4
2026-08-06T05:00,27.2,93,986.3
2026-08-06T06:00,28.1,91,985.9
2026-08-06T07:00,28.1,90,985.4
2026-08-06T08:00,27.8,87,984.9
2026-08-06T09:00,28.4,84,984.1
2026-08-06T10:00,28.5,83,983.8
2026-08-06T11:00,27.0,93,983.6
2026-08-06T12:00,28.7,85,983.5
2026-08-06T13:00,27.4,93,984.1
2026-08-06T14:00,27.1,95,985.0
2026-08-06T15:00,26.8,96,985.6
2026-08-06T16:00,26.8,96,985.8
2026-08-06T17:00,26.7,96,985.9
2026-08-06T18:00,26.5,96,985.5
2026-08-06T19:00,26.3,95,985.0
2026-08-06T20:00,26.1,96,984.8
2026-08-06T21:00,26.0,97,984.6
2026-08-06T22:00,26.0,97,984.5
2026-08-06T23:00,25.8,97,984.6
2026-08-07T00:00,26.1,97,984.4
2026-08-07T01:00,26.4,95,984.9
2026-08-07T02:00,27.4,90,985.0
2026-08-07T03:00,28.6,83,985.2
2026-08-07T04:00,29.8,76,985.6
2026-08-07T05:00,30.8,71,985.7
2026-08-07T06:00,31.9,68,986.0
2026-08-07T07:00,32.0,66,985.5
2026-08-07T08:00,32.6,66,984.6
2026-08-07T09:00,32.5,66,983.7
2026-08-07T10:00,32.7,65,983.3
2026-08-07T11:00,32.2,66,982.9
2026-08-07T12:00,31.8,67,982.9
2026-08-07T13:00,30.4,74,983.4
2026-08-07T14:00,29.6,78,984.6
2026-08-07T15:00,29.1,81,986.0
2026-08-07T16:00,28.8,83,986.5
2026-08-07T17:00,28.7,83,986.8
2026-08-07T18:00,28.1,91,986.1
2026-08-07T19:00,27.3,93,986.1
2026-08-07T20:00,26.9,95,985.5
2026-08-07T21:00,26.7,96,985.3
2026-08-07T22:00,26.5,97,985.4
2026-08-07T23:00,26.0,97,985.8
2026-08-08T00:00,27.4,91,985.5
2026-08-08T01:00,27.3,89,986.4
2026-08-08T02:00,28.6,87,986.7
2026-08-08T03:00,27.9,88,987.5
2026-08-08T04:00,30.0,79,987.3
2026-08-08T05:00,30.5,76,987.9
2026-08-08T06:00,31.8,67,988.0
2026-08-08T07:00,32.2,66,987.7
2026-08-08T08:00,32.7,64,986.4
2026-08-08T09:00,33.0,62,985.5
2026-08-08T10:00,33.2,61,984.7
2026-08-08T11:00,32.8,64,984.2
2026-08-08T12:00,32.0,69,984.7
2026-08-08T13:00,30.8,75,985.4
2026-08-08T14:00,30.1,78,986.1
2026-08-08T15:00,29.7,81,987.4
2026-08-08T16:00,29.3,83,988.3
2026-08-08T17:00,29.0,84,988.5
2026-08-08T18:00,29.2,83,988.0
2026-08-08T19:00,28.8,84,987.8
2026-08-08T20:00,28.5,85,987.5
2026-08-08T21:00,28.4,85,987.2
2026-08-08T22:00,28.1,86,987.0
2026-08-08T23:00,27.9,87,987.2
2026-08-09T00:00,28.5,84,987.0
2026-08-09T01:00,28.4,83,988.0
2026-08-09T02:00,28.9,81,988.5
2026-08-09T03:00,29.7,78,988.6
2026-08-09T04:00,30.7,74,988.5
2026-08-09T05:00,31.6,71,988.4
2026-08-09T06:00,32.4,68,987.8
2026-08-09T07:00,32.2,68,987.1
2026-08-09T08:00,32.5,68,985.9
2026-08-09T09:00,32.9,69,985.2
2026-08-09T10:00,31.6,72,984.8
2026-08-09T11:00,32.0,70,984.3
2026-08-09T12:00,31.6,73,985.0
2026-08-09T13:00,30.4,79,985.8
2026-08-09T14:00,29.7,84,986.6
2026-08-09T15:00,29.4,86,987.5
2026-08-09T16:00,29.2,85,987.5
2026-08-09T17:00,29.0,84,987.7
2026-08-09T18:00,29.2,85,987.1
2026-08-09T19:00,28.8,87,986.8
2026-08-09T20:00,28.5,88,986.2
2026-08-09T21:00,28.3,89,986.2
2026-08-09T22:00,28.2,89,985.9
2026-08-09T23:00,27.9,90,986.2
2026-08-10T00:00,28.3,87,985.9
2026-08-10T01:00,28.6,86,986.4
2026-08-10T02:00,29.4,81,987.1
2026-08-10T03:00,30.0,80,987.2
2026-08-10T04:00,31.3,77,987.2
2026-08-10T05:00,32.0,74,987.3
2026-08-10T06:00,30.5,76,987.4
2026-08-10T07:00,31.5,72,986.6
2026-08-10T08:00,31.2,73,986.0
2026-08-10T09:00,30.4,81,985.0
2026-08-10T10:00,31.5,75,984.5
2026-08-10T11:00,31.7,71,983.9
2026-08-10T12:00,31.9,70,984.0
2026-08-10T13:00,30.9,77,985.0
2026-08-10T14:00,30.2,80,985.9
2026-08-10T15:00,29.9,81,986.7
2026-08-10T16:00,29.4,84,987.1
2026-08-10T17:00,28.9,86,987.0
2026-08-10T18:00,28.2,92,987.3
2026-08-10T19:00,27.8,93,986.9
2026-08-10T20:00,27.2,95,986.6
2026-08-10T21:00,27.1,96,986.4
2026-08-10T22:00,27.1,96,986.1
2026-08-10T23:00,27.0,95,985.9
2026-08-11T00:00,27.9,91,985.6
2026-08-11T01:00,27.9,92,986.3
2026-08-11T02:00,28.7,88,986.7
2026-08-11T03:00,30.1,80,987.1
2026-08-11T04:00,31.3,75,987.4
2026-08-11T05:00,32.3,73,987.6
2026-08-11T06:00,31.3,73,987.7
2026-08-11T07:00,31.7,72,987.4
2026-08-11T08:00,32.8,67,985.9
2026-08-11T09:00,33.3,63,985.1
2026-08-11T10:00,32.9,63,984.4
2026-08-11T11:00,31.2,72,983.6
2026-08-11T12:00,31.0,76,984.6
2026-08-11T13:00,30.1,82,984.8
2026-08-11T14:00,29.4,88,985.6
2026-08-11T15:00,29.2,90,986.5
2026-08-11T16:00,28.6,91,987.2
2026-08-11T17:00,28.3,92,987.4
2026-08-11T18:00,29.0,91,987.3
2026-08-11T19:00,28.8,92,986.7
2026-08-11T20:00,28.8,92,986.5
2026-08-11T21:00,28.5,89,986.6
2026-08-11T22:00,27.6,93,986.4
2026-08-11T23:00,27.3,95,986.2
2026-08-12T00:00,28.4,94,986.1
2026-08-12T01:00,28.8,94,986.4
2026-08-12T02:00,29.9,89,986.9
2026-08-12T03:00,31.1,81,987.2
2026-08-12T04:00,32.2,75,987.5
2026-08-12T05:00,32.9,70,987.3
2026-08-12T06:00,33.2,65,987.5
2026-08-12T07:00,33.9,63,987.3
2026-08-12T08:00,34.4,61,986.5
2026-08-12T09:00,34.8,60,986.2
2026-08-12T10:00,34.5,62,985.7
2026-08-12T11:00,34.0,64,984.9
2026-08-12T12:00,34.4,58,985.4
2026-08-12T13:00,32.7,72,986.1
2026-08-12T14:00,31.8,76,986.8
2026-08-12T15:00,31.3,79,987.6
2026-08-12T16:00,30.7,83,988.8
2026-08-12T17:00,30.1,87,989.4
2026-08-12T18:00,30.4,82,989.0
2026-08-12T19:00,29.9,83,988.9
2026-08-12T20:00,29.6,84,988.0
2026-08-12T21:00,29.0,87,987.6
2026-08-12T22:00,28.7,89,987.0
2026-08-12T23:00,28.7,89,986.9
2026-08-13T00:00,28.7,92,986.9
2026-08-13T01:00,29.1,91,987.4
2026-08-13T02:00,30.5,87,987.7
2026-08-13T03:00,32.1,76,987.9
2026-08-13T04:00,32.8,69,987.9
2026-08-13T05:00,33.3,69,987.9
2026-08-13T06:00,29.6,89,988.5
2026-08-13T07:00,31.7,79,987.5
2026-08-13T08:00,33.3,73,986.5
2026-08-13T09:00,33.5,71,986.0
2026-08-13T10:00,33.6,68,985.5
2026-08-13T11:00,32.7,70,985.0
2026-08-13T12:00,31.4,77,986.2
2026-08-13T13:00,30.4,79,985.9
2026-08-13T14:00,30.0,83,987.1
2026-08-13T15:00,29.6,86,988.0
2026-08-13T16:00,29.3,87,988.7
2026-08-13T17:00,28.9,88,988.9
2026-08-13T18:00,28.6,96,988.5
2026-08-13T19:00,28.5,95,988.0
2026-08-13T20:00,28.6,94,987.5
2026-08-13T21:00,27.6,97,987.8
2026-08-13T22:00,27.2,97,987.6
2026-08-13T23:00,27.0,98,987.6
2026-08-14T00:00,26.8,98,988.0
2026-08-14T01:00,27.0,97,988.5
2026-08-14T02:00,27.7,92,988.6
2026-08-14T03:00,29.0,85,988.8
2026-08-14T04:00,30.5,76,988.8
2026-08-14T05:00,31.5,71,989.1
2026-08-14T06:00,32.1,72,989.4
2026-08-14T07:00,32.6,69,988.8
2026-08-14T08:00,32.6,70,987.9
2026-08-14T09:00,32.0,73,987.0
2026-08-14T10:00,30.2,82,986.2
2026-08-14T11:00,29.2,90,986.1
2026-08-14T12:00,28.5,95,986.6
2026-08-14T13:00,28.2,96,986.8
2026-08-14T14:00,28.1,97,987.4
2026-08-14T15:00,28.2,97,987.9
2026-08-14T16:00,27.9,99,988.4
2026-08-14T17:00,28.0,98,988.5
2026-08-14T18:00,28.4,97,987.8
2026-08-14T19:00,28.2,97,987.8
2026-08-14T20:00,28.2,95,987.3
2026-08-14T21:00,27.8,96,987.3
2026-08-14T22:00,27.7,95,987.3
2026-08-14T23:00,27.6,94,987.5
2026-08-15T00:00,28.3,96,987.6
2026-08-15T01:00,28.4,96,987.9
2026-08-15T02:00,29.5,92,988.3
2026-08-15T03:00,31.1,81,988.5
2026-08-15T04:00,32.2,72,988.7
2026-08-15T05:00,32.8,69,988.6
2026-08-15T06:00,32.9,68,988.1
2026-08-15T07:00,33.5,66,987.3
2026-08-15T08:00,33.7,63,986.4
2026-08-15T09:00,33.6,62,986.0
2026-08-15T10:00,33.5,62,985.2
2026-08-15T11:00,33.5,61,984.6
2026-08-15T12:00,33.0,66,984.6
2026-08-15T13:00,31.3,77,985.6
2026-08-15T14:00,29.7,84,986.6
2026-08-15T15:00,27.9,93,987.5
2026-08-15T16:00,27.4,97,988.0
2026-08-15T17:00,27.5,98,987.8
2026-08-15T18:00,28.3,97,987.1
2026-08-15T19:00,28.0,96,986.9
2026-08-15T20:00,27.8,96,986.4
2026-08-15T21:00,27.6,97,986.5
2026-08-15T22:00,27.5,98,986.3
2026-08-15T23:00,27.3,99,986.1
2026-08-16T00:00,27.6,94,986.4
2026-08-16T01:00,27.8,92,986.8
2026-08-16T02:00,28.0,88,987.4
2026-08-16T03:00,28.4,87,987.8
2026-08-16T04:00,28.6,88,988.2
2026-08-16T05:00,27.6,92,988.2
2026-08-16T06:00,29.3,90,987.7
2026-08-16T07:00,29.9,88,987.3
2026-08-16T08:00,28.4,92,986.9
2026-08-16T09:00,29.2,87,986.1
2026-08-16T10:00,29.5,84,985.4
2026-08-16T11:00,29.9,81,985.0
2026-08-16T12:00,30.0,80,985.5
2026-08-16T13:00,29.3,86,986.0
2026-08-16T14:00,29.1,88,986.9
2026-08-16T15:00,28.7,91,987.5
2026-08-16T16:00,28.4,93,987.9
2026-08-16T17:00,28.1,95,988.0
2026-08-16T18:00,28.0,96,987.5
2026-08-16T19:00,27.7,95,987.5
2026-08-16T20:00,26.5,97,987.3
2026-08-16T21:00,26.2,97,987.3
2026-08-16T22:00,26.0,98,987.1
2026-08-16T23:00,25.3,97,987.1
2026-08-17T00:00,25.7,97,987.4
2026-08-17T01:00,25.6,97,987.5
2026-08-17T02:00,26.7,93,987.5
2026-08-17T03:00,28.1,83,988.1
2026-08-17T04:00,28.9,81,988.6
2026-08-17T05:00,29.3,81,989.0
2026-08-17T06:00,27.3,92,989.1
2026-08-17T07:00,28.5,87,988.9
2026-08-17T08:00,28.5,89,988.1
2026-08-17T09:00,27.5,91,987.8
2026-08-17T10:00,28.1,89,987.2
2026-08-17T11:00,28.3,88,986.8
2026-08-17T12:00,27.9,87,986.7
2026-08-17T13:00,27.7,89,987.3
2026-08-17T14:00,27.4,92,988.3
2026-08-17T15:00,27.3,93,988.9
2026-08-17T16:00,26.3,94,990.0
2026-08-17T17:00,26.1,97,990.2
2026-08-17T18:00,26.4,97,989.2
2026-08-17T19:00,26.0,99,989.2
2026-08-17T20:00,25.8,99,988.3
2026-08-17T21:00,25.9,98,988.4
2026-08-17T22:00,26.0,97,988.2
2026-08-17T23:00,25.8,97,988.4
2026-08-18T00:00,26.0,97,988.0
2026-08-18T01:00,26.0,97,989.0
2026-08-18T02:00,26.3,95,989.4
2026-08-18T03:00,26.6,94,989.8
2026-08-18T04:00,27.4,90,990.2
2026-08-18T05:00,27.7,90,990.6
2026-08-18T06:00,28.8,84,990.7
2026-08-18T07:00,28.7,84,990.0
2026-08-18T08:00,30.1,78,989.2
2026-08-18T09:00,30.7,75,988.4
2026-08-18T10:00,30.8,74,987.5
2026-08-18T11:00,30.8,75,986.7
2026-08-18T12:00,30.6,76,987.1
2026-08-18T13:00,29.9,82,987.7
2026-08-18T14:00,29.0,88,988.4
2026-08-18T15:00,28.4,92,989.1
2026-08-18T16:00,28.2,92,989.7
2026-08-18T17:00,27.9,93,989.8
2026-08-18T18:00,28.3,93,989.1
2026-08-18T19:00,27.8,95,988.8
2026-08-18T20:00,27.7,95,988.4
2026-08-18T21:00,27.4,97,988.1
2026-08-18T22:00,27.2,97,987.7
2026-08-18T23:00,27.0,97,988.5
2026-08-19T00:00,27.1,97,988.2
2026-08-19T01:00,26.2,96,988.9
2026-08-19T02:00,26.9,93,989.5
2026-08-19T03:00,28.8,87,990.2
2026-08-19T04:00,30.3,82,990.4
2026-08-19T05:00,31.8,75,990.0
2026-08-19T06:00,32.2,68,990.2
2026-08-19T07:00,31.1,73,989.7
2026-08-19T08:00,27.5,94,989.4
2026-08-19T09:00,28.9,83,988.2
2026-08-19T10:00,31.2,73,987.3
2026-08-19T11:00,31.4,70,986.9
2026-08-19T12:00,30.7,80,987.3
2026-08-19T13:00,30.0,87,987.6
2026-08-19T14:00,29.6,89,988.6
2026-08-19T15:00,29.1,90,989.2
2026-08-19T16:00,28.8,91,989.8
2026-08-19T17:00,28.5,91,990.0
2026-08-19T18:00,26.7,94,989.8
2026-08-19T19:00,25.0,96,989.0
2026-08-19T20:00,26.0,93,988.7
2026-08-19T21:00,26.2,93,988.6
2026-08-19T22:00,25.8,96,988.7
2026-08-19T23:00,25.9,97,988.6
2026-08-20T00:00,26.8,95,988.6
2026-08-20T01:00,26.8,94,988.7
2026-08-20T02:00,27.9,90,989.1
2026-08-20T03:00,29.4,80,989.5
2026-08-20T04:00,30.6,75,990.0
2026-08-20T05:00,31.6,72,989.8
2026-08-20T06:00,31.6,68,989.1
2026-08-20T07:00,31.9,68,988.4
2026-08-20T08:00,32.5,69,987.6
2026-08-20T09:00,32.5,70,987.1
2026-08-20T10:00,32.3,71,986.2
2026-08-20T11:00,32.1,71,985.6
2026-08-20T12:00,32.2,68,986.3
2026-08-20T13:00,30.9,75,986.8
2026-08-20T14:00,30.3,77,987.5
2026-08-20T15:00,29.7,81,988.0
2026-08-20T16:00,29.2,82,988.8
2026-08-20T17:00,28.6,84,989.1
2026-08-20T18:00,28.8,88,988.2
2026-08-20T19:00,28.1,91,988.1
2026-08-20T20:00,28.0,92,987.8
2026-08-20T21:00,27.3,92,987.4
2026-08-20T22:00,26.6,94,987.7
2026-08-20T23:00,26.5,94,987.7
2026-08-21T00:00,27.7,94,987.5
2026-08-21T01:00,27.9,93,988.0
2026-08-21T02:00,29.0,88,988.3
2026-08-21T03:00,30.4,81,989.1
2026-08-21T04:00,31.6,74,989.1
2026-08-21T05:00,32.2,73,989.3
2026-08-21T06:00,32.2,71,989.0
2026-08-21T07:00,33.1,68,987.9
2026-08-21T08:00,33.4,68,986.9
2026-08-21T09:00,29.8,86,987.0
2026-08-21T10:00,30.7,83,986.0
2026-08-21T11:00,29.4,85,985.5
2026-08-21T12:00,29.7,89,985.6
2026-08-21T13:00,29.1,93,986.4
2026-08-21T14:00,28.6,95,987.0
2026-08-21T15:00,28.3,94,987.7
2026-08-21T16:00,28.1,94,988.6
2026-08-21T17:00,28.2,93,988.3
2026-08-21T18:00,26.9,97,988.5
2026-08-21T19:00,27.0,98,987.8
2026-08-21T20:00,26.7,97,987.4
2026-08-21T21:00,26.8,97,987.3
2026-08-21T22:00,26.6,98,986.9
2026-08-21T23:00,26.1,99,987.4
2026-08-22T00:00,26.9,98,987.6
2026-08-22T01:00,27.0,97,987.7
2026-08-22T02:00,27.8,93,988.4
2026-08-22T03:00,29.4,85,988.9
2026-08-22T04:00,30.1,81,989.3
2026-08-22T05:00,30.1,84,989.6
2026-08-22T06:00,32.3,68,989.2
2026-08-22T07:00,31.9,69,988.0
2026-08-22T08:00,29.5,82,987.8
2026-08-22T09:00,29.7,82,986.9
2026-08-22T10:00,30.6,77,986.5
2026-08-22T11:00,30.4,76,985.7
2026-08-22T12:00,30.3,82,985.8
2026-08-22T13:00,29.6,86,986.4
2026-08-22T14:00,29.0,90,987.3
2026-08-22T15:00,28.6,92,988.0
2026-08-22T16:00,28.6,92,988.9
2026-08-22T17:00,28.4,94,989.0
2026-08-22T18:00,28.1,97,988.8
2026-08-22T19:00,27.8,97,988.7
2026-08-22T20:00,27.6,98,988.2
2026-08-22T21:00,27.3,99,987.8
2026-08-22T22:00,27.3,99,987.6
2026-08-22T23:00,27.1,99,987.5
2026-08-23T00:00,27.5,98,987.7
2026-08-23T01:00,27.5,97,988.2
2026-08-23T02:00,28.4,92,988.7
2026-08-23T03:00,29.8,83,989.3
2026-08-23T04:00,30.9,78,989.4
2026-08-23T05:00,31.7,76,989.7
2026-08-23T06:00,32.0,72,989.9
2026-08-23T07:00,32.0,74,989.0
2026-08-23T08:00,32.0,75,987.9
2026-08-23T09:00,32.2,73,986.8
2026-08-23T10:00,32.3,70,986.3
2026-08-23T11:00,30.1,79,986.4
2026-08-23T12:00,31.2,78,986.8
2026-08-23T13:00,30.0,86,987.7
2026-08-23T14:00,29.6,90,988.3
2026-08-23T15:00,29.0,92,988.8
2026-08-23T16:00,28.5,93,989.4
2026-08-23T17:00,28.2,93,989.4
2026-08-23T18:00,28.1,92,989.2
2026-08-23T19:00,27.9,94,988.7
2026-08-23T20:00,27.8,94,988.1
2026-08-23T21:00,27.6,94,988.2
2026-08-23T22:00,27.4,94,988.1
2026-08-23T23:00,27.3,95,988.0
2026-08-24T00:00,27.9,98,987.6
2026-08-24T01:00,27.2,92,988.9
2026-08-24T02:00,27.5,92,988.7
2026-08-24T03:00,28.6,87,989.1
2026-08-24T04:00,30.2,81,989.4
2026-08-24T05:00,31.0,79,989.5
2026-08-24T06:00,31.5,74,989.8
2026-08-24T07:00,31.4,76,989.1
2026-08-24T08:00,31.4,78,987.8
2026-08-24T09:00,29.7,86,987.1
2026-08-24T10:00,29.2,87,986.6
2026-08-24T11:00,29.9,85,986.7
2026-08-24T12:00,28.4,89,986.9
2026-08-24T13:00,27.8,94,987.9
2026-08-24T14:00,27.4,94,989.0
2026-08-24T15:00,27.1,95,989.2
2026-08-24T16:00,27.0,95,989.2
2026-08-24T17:00,27.0,94,989.1
2026-08-24T18:00,27.6,93,988.3
2026-08-24T19:00,27.3,95,988.4
2026-08-24T20:00,27.2,95,988.2
2026-08-24T21:00,27.3,95,987.9
2026-08-24T22:00,27.2,96,987.9
2026-08-24T23:00,26.4,97,988.7
2026-08-25T00:00,26.9,97,988.2
2026-08-25T01:00,27.2,96,988.6
2026-08-25T02:00,27.5,96,988.8
2026-08-25T03:00,28.3,91,989.3
2026-08-25T04:00,27.9,88,990.0
2026-08-25T05:00,27.0,95,990.0
2026-08-25T06:00,27.6,92,989.6
2026-08-25T07:00,28.5,89,988.9
2026-08-25T08:00,29.2,86,987.9
2026-08-25T09:00,29.7,82,987.1
2026-08-25T10:00,27.7,94,986.6
2026-08-25T11:00,28.8,90,986.4
2026-08-25T12:00,27.7,95,987.0
2026-08-25T13:00,26.5,94,987.5
2026-08-25T14:00,27.1,95,987.4
2026-08-25T15:00,27.4,95,988.5
2026-08-25T16:00,27.1,95,989.3
2026-08-25T17:00,26.4,95,989.1
2026-08-25T18:00,27.7,95,988.5
2026-08-25T19:00,27.3,95,987.8
2026-08-25T20:00,26.7,95,988.0
2026-08-25T21:00,26.2,97,987.6
2026-08-25T22:00,25.6,98,987.5
2026-08-25T23:00,25.6,98,987.7
2026-08-26T00:00,26.9,97,987.3
2026-08-26T01:00,27.1,96,987.6
2026-08-26T02:00,27.8,90,987.9
2026-08-26T03:00,28.8,87,987.9
2026-08-26T04:00,30.1,81,988.9
2026-08-26T05:00,29.9,83,988.9
2026-08-26T06:00,30.6,75,988.5
2026-08-26T07:00,30.9,79,987.5
2026-08-26T08:00,31.2,79,986.9
2026-08-26T09:00,31.2,81,986.1
2026-08-26T10:00,31.9,77,984.8
2026-08-26T11:00,28.2,93,984.8
2026-08-26T12:00,28.4,94,985.2
2026-08-26T13:00,28.6,95,985.5
2026-08-26T14:00,27.8,96,986.7
2026-08-26T15:00,27.3,98,987.7
2026-08-26T16:00,27.0,95,988.7
2026-08-26T17:00,26.6,98,988.9
2026-08-26T18:00,27.3,97,988.2
2026-08-26T19:00,26.7,97,988.1
2026-08-26T20:00,26.6,98,987.1
2026-08-26T21:00,26.6,98,987.0
2026-08-26T22:00,26.5,98,986.9
2026-08-26T23:00,26.5,96,986.6
2026-08-27T00:00,26.7,95,986.9
2026-08-27T01:00,26.7,97,987.1
2026-08-27T02:00,27.5,93,987.8
2026-08-27T03:00,28.2,90,987.8
2026-08-27T04:00,29.9,83,988.2
2026-08-27T05:00,30.9,78,988.2
2026-08-27T06:00,31.8,73,988.0
2026-08-27T07:00,31.4,75,987.0
2026-08-27T08:00,31.4,76,986.3
2026-08-27T09:00,27.8,90,985.4
2026-08-27T10:00,26.2,100,984.9
2026-08-27T11:00,27.8,93,984.5
2026-08-27T12:00,29.6,81,985.1
2026-08-27T13:00,28.6,86,985.7
2026-08-27T14:00,28.2,89,986.8
2026-08-27T15:00,28.0,90,987.4
2026-08-27T16:00,27.7,92,988.0
2026-08-27T17:00,27.6,93,988.1
2026-08-27T18:00,28.3,93,987.8
2026-08-27T19:00,27.9,94,987.4
2026-08-27T20:00,27.0,97,986.8
2026-08-27T21:00,26.3,98,987.4
2026-08-27T22:00,26.1,97,987.0
2026-08-27T23:00,26.0,99,986.6
