latitude,longitude,elevation,utc_offset_seconds,timezone,timezone_abbreviation
32.161686,77.1584,2133.0,0,GMT,GMT

time,temperature_2m (°C),relative_humidity_2m (%),surface_pressure (hPa)
2025-12-23T00:00,-0.0,50,786.0
2025-12-23T01:00,-0.6,53,785.7
2025-12-23T02:00,-0.6,44,785.8
2025-12-23T03:00,3.2,28,789.2
2025-12-23T04:00,5.5,44,790.9
2025-12-23T05:00,10.5,32,793.8
2025-12-23T06:00,11.8,28,793.5
2025-12-23T07:00,10.5,33,791.7
2025-12-23T08:00,10.4,34,791.1
2025-12-23T09:00,10.2,39,790.5
2025-12-23T10:00,9.1,48,789.7
2025-12-23T11:00,6.8,51,788.3
2025-12-23T12:00,6.3,57,788.4
2025-12-23T13:00,4.4,60,787.7
2025-12-23T14:00,1.9,58,786.3
2025-12-23T15:00,0.1,56,785.2
2025-12-23T16:00,-0.6,49,784.1
2025-12-23T17:00,-0.6,40,783.6
2025-12-23T18:00,-1.5,38,782.6
2025-12-23T19:00,-1.7,33,782.0
2025-12-23T20:00,-0.3,30,782.8
2025-12-23T21:00,-0.6,30,782.6
2025-12-23T22:00,-1.6,31,781.6
2025-12-23T23:00,-2.7,32,780.2
2025-12-24T00:00,-1.6,36,780.9
2025-12-24T01:00,-3.2,32,779.7
2025-12-24T02:00,-3.3,27,780.0
2025-12-24T03:00,0.5,23,783.4
2025-12-24T04:00,6.9,28,788.4
2025-12-24T05:00,9.8,32,790.3
2025-12-24T06:00,13.2,25,792.3
2025-12-24T07:00,11.1,27,790.5
2025-12-24T08:00,11.2,28,790.1
2025-12-24T09:00,11.0,30,789.4
2025-12-24T10:00,9.7,35,788.6
2025-12-24T11:00,7.2,44,787.4
2025-12-24T12:00,7.0,41,787.9
2025-12-24T13:00,5.1,43,787.2
2025-12-24T14:00,3.2,47,786.1
2025-12-24T15:00,1.1,47,784.8
2025-12-24T16:00,-0.4,40,783.8
2025-12-24T17:00,-0.8,33,783.6
2025-12-24T18:00,-0.1,31,784.2
2025-12-24T19:00,-1.9,29,782.6
2025-12-24T20:00,-2.6,29,781.9
2025-12-24T21:00,-3.4,31,781.2
2025-12-24T22:00,-3.8,31,780.8
2025-12-24T23:00,-3.8,30,780.3
2025-12-25T00:00,-1.9,29,781.5
2025-12-25T01:00,-3.2,28,780.9
2025-12-25T02:00,-3.9,28,781.1
2025-12-25T03:00,0.1,25,784.9
2025-12-25T04:00,8.0,25,791.1
2025-12-25T05:00,10.6,29,792.2
2025-12-25T06:00,15.1,25,794.0
2025-12-25T07:00,12.6,25,791.6
2025-12-25T08:00,12.4,25,791.3
2025-12-25T09:00,11.4,31,790.9
2025-12-25T10:00,10.0,41,790.3
2025-12-25T11:00,7.8,47,789.0
2025-12-25T12:00,7.4,45,788.6
2025-12-25T13:00,5.0,46,787.6
2025-12-25T14:00,4.3,45,787.5
2025-12-25T15:00,4.1,40,787.6
2025-12-25T16:00,4.1,35,788.0
2025-12-25T17:00,4.1,31,787.9
2025-12-25T18:00,3.9,34,787.5
2025-12-25T19:00,2.4,34,786.3
2025-12-25T20:00,2.2,35,786.0
2025-12-25T21:00,2.3,36,785.9
2025-12-25T22:00,2.1,38,785.6
2025-12-25T23:00,1.9,41,784.8
2025-12-26T00:00,3.1,42,785.4
2025-12-26T01:00,2.8,42,785.4
2025-12-26T02:00,3.0,43,786.5
2025-12-26T03:00,4.8,45,788.6
2025-12-26T04:00,7.7,45,791.4
2025-12-26T05:00,8.9,50,792.9
2025-12-26T06:00,11.2,48,793.7
2025-12-26T07:00,9.3,44,791.9
2025-12-26T08:00,9.7,43,791.7
2025-12-26T09:00,9.7,43,791.3
2025-12-26T10:00,8.9,49,791.2
2025-12-26T11:00,6.7,60,789.8
2025-12-26T12:00,5.3,64,789.3
2025-12-26T13:00,2.7,68,788.2
2025-12-26T14:00,1.1,59,787.3
2025-12-26T15:00,0.0,53,786.4
2025-12-26T16:00,0.3,51,786.7
2025-12-26T17:00,1.5,47,787.6
2025-12-26T18:00,0.6,51,786.6
2025-12-26T19:00,-1.8,51,784.6
2025-12-26T20:00,-1.6,46,784.8
2025-12-26T21:00,-1.5,41,784.8
2025-12-26T22:00,-1.1,36,784.8
2025-12-26T23:00,-1.1,33,784.5
2025-12-27T00:00,-2.0,40,783.4
2025-12-27T01:00,-3.8,38,782.9
2025-12-27T02:00,-3.6,34,783.8
2025-12-27T03:00,0.8,30,787.5
2025-12-27T04:00,7.4,33,792.4
2025-12-27T05:00,10.0,33,793.3
2025-12-27T06:00,13.7,28,794.8
2025-12-27T07:00,11.2,33,792.2
2025-12-27T08:00,11.5,30,791.9
2025-12-27T09:00,11.3,31,791.4
2025-12-27T10:00,10.1,37,790.9
2025-12-27T11:00,7.5,39,789.8
2025-12-27T12:00,7.5,35,789.7
2025-12-27T13:00,6.0,36,789.4
2025-12-27T14:00,3.4,38,788.1
2025-12-27T15:00,2.1,41,787.6
2025-12-27T16:00,1.7,39,787.6
2025-12-27T17:00,1.0,37,787.2
2025-12-27T18:00,2.2,40,787.9
2025-12-27T19:00,2.0,41,787.2
2025-12-27T20:00,0.7,40,785.9
2025-12-27T21:00,1.7,40,787.1
2025-12-27T22:00,2.4,40,787.8
2025-12-27T23:00,2.2,43,787.4
2025-12-28T00:00,0.8,49,785.9
2025-12-28T01:00,-1.2,51,785.0
2025-12-28T02:00,-1.9,51,785.2
2025-12-28T03:00,2.2,44,788.9
2025-12-28T04:00,8.8,41,793.6
2025-12-28T05:00,10.0,40,793.8
2025-12-28T06:00,13.4,30,795.2
2025-12-28T07:00,11.0,36,793.0
2025-12-28T08:00,11.0,35,792.5
2025-12-28T09:00,10.3,38,792.0
2025-12-28T10:00,9.4,44,791.3
2025-12-28T11:00,8.1,46,790.7
2025-12-28T12:00,6.8,45,790.2
2025-12-28T13:00,3.6,50,789.4
2025-12-28T14:00,2.0,58,789.2
2025-12-28T15:00,1.7,56,789.1
2025-12-28T16:00,1.8,56,789.6
2025-12-28T17:00,1.1,62,789.3
2025-12-28T18:00,2.9,60,790.3
2025-12-28T19:00,2.1,62,789.8
2025-12-28T20:00,2.1,59,789.5
2025-12-28T21:00,2.9,67,790.0
2025-12-28T22:00,2.6,63,789.5
2025-12-28T23:00,2.2,69,788.6
2025-12-29T00:00,1.6,61,788.1
2025-12-29T01:00,-0.7,48,786.3
2025-12-29T02:00,-0.7,57,786.8
2025-12-29T03:00,2.2,39,789.5
2025-12-29T04:00,6.1,58,793.0
2025-12-29T05:00,8.3,59,793.7
2025-12-29T06:00,10.6,54,794.1
2025-12-29T07:00,9.0,50,792.2
2025-12-29T08:00,9.1,48,791.6
2025-12-29T09:00,9.1,45,791.0
2025-12-29T10:00,9.0,45,790.5
2025-12-29T11:00,7.8,45,790.2
2025-12-29T12:00,7.5,40,789.9
2025-12-29T13:00,5.5,51,789.6
2025-12-29T14:00,4.5,57,789.8
2025-12-29T15:00,3.3,52,789.7
2025-12-29T16:00,2.3,64,789.3
2025-12-29T17:00,2.4,60,789.4
2025-12-29T18:00,1.6,70,789.6
2025-12-29T19:00,0.9,77,789.0
2025-12-29T20:00,1.4,80,789.0
2025-12-29T21:00,1.7,65,787.9
2025-12-29T22:00,1.5,56,787.2
2025-12-29T23:00,0.7,71,786.6
2025-12-30T00:00,0.9,64,787.6
2025-12-30T01:00,1.1,55,787.0
2025-12-30T02:00,0.9,57,786.7
2025-12-30T03:00,3.9,44,789.1
2025-12-30T04:00,10.2,30,793.6
2025-12-30T05:00,11.9,26,794.1
2025-12-30T06:00,12.4,32,793.4
2025-12-30T07:00,10.9,38,791.2
2025-12-30T08:00,10.9,38,790.6
2025-12-30T09:00,10.3,42,790.1
2025-12-30T10:00,9.3,56,790.3
2025-12-30T11:00,6.7,75,790.1
2025-12-30T12:00,4.7,58,788.2
2025-12-30T13:00,3.6,78,788.0
2025-12-30T14:00,3.0,80,787.6
2025-12-30T15:00,0.9,66,785.8
2025-12-30T16:00,-0.2,57,785.5
2025-12-30T17:00,0.5,42,785.9
2025-12-30T18:00,0.8,48,787.0
2025-12-30T19:00,0.7,66,786.2
2025-12-30T20:00,-0.1,67,783.8
2025-12-30T21:00,0.2,54,784.3
2025-12-30T22:00,-0.2,37,783.8
2025-12-30T23:00,0.6,57,784.0
2025-12-31T00:00,1.5,68,784.7
2025-12-31T01:00,1.6,78,785.3
2025-12-31T02:00,2.3,64,784.5
2025-12-31T03:00,3.6,53,785.0
2025-12-31T04:00,7.4,48,788.5
2025-12-31T05:00,9.6,42,790.0
2025-12-31T06:00,9.3,40,789.3
2025-12-31T07:00,9.3,40,788.7
2025-12-31T08:00,9.3,38,788.1
2025-12-31T09:00,9.2,40,787.5
2025-12-31T10:00,8.2,44,786.8
2025-12-31T11:00,6.5,63,785.8
2025-12-31T12:00,3.2,89,785.0
2025-12-31T13:00,3.7,71,785.4
2025-12-31T14:00,3.5,63,784.9
2025-12-31T15:00,3.8,56,785.2
2025-12-31T16:00,3.8,55,785.9
2025-12-31T17:00,3.7,55,786.0
2025-12-31T18:00,3.4,67,785.5
2025-12-31T19:00,3.1,65,784.8
2025-12-31T20:00,2.6,67,784.3
2025-12-31T21:00,2.6,61,784.1
2025-12-31T22:00,1.6,62,783.2
2025-12-31T23:00,1.1,63,781.9
2026-01-01T00:00,0.4,68,782.5
2026-01-01T01:00,0.7,73,782.6
2026-01-01T02:00,0.8,72,783.0
2026-01-01T03:00,3.0,66,784.7
2026-01-01T04:00,5.2,59,787.3
2026-01-01T05:00,5.5,57,788.1
2026-01-01T06:00,4.3,67,788.1
2026-01-01T07:00,4.7,61,787.9
2026-01-01T08:00,5.2,67,787.6
2026-01-01T09:00,6.1,54,787.4
2026-01-01T10:00,4.7,66,787.1
2026-01-01T11:00,3.5,71,786.6
2026-01-01T12:00,2.3,80,785.7
2026-01-01T13:00,2.1,85,786.6
2026-01-01T14:00,0.8,88,786.2
2026-01-01T15:00,0.7,83,786.0
2026-01-01T16:00,0.0,85,785.9
2026-01-01T17:00,-0.9,89,785.8
2026-01-01T18:00,-0.4,80,785.9
2026-01-01T19:00,-0.6,88,785.3
2026-01-01T20:00,-0.1,79,784.9
2026-01-01T21:00,-0.9,77,784.3
2026-01-01T22:00,-1.4,76,783.2
2026-01-01T23:00,-3.2,77,782.0
2026-01-02T00:00,-3.7,74,781.7
2026-01-02T01:00,-6.1,71,779.8
2026-01-02T02:00,-5.8,62,780.2
2026-01-02T03:00,-2.2,48,783.4
2026-01-02T04:00,4.6,31,788.9
2026-01-02T05:00,7.3,33,790.6
2026-01-02T06:00,8.2,31,790.5
2026-01-02T07:00,8.9,29,790.6
2026-01-02T08:00,8.8,31,790.3
2026-01-02T09:00,8.3,35,790.0
2026-01-02T10:00,7.7,37,789.7
2026-01-02T11:00,5.9,59,788.5
2026-01-02T12:00,2.6,75,786.3
2026-01-02T13:00,1.2,86,786.3
2026-01-02T14:00,-0.4,98,786.0
2026-01-02T15:00,-1.0,97,785.6
2026-01-02T16:00,-1.2,92,785.7
2026-01-02T17:00,-3.0,94,784.0
2026-01-02T18:00,-3.9,95,783.0
2026-01-02T19:00,-5.1,91,781.7
2026-01-02T20:00,-5.2,83,782.2
2026-01-02T21:00,-4.8,82,782.5
2026-01-02T22:00,-5.1,77,781.8
2026-01-02T23:00,-6.6,77,779.7
2026-01-03T00:00,-7.1,42,779.3
2026-01-03T01:00,-7.6,66,778.8
2026-01-03T02:00,-6.2,41,779.9
2026-01-03T03:00,-3.4,40,782.2
2026-01-03T04:00,1.9,33,786.1
2026-01-03T05:00,5.7,38,788.4
2026-01-03T06:00,8.8,36,790.6
2026-01-03T07:00,9.2,30,790.3
2026-01-03T08:00,8.5,35,789.6
2026-01-03T09:00,8.0,40,789.2
2026-01-03T10:00,7.5,44,788.8
2026-01-03T11:00,5.4,62,788.1
2026-01-03T12:00,2.6,87,786.8
2026-01-03T13:00,0.9,91,786.1
2026-01-03T14:00,-0.5,89,785.4
2026-01-03T15:00,-1.7,79,784.8
2026-01-03T16:00,-2.8,68,784.6
2026-01-03T17:00,-4.0,71,783.8
2026-01-03T18:00,-5.9,61,782.8
2026-01-03T19:00,-6.4,54,781.4
2026-01-03T20:00,-6.5,72,780.8
2026-01-03T21:00,-6.3,76,781.3
2026-01-03T22:00,-5.6,68,781.5
2026-01-03T23:00,-5.7,54,780.7
2026-01-04T00:00,-6.1,14,781.5
2026-01-04T01:00,-6.4,50,781.0
2026-01-04T02:00,-5.1,50,782.1
2026-01-04T03:00,-3.2,41,783.8
2026-01-04T04:00,0.5,50,787.1
2026-01-04T05:00,3.9,53,789.5
2026-01-04T06:00,6.6,53,791.5
2026-01-04T07:00,6.1,49,790.3
2026-01-04T08:00,6.5,43,789.6
2026-01-04T09:00,6.0,44,789.1
2026-01-04T10:00,5.6,46,788.7
2026-01-04T11:00,3.9,56,788.1
2026-01-04T12:00,2.4,74,787.3
2026-01-04T13:00,1.0,69,787.0
2026-01-04T14:00,-1.5,71,785.8
2026-01-04T15:00,-3.2,73,784.9
2026-01-04T16:00,-3.2,68,785.3
2026-01-04T17:00,-4.0,61,784.4
2026-01-04T18:00,-4.3,65,784.6
2026-01-04T19:00,-5.4,62,783.2
2026-01-04T20:00,-5.3,57,783.1
2026-01-04T21:00,-5.2,54,783.0
2026-01-04T22:00,-6.5,54,781.9
2026-01-04T23:00,-7.3,55,781.1
2026-01-05T00:00,-7.6,72,781.6
2026-01-05T01:00,-8.7,94,781.7
2026-01-05T02:00,-9.1,72,780.9
2026-01-05T03:00,-7.1,74,783.2
2026-01-05T04:00,-0.4,57,788.6
2026-01-05T05:00,2.8,46,790.2
2026-01-05T06:00,4.7,59,792.0
2026-01-05T07:00,4.7,47,791.2
2026-01-05T08:00,5.3,37,790.8
2026-01-05T09:00,5.6,33,790.3
2026-01-05T10:00,4.0,38,789.3
2026-01-05T11:00,2.2,40,788.1
2026-01-05T12:00,0.9,47,787.6
2026-01-05T13:00,-0.9,47,786.7
2026-01-05T14:00,-2.2,53,786.4
2026-01-05T15:00,-4.6,76,785.2
2026-01-05T16:00,-6.9,100,785.1
2026-01-05T17:00,-7.6,78,782.7
2026-01-05T18:00,-7.3,44,784.1
2026-01-05T19:00,-7.4,61,784.0
2026-01-05T20:00,-7.7,73,783.8
2026-01-05T21:00,-7.2,63,783.0
2026-01-05T22:00,-7.7,27,782.9
2026-01-05T23:00,-8.2,58,782.0
2026-01-06T00:00,-6.3,46,784.2
2026-01-06T01:00,-7.1,59,784.2
2026-01-06T02:00,-7.3,44,784.3
2026-01-06T03:00,-5.7,46,785.5
2026-01-06T04:00,-1.0,47,788.8
2026-01-06T05:00,0.8,53,791.2
2026-01-06T06:00,2.9,53,792.6
2026-01-06T07:00,2.6,57,791.5
2026-01-06T08:00,3.0,59,791.0
2026-01-06T09:00,3.2,60,790.4
2026-01-06T10:00,3.4,57,789.8
2026-01-06T11:00,2.0,71,789.8
2026-01-06T12:00,1.3,71,789.0
2026-01-06T13:00,0.2,80,789.4
2026-01-06T14:00,-0.8,85,789.1
2026-01-06T15:00,-1.4,86,788.6
2026-01-06T16:00,-2.7,94,788.3
2026-01-06T17:00,-4.0,90,786.8
2026-01-06T18:00,-5.5,82,785.8
2026-01-06T19:00,-9.0,84,782.9
2026-01-06T20:00,-9.9,69,781.4
2026-01-06T21:00,-11.2,65,780.4
2026-01-06T22:00,-11.2,44,779.4
2026-01-06T23:00,-12.0,45,778.1
2026-01-07T00:00,-14.3,61,776.8
2026-01-07T01:00,-14.9,55,776.1
2026-01-07T02:00,-15.2,52,776.3
2026-01-07T03:00,-11.2,45,779.6
2026-01-07T04:00,-2.1,28,787.0
2026-01-07T05:00,4.3,25,791.7
2026-01-07T06:00,6.0,24,791.8
2026-01-07T07:00,7.3,25,792.1
2026-01-07T08:00,7.3,27,791.6
2026-01-07T09:00,7.1,31,791.3
2026-01-07T10:00,6.5,33,790.6
2026-01-07T11:00,4.7,44,789.6
2026-01-07T12:00,0.8,55,787.5
2026-01-07T13:00,-1.6,52,786.5
2026-01-07T14:00,-4.1,54,785.3
2026-01-07T15:00,-6.8,56,783.4
2026-01-07T16:00,-8.9,53,781.8
2026-01-07T17:00,-10.1,45,780.5
2026-01-07T18:00,-11.3,38,779.7
2026-01-07T19:00,-12.9,32,777.8
2026-01-07T20:00,-13.8,26,777.2
2026-01-07T21:00,-14.2,23,777.0
2026-01-07T22:00,-14.0,20,776.7
2026-01-07T23:00,-13.8,16,776.2
2026-01-08T00:00,-15.1,21,775.3
2026-01-08T01:00,-15.3,17,775.1
2026-01-08T02:00,-15.0,14,775.9
2026-01-08T03:00,-11.0,10,779.6
2026-01-08T04:00,-2.3,7,786.9
2026-01-08T05:00,6.2,8,793.2
2026-01-08T06:00,8.5,12,793.9
2026-01-08T07:00,10.5,9,794.5
2026-01-08T08:00,10.6,10,793.8
2026-01-08T09:00,10.1,11,793.4
2026-01-08T10:00,9.1,13,792.4
2026-01-08T11:00,7.1,18,791.2
2026-01-08T12:00,3.4,19,788.7
2026-01-08T13:00,-0.9,25,785.7
2026-01-08T14:00,-4.6,32,783.3
2026-01-08T15:00,-7.0,30,781.7
2026-01-08T16:00,-8.1,25,780.6
2026-01-08T17:00,-8.6,22,779.9
2026-01-08T18:00,-9.6,25,779.6
2026-01-08T19:00,-10.0,22,779.0
2026-01-08T20:00,-10.8,22,778.3
2026-01-08T21:00,-11.7,25,777.7
2026-01-08T22:00,-12.4,29,777.1
2026-01-08T23:00,-13.0,33,776.4
2026-01-09T00:00,-12.1,34,777.5
2026-01-09T01:00,-12.5,35,777.6
2026-01-09T02:00,-12.7,36,778.1
2026-01-09T03:00,-9.1,34,781.2
2026-01-09T04:00,-0.8,23,788.1
2026-01-09T05:00,5.7,19,792.8
2026-01-09T06:00,7.0,26,793.1
2026-01-09T07:00,9.0,18,793.5
2026-01-09T08:00,9.3,18,793.0
2026-01-09T09:00,9.1,21,792.6
2026-01-09T10:00,8.2,28,792.0
2026-01-09T11:00,6.3,34,791.1
2026-01-09T12:00,3.3,34,788.8
2026-01-09T13:00,1.0,38,787.6
2026-01-09T14:00,-2.6,45,785.4
2026-01-09T15:00,-5.6,48,783.3
2026-01-09T16:00,-7.5,47,781.8
2026-01-09T17:00,-8.8,42,780.9
2026-01-09T18:00,-9.8,41,780.2
2026-01-09T19:00,-10.6,37,779.0
2026-01-09T20:00,-10.6,33,778.5
2026-01-09T21:00,-10.3,31,778.6
2026-01-09T22:00,-10.3,30,778.5
2026-01-09T23:00,-10.6,29,777.7
2026-01-10T00:00,-11.9,32,776.8
2026-01-10T01:00,-12.4,30,776.5
2026-01-10T02:00,-12.2,27,776.9
2026-01-10T03:00,-8.2,21,780.4
2026-01-10T04:00,0.4,13,787.3
2026-01-10T05:00,7.5,11,792.0
2026-01-10T06:00,9.3,15,792.1
2026-01-10T07:00,10.9,12,792.3
2026-01-10T08:00,10.6,13,791.5
2026-01-10T09:00,10.0,17,791.1
2026-01-10T10:00,9.0,23,790.7
2026-01-10T11:00,6.6,36,789.8
2026-01-10T12:00,4.8,39,788.6
2026-01-10T13:00,2.5,48,787.8
2026-01-10T14:00,-1.4,53,785.3
2026-01-10T15:00,-3.9,47,783.7
2026-01-10T16:00,-5.7,38,782.9
2026-01-10T17:00,-6.6,34,782.5
2026-01-10T18:00,-7.6,36,782.1
2026-01-10T19:00,-8.4,36,781.3
2026-01-10T20:00,-9.1,36,781.0
2026-01-10T21:00,-9.4,35,781.0
2026-01-10T22:00,-9.6,33,781.0
2026-01-10T23:00,-10.0,33,780.5
2026-01-11T00:00,-10.7,33,780.4
2026-01-11T01:00,-10.8,33,780.6
2026-01-11T02:00,-11.3,33,780.5
2026-01-11T03:00,-7.5,26,784.1
2026-01-11T04:00,0.7,17,791.1
2026-01-11T05:00,6.6,14,795.5
2026-01-11T06:00,9.5,14,796.2
2026-01-11T07:00,11.2,11,796.1
2026-01-11T08:00,11.9,11,795.6
2026-01-11T09:00,12.0,11,794.8
2026-01-11T10:00,11.2,12,794.3
2026-01-11T11:00,8.5,20,793.0
2026-01-11T12:00,5.3,23,791.1
2026-01-11T13:00,1.4,29,789.1
2026-01-11T14:00,-2.3,37,786.2
2026-01-11T15:00,-4.3,36,784.7
2026-01-11T16:00,-4.6,30,784.6
2026-01-11T17:00,-4.6,24,784.0
2026-01-11T18:00,-6.1,26,782.8
2026-01-11T19:00,-6.1,22,782.4
2026-01-11T20:00,-5.9,19,782.2
2026-01-11T21:00,-5.1,18,782.8
2026-01-11T22:00,-4.7,17,783.2
2026-01-11T23:00,-3.9,17,783.2
2026-01-12T00:00,-4.6,17,782.5
2026-01-12T01:00,-4.2,18,782.6
2026-01-12T02:00,-4.1,17,782.9
2026-01-12T03:00,-1.1,15,785.5
2026-01-12T04:00,5.6,12,790.8
2026-01-12T05:00,12.9,10,796.0
2026-01-12T06:00,13.8,13,796.5
2026-01-12T07:00,14.0,12,796.2
2026-01-12T08:00,13.6,13,795.8
2026-01-12T09:00,13.5,15,795.3
2026-01-12T10:00,12.1,20,794.6
2026-01-12T11:00,9.7,31,793.2
2026-01-12T12:00,7.2,36,791.7
2026-01-12T13:00,5.3,36,790.8
2026-01-12T14:00,2.9,36,789.7
2026-01-12T15:00,0.7,38,788.7
2026-01-12T16:00,-1.2,37,787.6
2026-01-12T17:00,-2.5,34,786.8
2026-01-12T18:00,-2.1,30,787.3
2026-01-12T19:00,-2.9,28,786.3
2026-01-12T20:00,-3.3,26,785.6
2026-01-12T21:00,-3.3,24,785.5
2026-01-12T22:00,-3.3,23,785.1
2026-01-12T23:00,-3.1,22,784.8
2026-01-13T00:00,-3.0,23,784.9
2026-01-13T01:00,-3.0,23,784.7
2026-01-13T02:00,-3.4,22,784.6
2026-01-13T03:00,-0.8,18,787.1
2026-01-13T04:00,6.3,14,792.5
2026-01-13T05:00,11.9,12,796.3
2026-01-13T06:00,13.3,15,796.3
2026-01-13T07:00,13.8,14,795.7
2026-01-13T08:00,13.6,15,794.9
2026-01-13T09:00,13.3,16,794.3
2026-01-13T10:00,12.2,19,793.5
2026-01-13T11:00,9.8,28,792.1
2026-01-13T12:00,7.6,33,790.7
2026-01-13T13:00,5.6,34,789.7
2026-01-13T14:00,2.3,41,787.5
2026-01-13T15:00,-0.3,42,785.7
2026-01-13T16:00,-2.0,39,784.6
2026-01-13T17:00,-2.5,34,784.1
2026-01-13T18:00,-2.4,32,784.2
2026-01-13T19:00,-2.9,30,783.1
2026-01-13T20:00,-3.2,28,782.3
2026-01-13T21:00,-3.2,26,782.2
2026-01-13T22:00,-3.5,25,781.4
2026-01-13T23:00,-4.0,24,780.7
2026-01-14T00:00,-4.9,26,779.9
2026-01-14T01:00,-6.0,26,779.2
2026-01-14T02:00,-6.8,26,778.9
2026-01-14T03:00,-3.3,20,782.1
2026-01-14T04:00,4.7,14,788.2
2026-01-14T05:00,11.2,11,792.5
2026-01-14T06:00,12.7,14,792.3
2026-01-14T07:00,13.3,13,791.9
2026-01-14T08:00,13.3,16,791.3
2026-01-14T09:00,12.9,18,790.9
2026-01-14T10:00,11.8,21,790.4
2026-01-14T11:00,9.5,29,789.4
2026-01-14T12:00,6.9,34,787.9
2026-01-14T13:00,4.2,37,786.9
2026-01-14T14:00,0.7,44,784.9
2026-01-14T15:00,-1.9,47,783.2
2026-01-14T16:00,-3.5,42,782.4
2026-01-14T17:00,-4.1,36,782.2
2026-01-14T18:00,-3.5,33,782.9
2026-01-14T19:00,-4.3,29,782.1
2026-01-14T20:00,-4.9,26,781.1
2026-01-14T21:00,-5.7,26,780.3
2026-01-14T22:00,-6.6,26,779.1
2026-01-14T23:00,-6.8,24,778.7
2026-01-15T00:00,-6.4,24,778.9
2026-01-15T01:00,-6.7,21,779.1
2026-01-15T02:00,-6.7,23,779.5
2026-01-15T03:00,-2.5,19,783.1
2026-01-15T04:00,6.2,13,789.7
2026-01-15T05:00,12.4,11,793.7
2026-01-15T06:00,13.3,15,793.4
2026-01-15T07:00,14.1,16,793.5
2026-01-15T08:00,13.8,17,792.9
2026-01-15T09:00,13.1,19,792.3
2026-01-15T10:00,12.5,21,791.9
2026-01-15T11:00,10.7,29,791.2
2026-01-15T12:00,6.6,43,789.4
2026-01-15T13:00,4.5,59,788.3
2026-01-15T14:00,0.9,72,787.2
2026-01-15T15:00,-0.2,72,787.0
2026-01-15T16:00,-1.0,66,787.0
2026-01-15T17:00,-1.5,65,785.9
2026-01-15T18:00,-2.1,90,786.1
2026-01-15T19:00,-2.3,77,784.7
2026-01-15T20:00,-2.8,92,784.6
2026-01-15T21:00,-2.7,96,784.4
2026-01-15T22:00,-2.1,88,784.8
2026-01-15T23:00,-1.7,82,784.7
2026-01-16T00:00,-3.5,40,782.2
2026-01-16T01:00,-4.1,41,782.0
2026-01-16T02:00,-3.6,41,782.8
2026-01-16T03:00,0.5,34,786.3
2026-01-16T04:00,7.6,24,791.7
2026-01-16T05:00,12.4,22,795.0
2026-01-16T06:00,13.5,22,794.9
2026-01-16T07:00,14.1,21,794.5
2026-01-16T08:00,13.5,23,793.8
2026-01-16T09:00,11.5,34,792.6
2026-01-16T10:00,10.6,42,792.3
2026-01-16T11:00,9.1,42,791.3
2026-01-16T12:00,8.7,45,791.2
2026-01-16T13:00,8.3,44,791.3
2026-01-16T14:00,8.3,43,791.9
2026-01-16T15:00,7.9,44,791.8
2026-01-16T16:00,7.1,48,791.5
2026-01-16T17:00,6.8,48,790.4
2026-01-16T18:00,6.0,57,789.5
2026-01-16T19:00,5.5,57,789.5
2026-01-16T20:00,5.0,67,789.5
2026-01-16T21:00,4.4,68,789.5
2026-01-16T22:00,4.3,63,788.9
2026-01-16T23:00,4.4,64,788.6
2026-01-17T00:00,4.0,58,788.2
2026-01-17T01:00,3.4,53,788.0
2026-01-17T02:00,3.0,57,788.0
2026-01-17T03:00,3.8,58,788.6
2026-01-17T04:00,7.3,50,791.8
2026-01-17T05:00,10.4,37,793.4
2026-01-17T06:00,11.6,33,793.4
2026-01-17T07:00,12.4,28,793.1
2026-01-17T08:00,11.5,29,792.6
2026-01-17T09:00,11.8,24,791.6
2026-01-17T10:00,11.3,25,790.9
2026-01-17T11:00,9.5,32,789.5
2026-01-17T12:00,6.6,33,787.7
2026-01-17T13:00,5.7,31,787.6
2026-01-17T14:00,3.7,34,786.1
2026-01-17T15:00,2.3,33,785.1
2026-01-17T16:00,0.5,23,784.3
2026-01-17T17:00,-1.0,18,783.2
2026-01-17T18:00,-0.6,37,784.1
2026-01-17T19:00,-1.6,42,782.9
2026-01-17T20:00,-1.5,41,782.5
2026-01-17T21:00,-1.6,29,781.9
2026-01-17T22:00,-1.4,21,781.6
2026-01-17T23:00,-1.3,18,780.9
2026-01-18T00:00,-0.1,36,781.5
2026-01-18T01:00,-0.4,38,781.0
2026-01-18T02:00,-1.1,40,780.9
2026-01-18T03:00,1.2,36,782.8
2026-01-18T04:00,6.7,27,787.4
2026-01-18T05:00,9.4,26,789.5
2026-01-18T06:00,9.4,27,789.3
2026-01-18T07:00,9.4,27,789.2
2026-01-18T08:00,9.3,28,788.6
2026-01-18T09:00,8.6,32,788.0
2026-01-18T10:00,7.6,45,787.4
2026-01-18T11:00,6.0,61,787.5
2026-01-18T12:00,5.0,50,786.1
2026-01-18T13:00,3.6,58,786.4
2026-01-18T14:00,2.5,66,786.4
2026-01-18T15:00,1.1,69,785.9
2026-01-18T16:00,0.4,67,786.1
2026-01-18T17:00,0.3,66,786.1
2026-01-18T18:00,0.8,61,785.9
2026-01-18T19:00,0.6,50,785.2
2026-01-18T20:00,-0.5,59,784.5
2026-01-18T21:00,-1.4,81,783.9
2026-01-18T22:00,-2.4,2,783.2
2026-01-18T23:00,-4.1,40,782.2
2026-01-19T00:00,-4.6,49,781.0
2026-01-19T01:00,-5.2,43,781.1
2026-01-19T02:00,-5.9,37,780.7
2026-01-19T03:00,-2.9,36,783.1
2026-01-19T04:00,4.2,32,789.2
2026-01-19T05:00,7.7,31,791.5
2026-01-19T06:00,8.3,28,791.4
2026-01-19T07:00,9.0,31,791.5
2026-01-19T08:00,9.1,32,790.9
2026-01-19T09:00,8.9,32,790.4
2026-01-19T10:00,7.6,38,790.1
2026-01-19T11:00,6.1,50,789.6
2026-01-19T12:00,3.9,66,787.5
2026-01-19T13:00,2.0,71,787.1
2026-01-19T14:00,0.1,71,785.9
2026-01-19T15:00,-1.4,88,785.7
2026-01-19T16:00,-2.8,2,784.6
2026-01-19T17:00,-3.6,38,783.7
2026-01-19T18:00,-5.2,48,782.3
2026-01-19T19:00,-6.1,56,781.3
2026-01-19T20:00,-6.1,28,781.5
2026-01-19T21:00,-4.6,29,781.8
2026-01-19T22:00,-4.3,23,781.7
2026-01-19T23:00,-4.2,27,781.7
2026-01-20T00:00,-3.1,69,784.2
2026-01-20T01:00,-4.3,39,782.7
2026-01-20T02:00,-4.4,42,782.8
2026-01-20T03:00,-2.0,66,784.9
2026-01-20T04:00,4.0,37,789.4
2026-01-20T05:00,7.2,27,791.3
2026-01-20T06:00,8.3,24,791.7
2026-01-20T07:00,9.0,25,791.7
2026-01-20T08:00,9.4,22,791.3
2026-01-20T09:00,8.7,24,790.6
2026-01-20T10:00,8.3,25,790.4
2026-01-20T11:00,6.6,30,789.4
2026-01-20T12:00,3.5,40,787.4
2026-01-20T13:00,1.6,48,786.9
2026-01-20T14:00,0.4,47,786.4
2026-01-20T15:00,-2.0,52,785.8
2026-01-20T16:00,-4.6,52,783.9
2026-01-20T17:00,-5.0,54,783.7
2026-01-20T18:00,-6.4,53,782.4
2026-01-20T19:00,-6.6,46,781.8
2026-01-20T20:00,-6.3,39,781.8
2026-01-20T21:00,-6.2,36,781.7
2026-01-20T22:00,-6.2,34,781.4
2026-01-20T23:00,-6.6,33,780.8
2026-01-21T00:00,-8.7,31,779.5
2026-01-21T01:00,-9.0,31,779.2
2026-01-21T02:00,-9.2,30,779.6
2026-01-21T03:00,-5.2,23,783.3
2026-01-21T04:00,3.2,14,790.0
2026-01-21T05:00,8.7,12,793.4
2026-01-21T06:00,10.8,13,793.4
2026-01-21T07:00,11.9,13,793.4
2026-01-21T08:00,12.0,14,792.8
2026-01-21T09:00,11.6,17,792.4
2026-01-21T10:00,10.9,23,791.9
2026-01-21T11:00,8.9,30,790.9
2026-01-21T12:00,5.7,35,788.7
2026-01-21T13:00,3.1,42,787.8
2026-01-21T14:00,1.4,48,787.5
2026-01-21T15:00,-1.3,53,786.2
2026-01-21T16:00,-3.8,53,784.5
2026-01-21T17:00,-5.6,50,783.0
2026-01-21T18:00,-5.1,45,784.1
2026-01-21T19:00,-6.4,46,783.0
2026-01-21T20:00,-7.0,46,781.9
2026-01-21T21:00,-7.3,45,781.6
2026-01-21T22:00,-7.9,43,780.6
2026-01-21T23:00,-8.4,39,779.8
2026-01-22T00:00,-9.7,40,778.5
2026-01-22T01:00,-10.2,34,777.9
2026-01-22T02:00,-10.2,31,778.0
2026-01-22T03:00,-5.6,23,781.9
2026-01-22T04:00,3.4,15,788.7
2026-01-22T05:00,9.3,15,792.9
2026-01-22T06:00,10.4,17,792.9
2026-01-22T07:00,11.2,20,793.3
2026-01-22T08:00,10.8,22,792.6
2026-01-22T09:00,10.3,22,791.7
2026-01-22T10:00,9.4,22,790.9
2026-01-22T11:00,7.7,29,790.0
2026-01-22T12:00,5.4,29,788.1
2026-01-22T13:00,4.2,27,788.1
2026-01-22T14:00,3.2,29,787.8
2026-01-22T15:00,2.5,31,787.9
2026-01-22T16:00,1.6,27,787.4
2026-01-22T17:00,0.9,48,787.0
2026-01-22T18:00,0.9,41,785.6
2026-01-22T19:00,0.3,45,784.8
2026-01-22T20:00,0.5,45,784.1
2026-01-22T21:00,1.0,44,783.6
2026-01-22T22:00,1.4,42,784.0
2026-01-22T23:00,0.7,48,783.2
2026-01-23T00:00,-0.8,56,783.5
2026-01-23T01:00,-1.7,66,783.8
2026-01-23T02:00,-2.0,74,783.5
2026-01-23T03:00,-1.4,76,783.8
2026-01-23T04:00,-1.9,86,784.8
2026-01-23T05:00,-2.1,90,785.9
2026-01-23T06:00,-0.9,89,785.9
2026-01-23T07:00,-0.1,85,785.7
2026-01-23T08:00,0.1,84,785.1
2026-01-23T09:00,0.2,88,784.8
2026-01-23T10:00,-0.4,92,784.9
2026-01-23T11:00,-0.1,89,784.7
2026-01-23T12:00,0.2,92,784.8
2026-01-23T13:00,-1.4,95,784.7
2026-01-23T14:00,-1.2,91,784.8
2026-01-23T15:00,-1.4,87,784.1
2026-01-23T16:00,-2.0,94,785.2
2026-01-23T17:00,-2.3,94,785.8
2026-01-23T18:00,-2.4,97,784.6
2026-01-23T19:00,-1.7,94,785.3
2026-01-23T20:00,-1.6,94,786.2
2026-01-23T21:00,-1.3,89,787.4
2026-01-23T22:00,-1.3,79,787.6
2026-01-23T23:00,-1.5,70,787.9
2026-01-24T00:00,-1.2,78,787.2
2026-01-24T01:00,-1.3,72,788.1
2026-01-24T02:00,-0.8,66,789.1
2026-01-24T03:00,-0.1,71,790.2
2026-01-24T04:00,1.7,61,791.3
2026-01-24T05:00,2.9,57,791.7
2026-01-24T06:00,4.1,57,792.3
2026-01-24T07:00,4.6,56,792.5
2026-01-24T08:00,4.7,50,792.4
2026-01-24T09:00,4.5,50,792.3
2026-01-24T10:00,4.5,47,791.8
2026-01-24T11:00,4.3,42,791.2
2026-01-24T12:00,1.8,60,789.8
2026-01-24T13:00,-0.2,63,789.0
2026-01-24T14:00,-3.0,70,786.9
2026-01-24T15:00,-5.7,75,785.1
2026-01-24T16:00,-7.3,70,783.9
2026-01-24T17:00,-7.3,58,783.4
2026-01-24T18:00,-7.3,55,783.0
2026-01-24T19:00,-7.5,50,782.6
2026-01-24T20:00,-7.4,47,782.3
2026-01-24T21:00,-5.3,41,783.7
2026-01-24T22:00,-4.3,39,784.6
2026-01-24T23:00,-3.9,42,784.6
2026-01-25T00:00,-3.0,48,785.5
2026-01-25T01:00,-3.3,53,785.6
2026-01-25T02:00,-3.2,58,786.2
2026-01-25T03:00,-1.4,57,788.0
2026-01-25T04:00,1.8,53,790.7
2026-01-25T05:00,5.3,47,793.2
2026-01-25T06:00,6.6,43,793.6
2026-01-25T07:00,7.3,36,793.1
2026-01-25T08:00,8.6,27,792.7
2026-01-25T09:00,8.8,27,792.1
2026-01-25T10:00,8.4,28,791.8
2026-01-25T11:00,7.2,30,790.7
2026-01-25T12:00,4.5,33,789.1
2026-01-25T13:00,1.1,50,788.2
2026-01-25T14:00,-2.6,71,786.8
2026-01-25T15:00,-4.0,97,786.1
2026-01-25T16:00,-4.4,93,786.1
2026-01-25T17:00,-4.2,2,785.9
2026-01-25T18:00,-6.6,29,783.7
2026-01-25T19:00,-7.1,45,782.4
2026-01-25T20:00,-6.8,44,782.2
2026-01-25T21:00,-6.7,40,782.1
2026-01-25T22:00,-6.3,38,782.1
2026-01-25T23:00,-6.4,36,781.5
2026-01-26T00:00,-6.4,44,781.0
2026-01-26T01:00,-5.3,41,782.3
2026-01-26T02:00,-5.1,40,783.1
2026-01-26T03:00,-2.0,33,786.2
2026-01-26T04:00,3.9,25,791.0
2026-01-26T05:00,8.3,22,794.2
2026-01-26T06:00,10.2,20,794.7
2026-01-26T07:00,10.5,20,794.6
2026-01-26T08:00,10.2,21,794.2
2026-01-26T09:00,9.8,24,793.8
2026-01-26T10:00,9.2,28,793.6
2026-01-26T11:00,7.7,37,792.9
2026-01-26T12:00,5.4,45,791.6
2026-01-26T13:00,3.7,52,791.0
2026-01-26T14:00,2.8,58,790.6
2026-01-26T15:00,2.6,60,790.4
2026-01-26T16:00,2.4,61,790.4
2026-01-26T17:00,2.5,61,791.3
2026-01-26T18:00,3.1,63,792.5
2026-01-26T19:00,2.1,75,791.5
2026-01-26T20:00,1.4,82,790.1
2026-01-26T21:00,1.1,82,789.7
2026-01-26T22:00,1.5,81,790.1
2026-01-26T23:00,1.5,84,789.6
2026-01-27T00:00,1.9,83,789.2
2026-01-27T01:00,2.2,80,789.9
2026-01-27T02:00,1.9,78,790.2
2026-01-27T03:00,2.3,76,790.7
2026-01-27T04:00,3.6,65,791.7
2026-01-27T05:00,5.0,59,792.7
2026-01-27T06:00,4.7,70,792.6
2026-01-27T07:00,4.9,60,791.8
2026-01-27T08:00,5.1,51,790.8
2026-01-27T09:00,4.9,59,789.8
2026-01-27T10:00,4.1,71,789.0
2026-01-27T11:00,3.8,78,788.4
2026-01-27T12:00,2.9,83,788.3
2026-01-27T13:00,2.1,90,788.1
2026-01-27T14:00,1.9,88,788.5
2026-01-27T15:00,1.7,85,788.9
2026-01-27T16:00,1.7,80,788.4
2026-01-27T17:00,1.5,81,788.2
2026-01-27T18:00,1.8,93,787.3
2026-01-27T19:00,0.7,98,787.1
2026-01-27T20:00,0.8,96,787.2
2026-01-27T21:00,0.7,97,787.3
2026-01-27T22:00,1.0,96,787.5
2026-01-27T23:00,1.0,95,787.3
2026-01-28T00:00,-0.3,83,786.1
2026-01-28T01:00,-2.1,88,784.6
2026-01-28T02:00,-4.8,92,782.9
2026-01-28T03:00,-3.2,82,785.0
2026-01-28T04:00,3.0,56,789.9
2026-01-28T05:00,6.0,48,791.4
2026-01-28T06:00,6.5,43,791.8
2026-01-28T07:00,7.8,36,792.1
2026-01-28T08:00,7.8,38,791.7
2026-01-28T09:00,7.5,40,791.4
2026-01-28T10:00,7.1,46,791.5
2026-01-28T11:00,6.0,54,791.0
2026-01-28T12:00,3.6,71,790.2
2026-01-28T13:00,2.0,80,789.8
2026-01-28T14:00,0.5,85,788.7
2026-01-28T15:00,-1.6,92,786.9
2026-01-28T16:00,-3.0,91,785.9
2026-01-28T17:00,-3.7,87,785.1
2026-01-28T18:00,-4.1,81,784.7
2026-01-28T19:00,-5.0,77,783.6
2026-01-28T20:00,-5.2,73,783.4
2026-01-28T21:00,-5.5,71,782.5
2026-01-28T22:00,-5.7,71,782.4
2026-01-28T23:00,-6.0,66,781.8
2026-01-29T00:00,-4.6,51,783.1
2026-01-29T01:00,-5.7,47,781.7
2026-01-29T02:00,-5.3,47,782.3
2026-01-29T03:00,-2.2,41,785.3
2026-01-29T04:00,4.6,30,790.7
2026-01-29T05:00,7.9,24,793.1
2026-01-29T06:00,9.4,21,793.5
2026-01-29T07:00,9.9,22,793.5
2026-01-29T08:00,10.1,23,793.2
2026-01-29T09:00,10.5,22,792.8
2026-01-29T10:00,9.7,26,792.4
2026-01-29T11:00,7.9,36,791.7
2026-01-29T12:00,5.3,41,790.1
2026-01-29T13:00,2.5,42,788.7
2026-01-29T14:00,-0.2,51,787.5
2026-01-29T15:00,-2.3,58,786.2
2026-01-29T16:00,-4.4,77,785.6
2026-01-29T17:00,-5.1,60,784.7
2026-01-29T18:00,-5.4,42,784.2
2026-01-29T19:00,-4.4,29,784.7
2026-01-29T20:00,-3.3,24,785.1
2026-01-29T21:00,-3.0,23,784.6
2026-01-29T22:00,-2.6,24,784.6
2026-01-29T23:00,-2.1,23,785.1
2026-01-30T00:00,-2.7,28,785.1
2026-01-30T01:00,-3.2,30,784.7
2026-01-30T02:00,-3.3,30,784.8
2026-01-30T03:00,0.2,24,787.9
2026-01-30T04:00,6.3,19,793.0
2026-01-30T05:00,10.3,18,795.6
2026-01-30T06:00,11.0,17,795.5
2026-01-30T07:00,12.1,17,795.5
2026-01-30T08:00,12.3,17,794.5
2026-01-30T09:00,11.9,19,793.8
2026-01-30T10:00,11.5,21,793.7
2026-01-30T11:00,10.2,26,793.2
2026-01-30T12:00,7.6,31,791.6
2026-01-30T13:00,6.0,34,791.1
2026-01-30T14:00,4.6,40,791.1
2026-01-30T15:00,2.5,56,790.6
2026-01-30T16:00,2.1,63,790.7
2026-01-30T17:00,0.6,63,789.4
2026-01-30T18:00,-0.7,65,788.2
2026-01-30T19:00,-1.6,63,787.1
2026-01-30T20:00,-2.1,51,787.0
2026-01-30T21:00,-1.3,39,787.3
2026-01-30T22:00,-1.2,31,787.1
2026-01-30T23:00,-1.2,28,786.9
2026-01-31T00:00,-0.4,38,787.4
2026-01-31T01:00,-0.5,30,787.7
2026-01-31T02:00,-0.0,25,788.1
2026-01-31T03:00,2.1,23,789.7
2026-01-31T04:00,6.2,23,792.8
2026-01-31T05:00,10.1,27,795.6
2026-01-31T06:00,10.6,22,795.1
2026-01-31T07:00,11.6,21,795.0
2026-01-31T08:00,11.4,22,794.2
2026-01-31T09:00,11.0,25,793.7
2026-01-31T10:00,10.5,26,793.3
2026-01-31T11:00,8.8,42,792.4
2026-01-31T12:00,7.2,36,791.1
2026-01-31T13:00,6.1,45,791.3
2026-01-31T14:00,5.4,52,791.4
2026-01-31T15:00,5.1,50,791.4
2026-01-31T16:00,4.2,50,790.9
2026-01-31T17:00,3.4,56,791.1
2026-01-31T18:00,2.5,67,791.3
2026-01-31T19:00,1.2,79,790.4
2026-01-31T20:00,0.6,81,789.8
2026-01-31T21:00,0.9,65,789.2
2026-01-31T22:00,1.2,54,789.0
2026-01-31T23:00,1.0,62,788.3
2026-02-01T00:00,-0.2,71,787.5
2026-02-01T01:00,-0.5,75,787.5
2026-02-01T02:00,-0.8,78,787.9
2026-02-01T03:00,0.2,78,788.9
2026-02-01T04:00,4.3,64,792.1
2026-02-01T05:00,6.8,56,793.6
2026-02-01T06:00,6.2,55,793.7
2026-02-01T07:00,6.3,57,793.7
2026-02-01T08:00,6.2,57,792.9
2026-02-01T09:00,6.6,57,791.9
2026-02-01T10:00,6.1,61,791.4
2026-02-01T11:00,4.8,70,791.1
2026-02-01T12:00,3.4,84,790.2
2026-02-01T13:00,2.3,92,790.3
2026-02-01T14:00,2.1,92,790.2
2026-02-01T15:00,1.8,95,790.8
2026-02-01T16:00,1.8,94,790.8
2026-02-01T17:00,1.8,96,791.1
2026-02-01T18:00,1.5,94,791.3
2026-02-01T19:00,1.8,94,791.1
2026-02-01T20:00,0.2,94,789.8
2026-02-01T21:00,-0.4,96,789.0
2026-02-01T22:00,-0.7,95,788.4
2026-02-01T23:00,-1.7,99,788.0
2026-02-02T00:00,-2.7,77,786.9
2026-02-02T01:00,-5.5,79,784.6
2026-02-02T02:00,-7.0,80,784.1
2026-02-02T03:00,-3.2,65,786.8
2026-02-02T04:00,4.5,34,792.5
2026-02-02T05:00,7.7,30,794.5
2026-02-02T06:00,8.2,33,794.6
2026-02-02T07:00,9.1,31,794.7
2026-02-02T08:00,8.9,32,793.8
2026-02-02T09:00,8.7,33,793.2
2026-02-02T10:00,8.1,37,792.5
2026-02-02T11:00,7.2,43,792.0
2026-02-02T12:00,5.3,48,790.7
2026-02-02T13:00,4.2,49,789.9
2026-02-02T14:00,3.3,53,789.6
2026-02-02T15:00,2.0,61,789.0
2026-02-02T16:00,1.4,63,788.7
2026-02-02T17:00,0.7,64,788.0
2026-02-02T18:00,0.6,65,787.8
2026-02-02T19:00,0.1,67,787.2
2026-02-02T20:00,-0.1,69,787.4
2026-02-02T21:00,-0.2,70,787.3
2026-02-02T22:00,-0.5,73,786.6
2026-02-02T23:00,-1.1,70,786.1
2026-02-03T00:00,-1.0,73,786.7
2026-02-03T01:00,-2.0,66,786.5
2026-02-03T02:00,-2.6,61,786.7
2026-02-03T03:00,-1.3,57,788.6
2026-02-03T04:00,1.3,66,791.5
2026-02-03T05:00,2.7,66,793.5
2026-02-03T06:00,4.7,55,793.8
2026-02-03T07:00,5.8,51,793.7
2026-02-03T08:00,5.9,53,793.0
2026-02-03T09:00,6.0,54,792.3
2026-02-03T10:00,5.3,64,792.0
2026-02-03T11:00,5.1,64,791.6
2026-02-03T12:00,3.3,82,791.2
2026-02-03T13:00,2.2,88,790.9
2026-02-03T14:00,1.2,93,790.5
2026-02-03T15:00,0.4,96,790.4
2026-02-03T16:00,0.3,92,791.0
2026-02-03T17:00,-0.1,90,790.7
2026-02-03T18:00,-1.9,90,789.7
2026-02-03T19:00,-4.4,72,787.5
2026-02-03T20:00,-5.6,70,786.5
2026-02-03T21:00,-6.6,66,785.9
2026-02-03T22:00,-7.4,56,785.4
2026-02-03T23:00,-8.5,63,783.9
2026-02-04T00:00,-8.9,31,783.6
2026-02-04T01:00,-9.1,35,783.2
2026-02-04T02:00,-8.9,35,783.5
2026-02-04T03:00,-5.5,28,786.4
2026-02-04T04:00,3.2,17,793.2
2026-02-04T05:00,7.1,17,795.4
2026-02-04T06:00,8.3,18,795.5
2026-02-04T07:00,9.4,16,795.9
2026-02-04T08:00,9.4,16,795.1
2026-02-04T09:00,9.2,18,794.5
2026-02-04T10:00,8.8,23,794.2
2026-02-04T11:00,7.6,33,793.7
2026-02-04T12:00,4.3,41,791.5
2026-02-04T13:00,1.3,48,789.9
2026-02-04T14:00,-2.5,56,787.4
2026-02-04T15:00,-5.9,62,784.9
2026-02-04T16:00,-7.7,55,783.4
2026-02-04T17:00,-8.4,44,782.6
2026-02-04T18:00,-9.0,41,781.8
2026-02-04T19:00,-8.9,32,781.8
2026-02-04T20:00,-8.6,26,781.8
2026-02-04T21:00,-8.1,22,782.1
2026-02-04T22:00,-8.6,21,781.5
2026-02-04T23:00,-9.3,21,780.9
2026-02-05T00:00,-11.3,28,779.1
2026-02-05T01:00,-10.9,27,779.4
2026-02-05T02:00,-10.0,24,780.7
2026-02-05T03:00,-5.8,19,784.6
2026-02-05T04:00,2.8,14,791.4
2026-02-05T05:00,9.3,9,795.6
2026-02-05T06:00,11.2,13,795.9
2026-02-05T07:00,12.6,12,795.9
2026-02-05T08:00,12.9,12,795.3
2026-02-05T09:00,12.8,12,794.8
2026-02-05T10:00,12.1,15,794.5
2026-02-05T11:00,10.3,23,793.7
2026-02-05T12:00,8.2,26,792.4
2026-02-05T13:00,5.8,29,791.3
2026-02-05T14:00,2.9,35,790.2
2026-02-05T15:00,-0.8,42,787.5
2026-02-05T16:00,-3.2,41,785.9
2026-02-05T17:00,-4.1,34,785.1
2026-02-05T18:00,-4.6,35,784.7
2026-02-05T19:00,-4.7,31,784.3
2026-02-05T20:00,-4.8,32,784.2
2026-02-05T21:00,-4.9,31,783.9
2026-02-05T22:00,-5.1,30,783.3
2026-02-05T23:00,-5.7,30,782.6
2026-02-06T00:00,-8.0,37,780.5
2026-02-06T01:00,-8.8,39,780.4
2026-02-06T02:00,-8.9,39,780.9
2026-02-06T03:00,-4.3,32,785.0
2026-02-06T04:00,4.7,21,792.0
2026-02-06T05:00,9.7,18,795.1
2026-02-06T06:00,11.7,17,795.6
2026-02-06T07:00,12.6,16,795.5
2026-02-06T08:00,12.6,16,794.6
2026-02-06T09:00,12.5,17,793.9
2026-02-06T10:00,11.8,22,793.2
2026-02-06T11:00,10.2,31,792.3
2026-02-06T12:00,7.2,39,790.7
2026-02-06T13:00,4.7,49,789.5
2026-02-06T14:00,2.0,57,788.5
2026-02-06T15:00,-1.2,66,786.6
2026-02-06T16:00,-3.1,65,785.7
2026-02-06T17:00,-3.4,53,785.6
2026-02-06T18:00,-3.1,48,786.4
2026-02-06T19:00,-3.7,8,785.7
2026-02-06T20:00,-3.9,45,785.2
2026-02-06T21:00,-4.0,31,784.0
2026-02-06T22:00,-4.8,64,783.4
2026-02-06T23:00,-4.9,48,782.8
2026-02-07T00:00,-5.5,62,783.0
2026-02-07T01:00,-6.1,68,782.0
2026-02-07T02:00,-6.9,93,781.4
2026-02-07T03:00,-2.6,68,784.6
2026-02-07T04:00,4.9,46,790.6
2026-02-07T05:00,8.6,37,792.6
2026-02-07T06:00,9.5,30,792.7
2026-02-07T07:00,10.7,25,792.8
2026-02-07T08:00,10.8,24,792.1
2026-02-07T09:00,10.5,26,791.3
2026-02-07T10:00,9.9,30,790.9
2026-02-07T11:00,8.8,35,790.3
2026-02-07T12:00,5.6,51,787.9
2026-02-07T13:00,3.1,56,787.2
2026-02-07T14:00,0.3,63,786.1
2026-02-07T15:00,-2.9,67,783.6
2026-02-07T16:00,-5.6,61,781.7
2026-02-07T17:00,-6.9,47,780.7
2026-02-07T18:00,-7.8,43,779.7
2026-02-07T19:00,-8.1,34,779.5
2026-02-07T20:00,-8.6,30,779.2
2026-02-07T21:00,-9.1,27,778.5
2026-02-07T22:00,-9.8,27,777.5
2026-02-07T23:00,-10.6,26,776.4
2026-02-08T00:00,-11.1,33,775.8
2026-02-08T01:00,-11.1,31,776.0
2026-02-08T02:00,-11.0,30,776.8
2026-02-08T03:00,-5.6,22,781.4
2026-02-08T04:00,3.9,14,788.8
2026-02-08T05:00,10.4,9,793.1
2026-02-08T06:00,12.5,15,793.0
2026-02-08T07:00,13.6,13,793.4
2026-02-08T08:00,13.6,14,792.7
2026-02-08T09:00,13.5,15,792.0
2026-02-08T10:00,12.9,19,791.4
2026-02-08T11:00,10.7,31,790.8
2026-02-08T12:00,8.1,36,789.2
2026-02-08T13:00,4.9,43,787.4
2026-02-08T14:00,1.1,54,784.7
2026-02-08T15:00,-1.1,52,783.2
2026-02-08T16:00,-1.7,43,783.0
2026-02-08T17:00,-1.5,35,783.3
2026-02-08T18:00,-2.0,38,783.1
2026-02-08T19:00,-2.1,34,782.8
2026-02-08T20:00,-2.6,32,782.0
2026-02-08T21:00,-2.5,29,781.9
2026-02-08T22:00,-2.2,29,781.7
2026-02-08T23:00,-2.6,30,780.8
2026-02-09T00:00,-1.0,33,782.2
2026-02-09T01:00,-1.7,35,782.0
2026-02-09T02:00,-2.1,35,782.2
2026-02-09T03:00,0.9,29,785.1
2026-02-09T04:00,7.1,23,790.0
2026-02-09T05:00,10.8,22,792.4
2026-02-09T06:00,10.7,27,792.5
2026-02-09T07:00,11.1,27,792.8
2026-02-09T08:00,10.8,29,792.1
2026-02-09T09:00,9.9,33,791.5
2026-02-09T10:00,9.6,35,791.1
2026-02-09T11:00,9.2,37,790.8
2026-02-09T12:00,7.0,49,789.4
2026-02-09T13:00,6.1,50,789.7
2026-02-09T14:00,4.7,58,789.7
2026-02-09T15:00,3.5,62,789.3
2026-02-09T16:00,2.8,68,789.3
2026-02-09T17:00,1.2,65,788.2
2026-02-09T18:00,1.2,67,788.1
2026-02-09T19:00,1.2,75,788.8
2026-02-09T20:00,1.4,80,789.1
2026-02-09T21:00,0.7,82,788.0
2026-02-09T22:00,0.4,83,787.6
2026-02-09T23:00,-0.9,80,785.9
2026-02-10T00:00,-0.0,61,786.7
2026-02-10T01:00,-0.9,46,785.9
2026-02-10T02:00,-1.7,49,785.9
2026-02-10T03:00,1.0,47,787.7
2026-02-10T04:00,5.4,50,791.9
2026-02-10T05:00,7.4,52,793.4
2026-02-10T06:00,8.2,48,793.6
2026-02-10T07:00,9.0,40,793.4
2026-02-10T08:00,9.2,39,793.0
2026-02-10T09:00,9.0,38,792.2
2026-02-10T10:00,9.1,38,792.0
2026-02-10T11:00,8.0,44,791.9
2026-02-10T12:00,4.6,75,791.1
2026-02-10T13:00,2.9,76,790.2
2026-02-10T14:00,1.3,86,789.6
2026-02-10T15:00,0.0,73,789.3
2026-02-10T16:00,-0.6,79,790.5
2026-02-10T17:00,-1.0,67,790.7
2026-02-10T18:00,-0.1,77,791.2
2026-02-10T19:00,-0.3,84,790.6
2026-02-10T20:00,-1.1,72,789.2
2026-02-10T21:00,-2.7,67,787.2
2026-02-10T22:00,-3.4,48,786.5
2026-02-10T23:00,-4.2,74,786.8
2026-02-11T00:00,-4.7,56,786.1
2026-02-11T01:00,-5.4,55,785.8
2026-02-11T02:00,-5.2,51,785.6
2026-02-11T03:00,-1.3,42,788.6
2026-02-11T04:00,6.9,27,794.9
2026-02-11T05:00,10.1,23,796.5
2026-02-11T06:00,11.5,26,796.5
2026-02-11T07:00,12.5,22,796.4
2026-02-11T08:00,12.7,23,795.9
2026-02-11T09:00,12.7,22,795.3
2026-02-11T10:00,11.5,26,794.7
2026-02-11T11:00,10.3,34,794.0
2026-02-11T12:00,7.3,48,792.4
2026-02-11T13:00,4.8,59,791.9
2026-02-11T14:00,2.7,64,791.4
2026-02-11T15:00,-0.2,65,788.9
2026-02-11T16:00,-2.4,58,787.2
2026-02-11T17:00,-3.4,47,786.3
2026-02-11T18:00,-4.7,44,785.4
2026-02-11T19:00,-5.0,36,784.6
2026-02-11T20:00,-5.6,31,784.3
2026-02-11T21:00,-5.7,28,784.0
2026-02-11T22:00,-5.8,27,783.7
2026-02-11T23:00,-6.7,28,782.8
2026-02-12T00:00,-8.3,34,781.8
2026-02-12T01:00,-8.0,33,781.5
2026-02-12T02:00,-7.9,33,781.9
2026-02-12T03:00,-3.0,24,786.2
2026-02-12T04:00,6.1,16,793.3
2026-02-12T05:00,11.2,11,796.1
2026-02-12T06:00,13.8,14,796.7
2026-02-12T07:00,14.6,12,796.2
2026-02-12T08:00,14.9,13,795.7
2026-02-12T09:00,14.6,15,795.3
2026-02-12T10:00,14.1,17,794.9
2026-02-12T11:00,12.6,24,794.2
2026-02-12T12:00,9.6,27,792.0
2026-02-12T13:00,7.0,33,791.0
2026-02-12T14:00,3.9,40,789.5
2026-02-12T15:00,1.5,47,787.7
2026-02-12T16:00,-0.0,46,786.8
2026-02-12T17:00,-0.8,40,785.7
2026-02-12T18:00,-2.0,43,784.5
2026-02-12T19:00,-1.8,36,784.1
2026-02-12T20:00,-1.7,33,783.7
2026-02-12T21:00,-1.4,31,783.6
2026-02-12T22:00,-1.3,30,783.3
2026-02-12T23:00,-1.3,29,782.8
2026-02-13T00:00,-0.6,29,783.4
2026-02-13T01:00,-1.4,31,782.5
2026-02-13T02:00,-1.3,32,782.9
2026-02-13T03:00,2.2,28,785.9
2026-02-13T04:00,8.9,21,791.2
2026-02-13T05:00,12.6,18,793.5
2026-02-13T06:00,12.3,20,793.5
2026-02-13T07:00,13.1,21,793.7
2026-02-13T08:00,13.3,21,793.4
2026-02-13T09:00,12.9,24,792.8
2026-02-13T10:00,12.5,26,792.5
2026-02-13T11:00,11.3,29,791.7
2026-02-13T12:00,8.6,42,789.7
2026-02-13T13:00,6.5,51,789.0
2026-02-13T14:00,5.8,53,789.1
2026-02-13T15:00,4.3,56,788.6
2026-02-13T16:00,2.9,31,788.0
2026-02-13T17:00,1.7,29,787.3
2026-02-13T18:00,-1.2,69,786.7
2026-02-13T19:00,-2.8,69,785.6
2026-02-13T20:00,-2.9,72,785.4
2026-02-13T21:00,-2.3,53,785.1
2026-02-13T22:00,-2.2,51,785.2
2026-02-13T23:00,-2.7,46,784.4
2026-02-14T00:00,-3.0,29,783.9
2026-02-14T01:00,-4.1,70,783.3
2026-02-14T02:00,-5.1,53,781.8
2026-02-14T03:00,-0.8,34,785.3
2026-02-14T04:00,7.5,20,791.7
2026-02-14T05:00,11.4,15,793.2
2026-02-14T06:00,12.7,19,793.0
2026-02-14T07:00,13.0,24,792.8
2026-02-14T08:00,12.8,31,792.5
2026-02-14T09:00,12.3,37,791.9
2026-02-14T10:00,11.5,41,791.5
2026-02-14T11:00,9.9,54,790.9
2026-02-14T12:00,7.7,51,789.2
2026-02-14T13:00,6.1,58,788.8
2026-02-14T14:00,4.4,61,788.2
2026-02-14T15:00,1.6,66,786.1
2026-02-14T16:00,0.2,63,785.1
2026-02-14T17:00,-0.4,57,784.8
2026-02-14T18:00,-1.2,56,784.4
2026-02-14T19:00,-1.8,46,783.6
2026-02-14T20:00,-1.5,37,783.5
2026-02-14T21:00,-1.6,38,783.2
2026-02-14T22:00,-2.5,37,782.2
2026-02-14T23:00,-4.1,36,780.6
2026-02-15T00:00,-6.1,37,778.9
2026-02-15T01:00,-6.7,35,779.2
2026-02-15T02:00,-7.3,35,779.3
2026-02-15T03:00,-2.2,26,783.4
2026-02-15T04:00,7.1,17,790.5
2026-02-15T05:00,11.3,13,792.3
2026-02-15T06:00,12.7,16,792.6
2026-02-15T07:00,13.3,15,792.7
2026-02-15T08:00,13.3,17,792.2
2026-02-15T09:00,13.0,21,791.8
2026-02-15T10:00,12.7,27,791.6
2026-02-15T11:00,11.4,37,790.9
2026-02-15T12:00,8.4,45,789.5
2026-02-15T13:00,6.2,53,788.9
2026-02-15T14:00,3.8,57,787.9
2026-02-15T15:00,0.7,60,785.7
2026-02-15T16:00,-1.2,56,784.6
2026-02-15T17:00,-2.2,46,784.0
2026-02-15T18:00,-2.9,45,783.1
2026-02-15T19:00,-3.2,37,782.8
2026-02-15T20:00,-4.0,32,782.0
2026-02-15T21:00,-4.5,29,781.0
2026-02-15T22:00,-5.0,28,780.3
2026-02-15T23:00,-5.1,26,779.7
2026-02-16T00:00,-7.0,31,778.1
2026-02-16T01:00,-7.1,30,778.3
2026-02-16T02:00,-6.6,29,779.2
2026-02-16T03:00,-0.6,22,784.1
2026-02-16T04:00,8.8,15,791.4
2026-02-16T05:00,13.0,12,793.6
2026-02-16T06:00,13.8,16,793.2
2026-02-16T07:00,14.7,15,793.4
2026-02-16T08:00,14.4,18,792.9
2026-02-16T09:00,13.8,23,792.4
2026-02-16T10:00,12.9,30,791.8
2026-02-16T11:00,11.7,36,791.3
2026-02-16T12:00,9.5,39,789.6
2026-02-16T13:00,7.7,43,788.9
2026-02-16T14:00,6.5,48,788.9
2026-02-16T15:00,3.5,56,787.1
2026-02-16T16:00,0.5,60,785.4
2026-02-16T17:00,-0.9,57,784.4
2026-02-16T18:00,-1.5,54,784.3
2026-02-16T19:00,-1.5,49,784.1
2026-02-16T20:00,-1.5,47,784.3
2026-02-16T21:00,-1.8,48,784.1
2026-02-16T22:00,-2.4,50,783.7
2026-02-16T23:00,-3.5,54,782.7
2026-02-17T00:00,-4.5,54,782.1
2026-02-17T01:00,-5.1,55,781.8
2026-02-17T02:00,-4.7,53,782.7
2026-02-17T03:00,0.2,39,787.0
2026-02-17T04:00,8.4,25,793.6
2026-02-17T05:00,11.3,21,795.1
2026-02-17T06:00,11.9,27,795.2
2026-02-17T07:00,13.1,22,795.5
2026-02-17T08:00,12.6,26,794.9
2026-02-17T09:00,12.2,28,794.1
2026-02-17T10:00,11.8,31,793.8
2026-02-17T11:00,10.7,39,793.3
2026-02-17T12:00,8.8,44,791.3
2026-02-17T13:00,6.9,52,790.5
2026-02-17T14:00,7.2,53,791.5
2026-02-17T15:00,5.9,56,791.0
2026-02-17T16:00,3.6,57,789.6
2026-02-17T17:00,1.9,54,788.0
2026-02-17T18:00,1.6,52,787.0
2026-02-17T19:00,0.3,49,785.6
2026-02-17T20:00,0.8,46,786.4
2026-02-17T21:00,1.6,41,787.0
2026-02-17T22:00,2.0,40,787.3
2026-02-17T23:00,1.3,42,786.4
2026-02-18T00:00,0.9,51,785.9
2026-02-18T01:00,0.4,55,786.3
2026-02-18T02:00,0.5,53,786.3
2026-02-18T03:00,2.4,47,788.5
2026-02-18T04:00,6.3,41,792.1
2026-02-18T05:00,8.9,35,794.0
2026-02-18T06:00,9.6,37,794.3
2026-02-18T07:00,10.7,33,794.4
2026-02-18T08:00,10.0,37,794.2
2026-02-18T09:00,8.7,44,793.5
2026-02-18T10:00,8.5,42,792.9
2026-02-18T11:00,8.5,41,792.1
2026-02-18T12:00,7.3,50,791.1
2026-02-18T13:00,6.0,56,791.3
2026-02-18T14:00,5.6,54,791.0
2026-02-18T15:00,4.6,54,790.2
2026-02-18T16:00,4.3,58,790.0
2026-02-18T17:00,3.4,61,789.2
2026-02-18T18:00,5.2,59,791.1
2026-02-18T19:00,4.0,70,790.6
2026-02-18T20:00,3.5,73,790.1
2026-02-18T21:00,2.8,74,789.3
2026-02-18T22:00,2.6,71,789.2
2026-02-18T23:00,1.8,71,788.5
2026-02-19T00:00,1.3,65,788.2
2026-02-19T01:00,0.1,64,787.2
2026-02-19T02:00,-0.9,63,787.0
2026-02-19T03:00,3.3,48,791.1
2026-02-19T04:00,8.8,39,795.2
2026-02-19T05:00,10.5,30,795.6
2026-02-19T06:00,11.6,32,795.5
2026-02-19T07:00,11.9,39,795.6
2026-02-19T08:00,12.0,43,795.0
2026-02-19T09:00,12.0,46,794.5
2026-02-19T10:00,11.1,52,794.1
2026-02-19T11:00,9.8,60,793.6
2026-02-19T12:00,7.6,70,792.9
2026-02-19T13:00,5.7,74,792.7
2026-02-19T14:00,5.9,78,793.9
2026-02-19T15:00,5.6,80,793.9
2026-02-19T16:00,4.4,84,792.8
2026-02-19T17:00,3.1,85,791.8
2026-02-19T18:00,2.9,86,791.8
2026-02-19T19:00,2.4,77,791.6
2026-02-19T20:00,1.1,65,790.7
2026-02-19T21:00,-0.6,57,789.5
2026-02-19T22:00,-1.7,50,788.6
2026-02-19T23:00,-2.3,43,788.0
2026-02-20T00:00,-3.8,46,786.9
2026-02-20T01:00,-4.8,46,786.1
2026-02-20T02:00,-5.0,44,786.7
2026-02-20T03:00,1.2,33,792.1
2026-02-20T04:00,9.2,24,797.8
2026-02-20T05:00,11.7,19,798.4
2026-02-20T06:00,12.6,23,798.6
2026-02-20T07:00,13.3,26,798.5
2026-02-20T08:00,13.5,30,797.8
2026-02-20T09:00,13.4,35,797.0
2026-02-20T10:00,12.8,44,796.3
2026-02-20T11:00,11.6,55,795.6
2026-02-20T12:00,9.4,60,794.0
2026-02-20T13:00,7.0,68,792.8
2026-02-20T14:00,6.3,72,792.8
2026-02-20T15:00,4.3,77,791.1
2026-02-20T16:00,2.1,77,789.3
2026-02-20T17:00,0.4,68,787.8
2026-02-20T18:00,-0.0,66,787.8
2026-02-20T19:00,-0.9,56,786.6
2026-02-20T20:00,-1.1,47,785.9
2026-02-20T21:00,-1.2,41,785.1
2026-02-20T22:00,-2.2,39,783.8
2026-02-20T23:00,-3.1,39,782.8
2026-02-21T00:00,-4.7,42,780.9
2026-02-21T01:00,-4.7,39,781.0
2026-02-21T02:00,-4.5,38,781.5
2026-02-21T03:00,1.5,29,786.6
2026-02-21T04:00,10.4,19,793.1
2026-02-21T05:00,12.7,15,793.7
2026-02-21T06:00,13.7,19,793.7
2026-02-21T07:00,14.5,20,793.5
2026-02-21T08:00,14.4,26,793.0
2026-02-21T09:00,14.0,34,792.1
2026-02-21T10:00,12.9,43,791.2
2026-02-21T11:00,11.1,55,790.3
2026-02-21T12:00,8.8,66,788.9
2026-02-21T13:00,7.2,68,787.8
2026-02-21T14:00,6.6,70,787.7
2026-02-21T15:00,5.3,74,787.1
2026-02-21T16:00,4.2,70,786.3
2026-02-21T17:00,3.5,68,785.5
2026-02-21T18:00,2.5,58,784.8
2026-02-21T19:00,1.9,52,784.1
2026-02-21T20:00,0.9,51,783.0
2026-02-21T21:00,0.5,68,782.6
2026-02-21T22:00,0.6,62,781.6
2026-02-21T23:00,-0.4,68,781.2
2026-02-22T00:00,-1.3,60,779.6
2026-02-22T01:00,-2.8,58,778.6
2026-02-22T02:00,-2.5,62,780.0
2026-02-22T03:00,3.6,47,785.0
2026-02-22T04:00,9.7,26,788.7
2026-02-22T05:00,12.0,28,789.7
2026-02-22T06:00,12.6,25,789.5
2026-02-22T07:00,13.3,23,789.6
2026-02-22T08:00,13.0,29,789.3
2026-02-22T09:00,12.1,34,788.6
2026-02-22T10:00,11.2,43,788.3
2026-02-22T11:00,9.0,61,788.0
2026-02-22T12:00,7.8,70,787.3
2026-02-22T13:00,5.7,77,786.5
2026-02-22T14:00,4.3,81,786.4
2026-02-22T15:00,3.2,84,785.3
2026-02-22T16:00,0.9,88,783.3
2026-02-22T17:00,-1.2,88,781.9
2026-02-22T18:00,-0.9,74,782.0
2026-02-22T19:00,-1.4,65,781.2
2026-02-22T20:00,-1.9,59,780.4
2026-02-22T21:00,-2.3,54,779.6
2026-02-22T22:00,-3.0,51,778.7
2026-02-22T23:00,-3.6,48,778.1
2026-02-23T00:00,-4.5,48,777.3
2026-02-23T01:00,-5.3,46,777.2
2026-02-23T02:00,-5.0,43,778.3
2026-02-23T03:00,1.6,29,784.0
2026-02-23T04:00,9.2,20,789.8
2026-02-23T05:00,11.1,16,790.3
2026-02-23T06:00,12.1,18,790.6
2026-02-23T07:00,12.9,19,790.5
2026-02-23T08:00,13.0,25,790.3
2026-02-23T09:00,12.1,37,789.6
2026-02-23T10:00,11.1,45,789.3
2026-02-23T11:00,10.1,53,788.8
2026-02-23T12:00,8.0,64,788.2
2026-02-23T13:00,6.2,69,787.7
2026-02-23T14:00,5.7,72,787.9
2026-02-23T15:00,3.8,78,786.5
2026-02-23T16:00,1.4,81,784.8
2026-02-23T17:00,-0.4,76,783.5
2026-02-23T18:00,-0.8,70,783.0
2026-02-23T19:00,-1.6,59,782.6
2026-02-23T20:00,-2.0,47,782.2
2026-02-23T21:00,-2.5,39,781.1
2026-02-23T22:00,-3.3,34,780.0
2026-02-23T23:00,-4.0,29,779.4
2026-02-24T00:00,-5.9,36,778.0
2026-02-24T01:00,-6.3,34,777.9
2026-02-24T02:00,-5.6,30,779.1
2026-02-24T03:00,1.6,20,785.2
2026-02-24T04:00,10.3,14,791.6
2026-02-24T05:00,11.7,16,791.9
2026-02-24T06:00,12.4,18,792.0
2026-02-24T07:00,13.4,25,792.4
2026-02-24T08:00,12.9,32,791.9
2026-02-24T09:00,12.3,39,791.5
2026-02-24T10:00,11.8,48,791.0
2026-02-24T11:00,10.1,59,790.5
2026-02-24T12:00,9.0,63,789.8
2026-02-24T13:00,7.0,63,789.0
2026-02-24T14:00,5.7,83,789.6
2026-02-24T15:00,5.2,88,789.6
2026-02-24T16:00,4.1,95,788.9
2026-02-24T17:00,2.8,97,787.8
2026-02-24T18:00,1.5,86,786.5
2026-02-24T19:00,0.3,86,785.2
2026-02-24T20:00,0.4,91,785.3
2026-02-24T21:00,0.0,88,784.6
2026-02-24T22:00,-0.2,96,784.2
2026-02-24T23:00,-0.8,66,782.8
2026-02-25T00:00,-1.0,77,782.6
2026-02-25T01:00,-1.6,62,782.4
2026-02-25T02:00,-1.1,52,783.4
2026-02-25T03:00,5.2,40,788.5
2026-02-25T04:00,10.6,40,792.1
2026-02-25T05:00,12.5,39,792.6
2026-02-25T06:00,12.5,39,792.0
2026-02-25T07:00,13.1,37,792.3
2026-02-25T08:00,12.9,39,791.9
2026-02-25T09:00,12.4,41,791.1
2026-02-25T10:00,11.9,45,790.8
2026-02-25T11:00,10.9,52,790.5
2026-02-25T12:00,9.2,68,789.8
2026-02-25T13:00,7.4,72,788.7
2026-02-25T14:00,6.5,75,788.7
2026-02-25T15:00,5.4,81,788.8
2026-02-25T16:00,4.8,85,789.1
2026-02-25T17:00,4.1,89,788.6
2026-02-25T18:00,3.7,90,788.3
2026-02-25T19:00,3.4,87,787.8
2026-02-25T20:00,3.1,88,787.3
2026-02-25T21:00,2.7,90,786.3
2026-02-25T22:00,2.6,89,785.5
2026-02-25T23:00,1.9,86,784.1
2026-02-26T00:00,2.4,76,784.1
2026-02-26T01:00,2.0,73,783.5
2026-02-26T02:00,2.5,69,783.8
2026-02-26T03:00,7.5,63,787.6
2026-02-26T04:00,12.3,41,790.4
2026-02-26T05:00,13.4,41,790.5
2026-02-26T06:00,13.1,48,789.9
2026-02-26T07:00,13.8,43,790.3
2026-02-26T08:00,13.3,48,789.8
2026-02-26T09:00,12.8,48,789.2
2026-02-26T10:00,12.1,53,788.8
2026-02-26T11:00,11.0,61,788.1
2026-02-26T12:00,8.4,81,786.9
2026-02-26T13:00,5.9,90,785.8
2026-02-26T14:00,4.9,91,785.6
2026-02-26T15:00,4.3,96,786.0
2026-02-26T16:00,4.4,92,785.7
2026-02-26T17:00,4.3,78,785.6
2026-02-26T18:00,3.2,96,784.3
2026-02-26T19:00,2.0,87,783.9
2026-02-26T20:00,0.8,91,783.0
2026-02-26T21:00,-0.2,90,781.3
2026-02-26T22:00,-1.1,69,780.7
2026-02-26T23:00,-1.9,70,779.6
2026-02-27T00:00,-0.6,75,780.5
2026-02-27T01:00,-1.3,79,779.7
2026-02-27T02:00,-2.2,97,780.2
2026-02-27T03:00,3.2,71,784.9
2026-02-27T04:00,9.2,54,789.0
2026-02-27T05:00,11.0,42,789.4
2026-02-27T06:00,11.3,40,788.8
2026-02-27T07:00,12.4,36,789.2
2026-02-27T08:00,12.6,35,788.7
2026-02-27T09:00,11.5,43,788.0
2026-02-27T10:00,10.8,46,787.6
2026-02-27T11:00,10.4,53,787.1
2026-02-27T12:00,8.4,66,786.1
2026-02-27T13:00,6.6,68,785.2
2026-02-27T14:00,6.1,66,785.5
2026-02-27T15:00,5.8,66,785.6
2026-02-27T16:00,4.9,69,785.5
2026-02-27T17:00,3.8,74,784.6
2026-02-27T18:00,3.6,76,784.9
2026-02-27T19:00,1.8,78,783.3
2026-02-27T20:00,1.0,77,782.6
2026-02-27T21:00,1.3,74,782.6
2026-02-27T22:00,0.1,74,781.5
2026-02-27T23:00,-0.5,76,781.1
2026-02-28T00:00,-1.8,72,780.3
2026-02-28T01:00,-2.8,51,779.7
2026-02-28T02:00,-1.7,57,780.9
2026-02-28T03:00,4.0,46,785.4
2026-02-28T04:00,10.0,38,788.8
2026-02-28T05:00,11.3,37,789.0
2026-02-28T06:00,12.3,32,788.8
2026-02-28T07:00,11.3,35,787.8
2026-02-28T08:00,11.5,34,787.5
2026-02-28T09:00,11.3,37,786.9
2026-02-28T10:00,10.7,42,786.9
2026-02-28T11:00,9.8,48,786.5
2026-02-28T12:00,9.7,54,786.4
2026-02-28T13:00,6.9,47,785.4
2026-02-28T14:00,5.8,67,786.1
2026-02-28T15:00,4.9,75,786.2
2026-02-28T16:00,3.3,78,784.9
2026-02-28T17:00,1.5,75,784.1
2026-02-28T18:00,-0.2,55,782.5
2026-02-28T19:00,-2.3,70,780.7
2026-02-28T20:00,-3.0,60,779.6
2026-02-28T21:00,-3.2,48,778.8
2026-02-28T22:00,-4.4,40,777.7
2026-02-28T23:00,-5.4,28,776.7
2026-03-01T00:00,-4.1,29,777.2
2026-03-01T01:00,-5.9,30,776.1
2026-03-01T02:00,-5.7,29,776.5
2026-03-01T03:00,2.5,20,783.2
2026-03-01T04:00,10.5,14,789.0
2026-03-01T05:00,10.3,33,787.9
2026-03-01T06:00,13.8,35,789.7
2026-03-01T07:00,12.0,37,788.7
2026-03-01T08:00,11.6,39,788.5
2026-03-01T09:00,10.8,43,788.1
2026-03-01T10:00,9.6,55,787.8
2026-03-01T11:00,9.1,53,787.7
2026-03-01T12:00,9.4,59,787.9
2026-03-01T13:00,6.5,56,786.5
2026-03-01T14:00,6.2,58,787.3
2026-03-01T15:00,5.3,64,787.5
2026-03-01T16:00,3.0,78,786.4
2026-03-01T17:00,1.3,79,784.9
2026-03-01T18:00,-0.0,75,784.3
2026-03-01T19:00,-2.0,68,782.1
2026-03-01T20:00,-2.3,73,781.8
2026-03-01T21:00,-2.9,69,780.6
2026-03-01T22:00,-3.4,59,779.4
2026-03-01T23:00,-3.9,47,778.7
2026-03-02T00:00,-3.8,40,778.5
2026-03-02T01:00,-5.8,38,777.4
2026-03-02T02:00,-5.1,33,778.4
2026-03-02T03:00,1.5,26,783.9
2026-03-02T04:00,9.1,29,789.4
2026-03-02T05:00,11.5,38,790.5
2026-03-02T06:00,15.0,40,792.6
2026-03-02T07:00,12.9,46,791.5
2026-03-02T08:00,13.0,46,791.4
2026-03-02T09:00,12.5,49,790.4
2026-03-02T10:00,12.3,47,789.9
2026-03-02T11:00,11.5,49,789.4
2026-03-02T12:00,11.5,51,789.5
2026-03-02T13:00,7.7,54,788.2
2026-03-02T14:00,7.0,60,788.6
2026-03-02T15:00,5.3,67,787.9
2026-03-02T16:00,3.2,69,786.9
2026-03-02T17:00,1.2,63,785.3
2026-03-02T18:00,1.0,58,784.7
2026-03-02T19:00,-0.7,48,783.5
2026-03-02T20:00,-1.5,40,782.8
2026-03-02T21:00,-2.4,36,781.4
2026-03-02T22:00,-3.2,33,780.0
2026-03-02T23:00,-3.9,32,778.9
2026-03-03T00:00,-3.0,34,779.5
2026-03-03T01:00,-4.2,33,778.8
2026-03-03T02:00,-2.9,31,780.2
2026-03-03T03:00,3.6,26,785.3
2026-03-03T04:00,12.7,23,792.2
2026-03-03T05:00,13.4,25,791.9
2026-03-03T06:00,18.2,27,795.0
2026-03-03T07:00,15.6,29,793.3
2026-03-03T08:00,15.5,31,792.9
2026-03-03T09:00,15.1,39,792.4
2026-03-03T10:00,14.3,45,792.1
2026-03-03T11:00,13.1,49,791.4
2026-03-03T12:00,12.9,48,792.0
2026-03-03T13:00,9.7,48,791.0
2026-03-03T14:00,8.1,53,790.2
2026-03-03T15:00,5.1,66,788.9
2026-03-03T16:00,2.8,70,788.3
2026-03-03T17:00,2.7,72,788.2
2026-03-03T18:00,2.8,67,788.1
2026-03-03T19:00,1.9,78,787.6
2026-03-03T20:00,1.5,71,786.4
2026-03-03T21:00,2.1,75,786.9
2026-03-03T22:00,2.3,62,786.2
2026-03-03T23:00,3.2,48,786.4
2026-03-04T00:00,1.4,40,784.8
2026-03-04T01:00,-0.3,40,783.9
2026-03-04T02:00,1.0,38,785.7
2026-03-04T03:00,7.6,33,791.1
2026-03-04T04:00,14.7,26,796.4
2026-03-04T05:00,15.0,29,796.0
2026-03-04T06:00,19.3,29,798.5
2026-03-04T07:00,16.3,31,796.3
2026-03-04T08:00,16.6,30,795.7
2026-03-04T09:00,16.5,32,794.9
2026-03-04T10:00,15.9,36,794.3
2026-03-04T11:00,14.2,46,793.8
2026-03-04T12:00,14.6,44,794.1
2026-03-04T13:00,11.4,43,792.4
2026-03-04T14:00,9.7,47,792.2
2026-03-04T15:00,7.1,56,790.6
2026-03-04T16:00,4.8,62,789.3
2026-03-04T17:00,3.8,60,788.5
2026-03-04T18:00,4.4,58,788.7
2026-03-04T19:00,3.1,56,787.4
2026-03-04T20:00,2.5,55,786.8
2026-03-04T21:00,2.1,53,786.1
2026-03-04T22:00,1.8,51,785.2
2026-03-04T23:00,1.5,50,784.6
2026-03-05T00:00,2.2,50,784.9
2026-03-05T01:00,1.3,50,784.6
2026-03-05T02:00,2.7,48,785.9
2026-03-05T03:00,8.9,43,790.8
2026-03-05T04:00,15.5,29,795.2
2026-03-05T05:00,17.7,26,795.6
2026-03-05T06:00,21.0,35,797.3
2026-03-05T07:00,17.5,35,795.2
2026-03-05T08:00,17.2,35,794.7
2026-03-05T09:00,16.5,37,793.8
2026-03-05T10:00,19.0,32,795.3
2026-03-05T11:00,17.9,38,794.8
2026-03-05T12:00,15.0,45,793.2
2026-03-05T13:00,12.2,50,791.8
2026-03-05T14:00,10.6,54,791.0
2026-03-05T15:00,7.8,59,789.0
2026-03-05T16:00,5.4,60,787.6
2026-03-05T17:00,4.2,54,786.9
2026-03-05T18:00,4.3,53,787.1
2026-03-05T19:00,3.9,46,786.2
2026-03-05T20:00,3.3,41,785.2
2026-03-05T21:00,2.5,39,784.3
2026-03-05T22:00,2.6,35,784.3
2026-03-05T23:00,2.6,33,783.8
2026-03-06T00:00,3.6,33,784.4
2026-03-06T01:00,2.2,33,783.9
2026-03-06T02:00,3.0,33,785.0
2026-03-06T03:00,9.3,31,790.2
2026-03-06T04:00,15.5,20,794.4
2026-03-06T05:00,15.8,29,794.1
2026-03-06T06:00,19.5,26,796.7
2026-03-06T07:00,19.8,25,796.9
2026-03-06T08:00,19.4,27,796.3
2026-03-06T09:00,19.4,25,795.5
2026-03-06T10:00,18.7,29,794.9
2026-03-06T11:00,17.0,44,794.5
2026-03-06T12:00,14.4,54,793.2
2026-03-06T13:00,11.1,60,791.7
2026-03-06T14:00,9.1,61,791.5
2026-03-06T15:00,6.7,62,790.4
2026-03-06T16:00,6.1,73,790.7
2026-03-06T17:00,6.0,73,790.1
2026-03-06T18:00,4.6,67,789.3
2026-03-06T19:00,4.1,73,789.7
2026-03-06T20:00,4.1,71,789.1
2026-03-06T21:00,5.2,67,789.2
2026-03-06T22:00,5.6,55,789.1
2026-03-06T23:00,5.9,51,789.1
2026-03-07T00:00,5.4,58,789.0
2026-03-07T01:00,4.3,60,788.7
2026-03-07T02:00,5.5,65,790.3
2026-03-07T03:00,11.0,56,794.8
2026-03-07T04:00,15.3,38,797.0
2026-03-07T05:00,16.8,30,797.5
2026-03-07T06:00,17.2,38,797.7
2026-03-07T07:00,18.5,27,797.6
2026-03-07T08:00,18.3,28,796.8
2026-03-07T09:00,17.5,33,796.3
2026-03-07T10:00,16.8,37,796.0
2026-03-07T11:00,15.4,48,795.6
2026-03-07T12:00,13.1,57,794.6
2026-03-07T13:00,9.2,65,793.2
2026-03-07T14:00,7.2,84,793.6
2026-03-07T15:00,5.6,90,793.2
2026-03-07T16:00,4.9,92,793.4
2026-03-07T17:00,4.9,84,793.0
2026-03-07T18:00,4.6,84,792.4
2026-03-07T19:00,5.3,80,793.0
2026-03-07T20:00,4.7,83,792.6
2026-03-07T21:00,5.8,82,793.0
2026-03-07T22:00,5.5,81,792.3
2026-03-07T23:00,5.3,88,791.9
2026-03-08T00:00,5.5,74,791.5
2026-03-08T01:00,4.7,84,791.3
2026-03-08T02:00,6.1,79,791.6
2026-03-08T03:00,11.9,54,795.8
2026-03-08T04:00,15.8,32,797.9
2026-03-08T05:00,17.1,28,798.1
2026-03-08T06:00,16.7,34,798.2
2026-03-08T07:00,16.9,31,798.2
2026-03-08T08:00,17.1,31,797.8
2026-03-08T09:00,17.0,29,796.8
2026-03-08T10:00,16.8,29,796.2
2026-03-08T11:00,15.8,35,795.6
2026-03-08T12:00,13.7,50,794.8
2026-03-08T13:00,10.6,57,793.3
2026-03-08T14:00,8.3,64,792.9
2026-03-08T15:00,6.4,69,792.2
2026-03-08T16:00,5.2,71,791.1
2026-03-08T17:00,3.9,69,789.9
2026-03-08T18:00,4.0,62,790.1
2026-03-08T19:00,3.3,59,789.4
2026-03-08T20:00,2.6,57,788.4
2026-03-08T21:00,2.1,53,787.4
2026-03-08T22:00,1.6,49,786.6
2026-03-08T23:00,0.9,45,785.8
2026-03-09T00:00,0.0,47,785.2
2026-03-09T01:00,-0.4,44,785.4
2026-03-09T02:00,1.9,37,787.4
2026-03-09T03:00,10.4,26,793.7
2026-03-09T04:00,16.3,18,797.3
2026-03-09T05:00,18.3,16,797.9
2026-03-09T06:00,18.7,24,797.8
2026-03-09T07:00,19.6,20,798.2
2026-03-09T08:00,19.4,21,797.4
2026-03-09T09:00,18.0,29,796.9
2026-03-09T10:00,17.6,33,796.4
2026-03-09T11:00,15.0,52,796.4
2026-03-09T12:00,12.5,55,795.4
2026-03-09T13:00,7.5,76,794.0
2026-03-09T14:00,5.9,82,794.0
2026-03-09T15:00,5.9,85,793.2
2026-03-09T16:00,6.0,74,792.4
2026-03-09T17:00,5.7,69,792.2
2026-03-09T18:00,6.7,67,793.4
2026-03-09T19:00,7.0,71,794.4
2026-03-09T20:00,7.6,73,794.8
2026-03-09T21:00,7.8,71,794.5
2026-03-09T22:00,7.4,65,793.8
2026-03-09T23:00,7.9,65,794.3
2026-03-10T00:00,7.5,65,793.6
2026-03-10T01:00,5.7,65,792.5
2026-03-10T02:00,7.6,63,795.1
2026-03-10T03:00,12.7,47,798.6
2026-03-10T04:00,14.8,34,800.1
2026-03-10T05:00,16.8,30,800.4
2026-03-10T06:00,17.1,34,800.3
2026-03-10T07:00,17.7,25,800.0
2026-03-10T08:00,17.7,25,799.3
2026-03-10T09:00,16.9,28,798.4
2026-03-10T10:00,16.6,32,798.0
2026-03-10T11:00,15.2,38,797.4
2026-03-10T12:00,13.1,48,796.4
2026-03-10T13:00,11.1,46,795.4
2026-03-10T14:00,9.0,55,794.8
2026-03-10T15:00,7.6,65,795.0
2026-03-10T16:00,7.3,74,795.4
2026-03-10T17:00,7.4,70,794.4
2026-03-10T18:00,7.3,74,794.2
2026-03-10T19:00,7.7,69,793.9
2026-03-10T20:00,7.7,66,793.4
2026-03-10T21:00,8.1,63,793.2
2026-03-10T22:00,8.2,60,792.7
2026-03-10T23:00,8.0,56,792.2
2026-03-11T00:00,8.3,53,792.3
2026-03-11T01:00,8.1,49,792.4
2026-03-11T02:00,8.4,47,793.0
2026-03-11T03:00,13.0,38,796.4
2026-03-11T04:00,15.6,31,798.0
2026-03-11T05:00,15.7,30,798.0
2026-03-11T06:00,16.2,32,798.1
2026-03-11T07:00,17.0,30,798.2
2026-03-11T08:00,16.7,32,797.2
2026-03-11T09:00,15.6,35,796.2
2026-03-11T10:00,14.2,44,795.3
2026-03-11T11:00,11.7,60,794.8
2026-03-11T12:00,12.2,51,793.8
2026-03-11T13:00,9.2,72,793.3
2026-03-11T14:00,8.4,80,793.2
2026-03-11T15:00,8.3,79,793.4
2026-03-11T16:00,8.0,77,792.8
2026-03-11T17:00,8.3,72,792.7
2026-03-11T18:00,9.1,66,792.5
2026-03-11T19:00,8.9,67,792.3
2026-03-11T20:00,8.6,74,792.6
2026-03-11T21:00,8.5,76,791.7
2026-03-11T22:00,8.5,75,790.5
2026-03-11T23:00,8.6,73,790.2
2026-03-12T00:00,8.7,81,790.3
2026-03-12T01:00,7.3,91,790.1
2026-03-12T02:00,8.1,87,791.1
2026-03-12T03:00,9.0,81,791.7
2026-03-12T04:00,10.5,72,792.9
2026-03-12T05:00,10.0,75,793.6
2026-03-12T06:00,8.8,81,793.8
2026-03-12T07:00,9.3,72,793.9
2026-03-12T08:00,10.8,62,793.0
2026-03-12T09:00,11.2,58,792.5
2026-03-12T10:00,10.7,67,792.1
2026-03-12T11:00,11.2,60,791.7
2026-03-12T12:00,9.6,69,791.3
2026-03-12T13:00,7.9,72,789.6
2026-03-12T14:00,7.4,74,788.9
2026-03-12T15:00,6.7,77,788.8
2026-03-12T16:00,5.7,74,788.4
2026-03-12T17:00,4.8,63,788.1
2026-03-12T18:00,5.1,67,789.3
2026-03-12T19:00,5.1,58,788.6
2026-03-12T20:00,4.4,69,787.9
2026-03-12T21:00,3.9,59,786.8
2026-03-12T22:00,2.4,67,785.9
2026-03-12T23:00,1.8,70,785.7
2026-03-13T00:00,3.8,69,787.2
2026-03-13T01:00,1.1,73,785.3
2026-03-13T02:00,1.1,47,786.1
2026-03-13T03:00,8.1,54,790.5
2026-03-13T04:00,13.1,37,793.4
2026-03-13T05:00,14.2,29,793.2
2026-03-13T06:00,14.5,25,793.0
2026-03-13T07:00,15.4,21,793.3
2026-03-13T08:00,15.2,21,792.5
2026-03-13T09:00,14.9,23,791.8
2026-03-13T10:00,13.8,29,791.5
2026-03-13T11:00,13.5,35,791.3
2026-03-13T12:00,11.5,43,789.8
2026-03-13T13:00,8.5,60,788.9
2026-03-13T14:00,6.2,72,789.3
2026-03-13T15:00,5.7,72,789.2
2026-03-13T16:00,4.5,84,788.7
2026-03-13T17:00,3.6,85,787.9
2026-03-13T18:00,3.6,74,787.8
2026-03-13T19:00,3.4,77,787.6
2026-03-13T20:00,2.9,69,786.5
2026-03-13T21:00,2.9,71,786.8
2026-03-13T22:00,3.2,61,785.9
2026-03-13T23:00,3.2,54,785.0
2026-03-14T00:00,2.6,52,784.7
2026-03-14T01:00,1.8,49,784.0
2026-03-14T02:00,3.7,40,785.7
2026-03-14T03:00,10.1,27,790.7
2026-03-14T04:00,13.3,21,792.8
2026-03-14T05:00,14.8,21,793.3
2026-03-14T06:00,15.0,24,793.1
2026-03-14T07:00,15.6,21,793.0
2026-03-14T08:00,15.7,21,792.1
2026-03-14T09:00,14.9,24,791.6
2026-03-14T10:00,13.2,32,791.2
2026-03-14T11:00,11.3,44,790.9
2026-03-14T12:00,10.6,45,790.4
2026-03-14T13:00,6.6,75,789.8
2026-03-14T14:00,5.4,85,789.7
2026-03-14T15:00,5.6,80,789.1
2026-03-14T16:00,6.1,77,789.4
2026-03-14T17:00,5.8,78,789.3
2026-03-14T18:00,7.1,68,790.3
2026-03-14T19:00,7.5,57,790.7
2026-03-14T20:00,6.8,57,790.3
2026-03-14T21:00,5.7,65,789.1
2026-03-14T22:00,4.8,69,788.1
2026-03-14T23:00,4.9,63,787.4
2026-03-15T00:00,3.1,64,784.7
2026-03-15T01:00,2.7,61,784.3
2026-03-15T02:00,3.9,54,785.8
2026-03-15T03:00,6.5,47,788.0
2026-03-15T04:00,9.0,48,790.5
2026-03-15T05:00,11.0,41,790.9
2026-03-15T06:00,11.2,39,789.6
2026-03-15T07:00,9.4,49,788.9
2026-03-15T08:00,8.3,60,787.8
2026-03-15T09:00,6.7,71,787.0
2026-03-15T10:00,5.6,84,786.6
2026-03-15T11:00,4.9,99,785.9
2026-03-15T12:00,4.9,100,785.5
2026-03-15T13:00,4.4,100,785.6
2026-03-15T14:00,4.1,100,786.0
2026-03-15T15:00,4.2,95,786.4
2026-03-15T16:00,4.4,93,786.8
2026-03-15T17:00,4.2,92,786.6
2026-03-15T18:00,3.8,97,785.5
2026-03-15T19:00,3.6,99,785.6
2026-03-15T20:00,3.8,99,785.6
2026-03-15T21:00,3.5,97,785.6
2026-03-15T22:00,3.2,91,784.6
2026-03-15T23:00,1.9,91,783.8
2026-03-16T00:00,0.2,88,782.6
2026-03-16T01:00,0.7,81,782.9
2026-03-16T02:00,1.1,74,782.9
2026-03-16T03:00,3.9,67,786.7
2026-03-16T04:00,4.9,70,788.4
2026-03-16T05:00,6.9,52,789.4
2026-03-16T06:00,4.9,63,787.9
2026-03-16T07:00,5.2,57,788.4
2026-03-16T08:00,4.6,63,787.7
2026-03-16T09:00,5.4,65,787.6
2026-03-16T10:00,4.8,73,787.3
2026-03-16T11:00,4.5,78,785.8
2026-03-16T12:00,3.7,91,786.2
2026-03-16T13:00,3.1,90,785.7
2026-03-16T14:00,2.0,89,785.1
2026-03-16T15:00,0.6,87,784.1
2026-03-16T16:00,-0.8,88,783.3
2026-03-16T17:00,-1.1,79,783.2
2026-03-16T18:00,0.0,69,784.5
2026-03-16T19:00,-0.3,64,784.2
2026-03-16T20:00,-1.7,61,783.2
2026-03-16T21:00,-2.5,65,781.9
2026-03-16T22:00,-3.7,66,780.2
2026-03-16T23:00,-5.5,64,778.1
2026-03-17T00:00,-4.4,65,778.6
2026-03-17T01:00,-5.4,57,778.2
2026-03-17T02:00,-2.4,45,780.8
2026-03-17T03:00,4.2,31,785.9
2026-03-17T04:00,9.1,21,789.8
2026-03-17T05:00,10.5,23,790.4
2026-03-17T06:00,10.6,29,790.6
2026-03-17T07:00,11.2,26,791.2
2026-03-17T08:00,10.9,30,791.1
2026-03-17T09:00,11.2,32,790.4
2026-03-17T10:00,10.9,36,790.0
2026-03-17T11:00,10.2,40,789.8
2026-03-17T12:00,9.1,47,788.9
2026-03-17T13:00,7.1,46,788.3
2026-03-17T14:00,5.2,53,787.8
2026-03-17T15:00,3.9,61,787.5
2026-03-17T16:00,2.2,71,786.3
2026-03-17T17:00,1.6,73,785.9
2026-03-17T18:00,2.0,68,786.1
2026-03-17T19:00,2.1,64,785.9
2026-03-17T20:00,2.3,61,785.9
2026-03-17T21:00,3.3,56,786.8
2026-03-17T22:00,3.8,54,787.4
2026-03-17T23:00,3.5,58,786.8
2026-03-18T00:00,4.0,62,787.6
2026-03-18T01:00,3.5,69,788.0
2026-03-18T02:00,4.0,72,788.7
2026-03-18T03:00,5.6,69,790.4
2026-03-18T04:00,7.9,65,792.2
2026-03-18T05:00,9.9,49,793.1
2026-03-18T06:00,10.1,47,793.2
2026-03-18T07:00,11.1,41,793.1
2026-03-18T08:00,8.9,54,792.8
2026-03-18T09:00,7.8,69,792.0
2026-03-18T10:00,7.6,74,791.1
2026-03-18T11:00,7.2,78,790.9
2026-03-18T12:00,6.4,87,790.4
2026-03-18T13:00,5.1,92,789.8
2026-03-18T14:00,4.9,93,790.0
2026-03-18T15:00,4.8,95,790.9
2026-03-18T16:00,4.9,96,791.4
2026-03-18T17:00,5.1,97,791.4
2026-03-18T18:00,5.5,98,791.7
2026-03-18T19:00,5.6,98,790.8
2026-03-18T20:00,5.2,99,790.2
2026-03-18T21:00,5.0,98,790.0
2026-03-18T22:00,4.9,99,789.7
2026-03-18T23:00,5.1,98,788.9
2026-03-19T00:00,5.6,93,789.3
2026-03-19T01:00,5.8,92,789.5
2026-03-19T02:00,6.6,86,790.6
2026-03-19T03:00,8.1,81,792.4
2026-03-19T04:00,10.0,69,792.8
2026-03-19T05:00,10.8,59,793.3
2026-03-19T06:00,8.6,71,792.9
2026-03-19T07:00,9.8,63,792.6
2026-03-19T08:00,7.8,75,791.5
2026-03-19T09:00,7.5,81,790.8
2026-03-19T10:00,6.8,88,789.8
2026-03-19T11:00,6.5,91,789.4
2026-03-19T12:00,5.6,95,788.9
2026-03-19T13:00,5.0,97,788.1
2026-03-19T14:00,5.0,96,787.8
2026-03-19T15:00,5.4,94,788.4
2026-03-19T16:00,5.3,95,788.5
2026-03-19T17:00,5.3,97,788.4
2026-03-19T18:00,5.4,98,788.0
2026-03-19T19:00,5.5,96,787.7
2026-03-19T20:00,5.5,95,787.0
2026-03-19T21:00,5.2,95,786.2
2026-03-19T22:00,4.9,97,785.6
2026-03-19T23:00,4.6,98,785.4
2026-03-20T00:00,4.6,100,785.4
2026-03-20T01:00,4.6,100,785.3
2026-03-20T02:00,4.6,100,785.7
2026-03-20T03:00,5.6,95,786.9
2026-03-20T04:00,5.9,90,787.4
2026-03-20T05:00,6.3,87,788.2
2026-03-20T06:00,6.2,84,787.8
2026-03-20T07:00,5.9,88,787.4
2026-03-20T08:00,5.7,92,786.7
2026-03-20T09:00,5.4,95,786.1
2026-03-20T10:00,5.5,94,785.5
2026-03-20T11:00,5.3,95,785.1
2026-03-20T12:00,4.2,100,785.0
2026-03-20T13:00,4.2,99,785.1
2026-03-20T14:00,4.1,98,785.3
2026-03-20T15:00,4.1,95,785.4
2026-03-20T16:00,3.9,91,785.1
2026-03-20T17:00,3.9,90,784.9
2026-03-20T18:00,4.2,93,785.6
2026-03-20T19:00,4.3,94,785.8
2026-03-20T20:00,4.5,90,785.2
2026-03-20T21:00,4.0,89,784.9
2026-03-20T22:00,3.4,94,785.3
2026-03-20T23:00,3.8,91,784.9
2026-03-21T00:00,1.8,82,783.2
2026-03-21T01:00,1.9,79,783.4
2026-03-21T02:00,3.6,75,785.4
2026-03-21T03:00,6.6,71,788.9
2026-03-21T04:00,8.1,64,790.3
2026-03-21T05:00,9.3,57,791.4
2026-03-21T06:00,10.8,46,791.6
2026-03-21T07:00,12.0,38,792.2
2026-03-21T08:00,12.5,35,791.5
2026-03-21T09:00,13.0,33,790.9
2026-03-21T10:00,12.7,36,790.5
2026-03-21T11:00,11.5,48,790.0
2026-03-21T12:00,9.7,62,789.8
2026-03-21T13:00,7.3,79,789.4
2026-03-21T14:00,6.8,82,789.4
2026-03-21T15:00,6.8,81,789.6
2026-03-21T16:00,5.8,82,789.3
2026-03-21T17:00,5.1,82,788.4
2026-03-21T18:00,5.5,73,788.9
2026-03-21T19:00,4.3,76,788.5
2026-03-21T20:00,2.9,77,787.3
2026-03-21T21:00,2.5,67,786.2
2026-03-21T22:00,1.4,76,785.2
2026-03-21T23:00,1.1,71,784.2
2026-03-22T00:00,0.0,58,783.2
2026-03-22T01:00,-1.2,57,782.6
2026-03-22T02:00,0.5,50,784.3
2026-03-22T03:00,7.8,37,790.4
2026-03-22T04:00,10.8,29,792.1
2026-03-22T05:00,12.8,28,792.9
2026-03-22T06:00,13.6,35,792.6
2026-03-22T07:00,14.4,35,793.0
2026-03-22T08:00,14.6,37,792.5
2026-03-22T09:00,14.3,37,791.4
2026-03-22T10:00,13.7,41,790.9
2026-03-22T11:00,12.4,50,790.6
2026-03-22T12:00,10.7,61,790.0
2026-03-22T13:00,7.9,71,788.8
2026-03-22T14:00,6.8,75,788.4
2026-03-22T15:00,6.3,78,788.6
2026-03-22T16:00,5.0,80,787.3
2026-03-22T17:00,4.6,77,786.8
2026-03-22T18:00,6.9,69,788.8
2026-03-22T19:00,6.4,66,788.3
2026-03-22T20:00,5.9,65,788.5
2026-03-22T21:00,5.2,78,787.8
2026-03-22T22:00,5.1,77,787.5
2026-03-22T23:00,4.8,73,787.4
2026-03-23T00:00,4.4,74,787.2
2026-03-23T01:00,4.1,71,786.6
2026-03-23T02:00,5.2,69,787.5
2026-03-23T03:00,9.7,47,790.8
2026-03-23T04:00,10.9,48,791.9
2026-03-23T05:00,12.9,38,792.1
2026-03-23T06:00,13.3,42,791.8
2026-03-23T07:00,13.6,40,791.8
2026-03-23T08:00,11.4,56,791.4
2026-03-23T09:00,11.6,56,790.4
2026-03-23T10:00,9.6,69,790.2
2026-03-23T11:00,9.8,70,789.7
2026-03-23T12:00,8.1,79,789.4
2026-03-23T13:00,6.3,91,789.2
2026-03-23T14:00,6.3,87,788.9
2026-03-23T15:00,5.6,86,788.8
2026-03-23T16:00,5.6,84,789.2
2026-03-23T17:00,6.0,79,789.5
2026-03-23T18:00,5.2,83,789.3
2026-03-23T19:00,4.2,83,788.4
2026-03-23T20:00,3.8,86,788.2
2026-03-23T21:00,3.3,92,787.7
2026-03-23T22:00,3.4,95,787.4
2026-03-23T23:00,3.4,98,787.2
2026-03-24T00:00,2.9,85,786.5
2026-03-24T01:00,2.6,85,786.1
2026-03-24T02:00,3.7,77,787.3
2026-03-24T03:00,8.5,65,790.5
2026-03-24T04:00,11.3,49,791.2
2026-03-24T05:00,13.3,35,791.7
2026-03-24T06:00,12.3,46,791.3
2026-03-24T07:00,13.2,37,791.6
2026-03-24T08:00,13.0,39,791.0
2026-03-24T09:00,12.3,44,790.6
2026-03-24T10:00,10.6,53,790.5
2026-03-24T11:00,10.6,54,789.8
2026-03-24T12:00,9.4,65,789.1
2026-03-24T13:00,6.3,73,787.5
2026-03-24T14:00,4.8,76,786.1
2026-03-24T15:00,2.9,80,784.7
2026-03-24T16:00,1.3,77,783.8
2026-03-24T17:00,0.9,67,782.8
2026-03-24T18:00,3.3,56,784.8
2026-03-24T19:00,1.5,51,782.8
2026-03-24T20:00,-0.7,48,781.1
2026-03-24T21:00,-1.9,44,780.3
2026-03-24T22:00,-2.4,39,779.9
2026-03-24T23:00,-3.0,35,779.4
2026-03-25T00:00,-2.7,33,779.4
2026-03-25T01:00,-3.3,31,779.6
2026-03-25T02:00,-0.8,26,781.6
2026-03-25T03:00,7.9,24,788.3
2026-03-25T04:00,13.0,17,791.9
2026-03-25T05:00,14.7,19,792.9
2026-03-25T06:00,15.3,25,792.7
2026-03-25T07:00,16.4,20,793.1
2026-03-25T08:00,16.3,25,792.5
2026-03-25T09:00,15.9,28,792.0
2026-03-25T10:00,14.7,34,791.7
2026-03-25T11:00,13.0,47,791.2
2026-03-25T12:00,11.7,57,790.5
2026-03-25T13:00,9.4,64,789.5
2026-03-25T14:00,8.1,70,789.4
2026-03-25T15:00,7.7,73,790.7
2026-03-25T16:00,7.9,73,791.5
2026-03-25T17:00,8.1,70,791.4
2026-03-25T18:00,8.0,65,791.7
2026-03-25T19:00,8.3,57,791.5
2026-03-25T20:00,7.7,58,791.1
2026-03-25T21:00,7.4,59,791.1
2026-03-25T22:00,7.2,60,791.3
2026-03-25T23:00,6.9,61,791.0
2026-03-26T00:00,6.5,68,790.8
2026-03-26T01:00,6.0,66,790.6
2026-03-26T02:00,7.0,60,790.9
2026-03-26T03:00,11.7,45,794.3
2026-03-26T04:00,12.8,41,795.4
2026-03-26T05:00,13.7,40,796.0
2026-03-26T06:00,14.6,39,796.3
2026-03-26T07:00,14.9,35,795.9
2026-03-26T08:00,14.4,39,795.5
2026-03-26T09:00,14.2,43,794.6
2026-03-26T10:00,13.3,49,793.7
2026-03-26T11:00,11.6,60,793.5
2026-03-26T12:00,10.1,78,793.3
2026-03-26T13:00,8.2,82,792.0
2026-03-26T14:00,7.2,82,791.1
2026-03-26T15:00,7.0,80,790.7
2026-03-26T16:00,6.9,80,791.3
2026-03-26T17:00,7.1,78,791.1
2026-03-26T18:00,6.5,78,790.7
2026-03-26T19:00,6.8,76,790.2
2026-03-26T20:00,5.9,77,788.7
2026-03-26T21:00,5.5,74,787.8
2026-03-26T22:00,4.3,73,786.2
2026-03-26T23:00,4.1,67,785.4
2026-03-27T00:00,4.2,68,785.2
2026-03-27T01:00,4.2,65,785.9
2026-03-27T02:00,7.0,58,788.6
2026-03-27T03:00,11.1,45,791.2
2026-03-27T04:00,12.9,39,791.4
2026-03-27T05:00,14.0,35,791.8
2026-03-27T06:00,12.8,47,792.0
2026-03-27T07:00,13.6,39,791.6
2026-03-27T08:00,14.0,40,790.8
2026-03-27T09:00,13.9,49,790.4
2026-03-27T10:00,12.8,63,789.2
2026-03-27T11:00,12.7,68,788.5
2026-03-27T12:00,10.8,77,788.0
2026-03-27T13:00,7.7,84,786.4
2026-03-27T14:00,6.0,91,785.5
2026-03-27T15:00,5.1,93,784.5
2026-03-27T16:00,5.0,88,785.6
2026-03-27T17:00,4.7,84,785.3
2026-03-27T18:00,5.4,83,785.9
2026-03-27T19:00,3.6,84,784.0
2026-03-27T20:00,1.3,83,781.1
2026-03-27T21:00,0.5,75,779.3
2026-03-27T22:00,0.0,66,779.1
2026-03-27T23:00,-0.5,60,778.2
2026-03-28T00:00,0.7,51,778.3
2026-03-28T01:00,-0.1,49,778.2
2026-03-28T02:00,2.6,44,781.1
2026-03-28T03:00,11.2,34,788.0
2026-03-28T04:00,13.3,26,789.5
2026-03-28T05:00,15.1,25,789.9
2026-03-28T06:00,15.5,32,789.9
2026-03-28T07:00,16.6,27,790.0
2026-03-28T08:00,16.4,30,789.5
2026-03-28T09:00,15.9,40,788.9
2026-03-28T10:00,14.4,52,788.7
2026-03-28T11:00,12.9,63,788.3
2026-03-28T12:00,12.4,67,787.7
2026-03-28T13:00,10.1,73,786.9
2026-03-28T14:00,9.3,76,786.9
2026-03-28T15:00,8.7,81,787.2
2026-03-28T16:00,8.2,81,787.0
2026-03-28T17:00,7.2,79,786.5
2026-03-28T18:00,8.1,78,787.0
2026-03-28T19:00,8.3,73,787.1
2026-03-28T20:00,7.6,70,786.3
2026-03-28T21:00,8.2,64,786.5
2026-03-28T22:00,9.0,59,786.6
2026-03-28T23:00,9.0,59,786.7
2026-03-29T00:00,8.8,64,787.1
2026-03-29T01:00,8.8,68,788.1
2026-03-29T02:00,8.4,76,789.4
2026-03-29T03:00,9.2,75,789.9
2026-03-29T04:00,8.9,77,791.0
2026-03-29T05:00,8.2,81,791.3
2026-03-29T06:00,8.1,85,791.5
2026-03-29T07:00,10.0,75,792.5
2026-03-29T08:00,11.6,70,792.1
2026-03-29T09:00,13.0,60,791.9
2026-03-29T10:00,13.5,58,791.1
2026-03-29T11:00,13.8,55,790.4
2026-03-29T12:00,12.2,70,789.8
2026-03-29T13:00,9.8,72,789.0
2026-03-29T14:00,8.4,77,788.6
2026-03-29T15:00,7.1,82,789.2
2026-03-29T16:00,7.0,80,789.3
2026-03-29T17:00,6.6,80,788.8
2026-03-29T18:00,5.0,84,788.0
2026-03-29T19:00,3.5,88,786.3
2026-03-29T20:00,2.6,89,785.2
2026-03-29T21:00,2.4,84,784.4
2026-03-29T22:00,3.0,77,784.6
2026-03-29T23:00,3.0,71,784.5
2026-03-30T00:00,2.9,63,784.3
2026-03-30T01:00,2.0,63,784.1
2026-03-30T02:00,5.3,58,786.9
2026-03-30T03:00,12.1,42,792.7
2026-03-30T04:00,15.0,31,794.2
2026-03-30T05:00,16.2,29,794.5
2026-03-30T06:00,16.2,36,794.3
2026-03-30T07:00,16.5,29,793.9
2026-03-30T08:00,15.0,43,793.9
2026-03-30T09:00,14.0,50,793.4
2026-03-30T10:00,13.3,48,792.5
2026-03-30T11:00,11.6,61,791.8
2026-03-30T12:00,11.0,66,791.3
2026-03-30T13:00,8.4,81,790.9
2026-03-30T14:00,7.1,82,790.4
2026-03-30T15:00,7.4,79,790.3
2026-03-30T16:00,6.8,75,789.9
2026-03-30T17:00,7.4,71,790.2
2026-03-30T18:00,7.6,81,792.0
2026-03-30T19:00,7.0,84,791.2
2026-03-30T20:00,7.5,78,791.0
2026-03-30T21:00,7.2,76,790.2
2026-03-30T22:00,6.2,77,788.4
2026-03-30T23:00,4.7,79,787.0
2026-03-31T00:00,4.3,84,787.6
2026-03-31T01:00,2.9,88,786.1
2026-03-31T02:00,5.5,73,788.5
2026-03-31T03:00,11.8,44,793.4
2026-03-31T04:00,14.2,33,794.3
2026-03-31T05:00,14.8,33,794.7
2026-03-31T06:00,14.7,33,794.6
2026-03-31T07:00,15.0,30,794.8
2026-03-31T08:00,13.4,42,794.2
2026-03-31T09:00,14.2,35,793.1
2026-03-31T10:00,14.0,36,792.5
2026-03-31T11:00,13.1,41,791.1
2026-03-31T12:00,11.8,56,789.2
2026-03-31T13:00,8.8,66,788.7
2026-03-31T14:00,7.6,74,790.0
2026-03-31T15:00,7.5,75,790.2
2026-03-31T16:00,7.8,72,790.5
2026-03-31T17:00,6.9,80,791.5
2026-03-31T18:00,6.6,87,792.2
2026-03-31T19:00,6.5,88,791.8
2026-03-31T20:00,6.0,88,790.4
2026-03-31T21:00,5.7,88,790.1
2026-03-31T22:00,5.7,85,789.8
2026-03-31T23:00,6.1,80,789.7
2026-04-01T00:00,5.9,79,789.3
2026-04-01T01:00,5.4,79,789.2
2026-04-01T02:00,8.0,67,791.2
2026-04-01T03:00,11.1,50,793.2
2026-04-01T04:00,12.8,43,794.1
2026-04-01T05:00,14.1,38,794.7
2026-04-01T06:00,13.8,44,795.1
2026-04-01T07:00,14.2,40,795.5
2026-04-01T08:00,14.3,39,795.2
2026-04-01T09:00,14.1,43,794.6
2026-04-01T10:00,13.0,52,793.6
2026-04-01T11:00,12.7,54,792.8
2026-04-01T12:00,10.2,70,792.4
2026-04-01T13:00,6.6,83,790.5
2026-04-01T14:00,6.1,83,790.5
2026-04-01T15:00,5.6,78,790.0
2026-04-01T16:00,5.4,73,790.1
2026-04-01T17:00,6.5,66,790.6
2026-04-01T18:00,6.7,69,790.6
2026-04-01T19:00,7.1,63,790.2
2026-04-01T20:00,7.2,59,790.1
2026-04-01T21:00,8.0,54,790.8
2026-04-01T22:00,8.4,51,791.1
2026-04-01T23:00,7.9,52,790.6
2026-04-02T00:00,5.8,64,788.4
2026-04-02T01:00,6.0,63,789.0
2026-04-02T02:00,8.0,60,791.4
2026-04-02T03:00,11.6,52,794.7
2026-04-02T04:00,13.4,44,795.8
2026-04-02T05:00,14.5,41,796.6
2026-04-02T06:00,14.6,46,797.0
2026-04-02T07:00,15.4,40,796.9
2026-04-02T08:00,15.9,38,796.2
2026-04-02T09:00,16.1,38,795.3
2026-04-02T10:00,16.1,38,794.5
2026-04-02T11:00,14.5,48,794.1
2026-04-02T12:00,13.4,58,793.7
2026-04-02T13:00,8.8,66,790.7
2026-04-02T14:00,7.8,65,790.5
2026-04-02T15:00,6.5,67,789.9
2026-04-02T16:00,6.4,65,789.9
2026-04-02T17:00,5.4,66,789.6
2026-04-02T18:00,4.1,72,788.7
2026-04-02T19:00,2.9,74,788.1
2026-04-02T20:00,3.0,73,788.1
2026-04-02T21:00,4.6,67,789.0
2026-04-02T22:00,5.4,65,789.4
2026-04-02T23:00,6.1,67,789.7
2026-04-03T00:00,4.7,65,787.6
2026-04-03T01:00,5.1,65,788.5
2026-04-03T02:00,7.7,65,791.0
2026-04-03T03:00,11.4,53,793.9
2026-04-03T04:00,14.2,40,795.0
2026-04-03T05:00,15.5,34,795.1
2026-04-03T06:00,15.0,40,795.0
2026-04-03T07:00,14.7,38,794.5
2026-04-03T08:00,13.1,46,793.7
2026-04-03T09:00,10.7,59,793.7
2026-04-03T10:00,8.6,73,792.9
2026-04-03T11:00,9.9,67,791.8
2026-04-03T12:00,9.4,69,790.9
2026-04-03T13:00,8.0,66,789.6
2026-04-03T14:00,6.9,64,787.6
2026-04-03T15:00,6.8,67,791.8
2026-04-03T16:00,7.0,73,793.3
2026-04-03T17:00,6.6,81,792.8
2026-04-03T18:00,7.2,80,791.5
2026-04-03T19:00,6.5,86,791.6
2026-04-03T20:00,5.8,88,790.2
2026-04-03T21:00,6.1,83,790.1
2026-04-03T22:00,5.8,91,789.7
2026-04-03T23:00,5.9,84,788.8
2026-04-04T00:00,6.1,86,790.0
2026-04-04T01:00,7.2,76,789.4
2026-04-04T02:00,8.6,69,789.6
2026-04-04T03:00,11.1,56,792.0
2026-04-04T04:00,10.6,55,792.8
2026-04-04T05:00,11.1,51,792.9
2026-04-04T06:00,9.0,80,793.3
2026-04-04T07:00,8.3,78,792.4
2026-04-04T08:00,10.5,62,792.5
2026-04-04T09:00,8.4,75,791.9
2026-04-04T10:00,7.6,83,790.9
2026-04-04T11:00,9.1,73,790.7
2026-04-04T12:00,9.4,65,790.3
2026-04-04T13:00,7.3,69,789.1
2026-04-04T14:00,6.7,61,788.7
2026-04-04T15:00,6.5,65,788.7
2026-04-04T16:00,6.3,61,788.2
2026-04-04T17:00,5.8,62,787.5
2026-04-04T18:00,5.4,67,786.7
2026-04-04T19:00,3.3,71,785.6
2026-04-04T20:00,1.8,72,784.5
2026-04-04T21:00,1.6,68,783.9
2026-04-04T22:00,1.3,65,783.4
2026-04-04T23:00,1.7,61,783.6
2026-04-05T00:00,3.8,63,785.8
2026-04-05T01:00,1.8,67,784.5
2026-04-05T02:00,5.0,58,786.6
2026-04-05T03:00,10.1,39,790.0
2026-04-05T04:00,11.7,36,790.6
2026-04-05T05:00,13.0,35,791.0
2026-04-05T06:00,12.6,41,791.1
2026-04-05T07:00,13.5,35,790.4
2026-04-05T08:00,12.1,45,789.9
2026-04-05T09:00,11.3,55,789.0
2026-04-05T10:00,11.9,49,788.3
2026-04-05T11:00,8.9,75,787.9
2026-04-05T12:00,9.9,70,787.2
2026-04-05T13:00,7.1,82,787.0
2026-04-05T14:00,6.6,85,786.8
2026-04-05T15:00,5.6,86,786.5
2026-04-05T16:00,4.5,90,786.3
2026-04-05T17:00,3.9,88,785.6
2026-04-05T18:00,2.7,92,785.1
2026-04-05T19:00,2.1,93,784.5
2026-04-05T20:00,1.4,91,783.4
2026-04-05T21:00,1.3,83,783.2
2026-04-05T22:00,1.8,74,783.8
2026-04-05T23:00,1.9,70,783.8
2026-04-06T00:00,2.1,69,784.4
2026-04-06T01:00,1.2,69,783.9
2026-04-06T02:00,4.5,57,786.7
2026-04-06T03:00,9.3,41,789.5
2026-04-06T04:00,11.2,37,790.4
2026-04-06T05:00,12.2,38,791.4
2026-04-06T06:00,12.0,47,791.6
2026-04-06T07:00,11.6,48,791.8
2026-04-06T08:00,11.2,51,790.9
2026-04-06T09:00,11.2,52,790.3
2026-04-06T10:00,9.4,65,789.8
2026-04-06T11:00,10.1,62,789.0
2026-04-06T12:00,9.6,64,788.7
2026-04-06T13:00,6.7,72,787.5
2026-04-06T14:00,5.9,74,786.7
2026-04-06T15:00,5.2,76,786.6
2026-04-06T16:00,4.3,78,786.9
2026-04-06T17:00,2.7,82,786.4
2026-04-06T18:00,5.9,77,788.7
2026-04-06T19:00,4.6,77,787.8
2026-04-06T20:00,2.6,81,786.0
2026-04-06T21:00,0.7,86,784.5
2026-04-06T22:00,0.7,79,784.0
2026-04-06T23:00,0.8,71,782.9
2026-04-07T00:00,0.4,61,783.2
2026-04-07T01:00,0.8,61,784.1
2026-04-07T02:00,5.2,52,787.3
2026-04-07T03:00,9.1,42,789.9
2026-04-07T04:00,11.4,34,791.5
2026-04-07T05:00,12.3,37,791.3
2026-04-07T06:00,13.3,33,790.5
2026-04-07T07:00,14.3,28,790.2
2026-04-07T08:00,13.1,35,789.5
2026-04-07T09:00,10.6,47,788.6
2026-04-07T10:00,9.6,52,787.7
2026-04-07T11:00,9.8,50,786.8
2026-04-07T12:00,8.0,60,786.5
2026-04-07T13:00,6.5,62,785.0
2026-04-07T14:00,6.3,65,784.8
2026-04-07T15:00,6.1,68,785.1
2026-04-07T16:00,5.7,72,784.6
2026-04-07T17:00,5.3,76,784.6
2026-04-07T18:00,5.4,77,784.6
2026-04-07T19:00,5.2,80,784.7
2026-04-07T20:00,4.9,86,784.3
2026-04-07T21:00,4.9,89,783.9
2026-04-07T22:00,4.8,91,783.3
2026-04-07T23:00,5.0,92,782.8
2026-04-08T00:00,4.9,84,782.5
2026-04-08T01:00,4.5,89,782.7
2026-04-08T02:00,5.1,88,783.1
2026-04-08T03:00,6.0,85,784.0
2026-04-08T04:00,6.0,88,785.2
2026-04-08T05:00,5.9,89,786.0
2026-04-08T06:00,5.6,92,785.7
2026-04-08T07:00,6.3,85,785.9
2026-04-08T08:00,6.5,83,785.9
2026-04-08T09:00,6.4,85,785.5
2026-04-08T10:00,5.9,88,785.3
2026-04-08T11:00,5.6,91,785.3
2026-04-08T12:00,5.7,93,785.2
2026-04-08T13:00,4.9,95,785.0
2026-04-08T14:00,4.6,99,785.6
2026-04-08T15:00,4.4,100,786.3
2026-04-08T16:00,4.4,100,786.8
2026-04-08T17:00,4.1,100,787.0
2026-04-08T18:00,3.7,96,786.6
2026-04-08T19:00,4.0,98,786.9
2026-04-08T20:00,4.2,97,786.6
2026-04-08T21:00,3.4,96,785.6
2026-04-08T22:00,2.8,94,784.9
2026-04-08T23:00,2.3,94,784.9
2026-04-09T00:00,3.0,87,785.8
2026-04-09T01:00,2.6,85,785.5
2026-04-09T02:00,4.5,77,787.4
2026-04-09T03:00,7.0,69,789.8
2026-04-09T04:00,8.5,62,790.6
2026-04-09T05:00,9.9,55,791.0
2026-04-09T06:00,9.8,56,790.9
2026-04-09T07:00,11.0,48,791.2
2026-04-09T08:00,9.9,54,791.0
2026-04-09T09:00,9.9,59,790.7
2026-04-09T10:00,8.9,69,790.0
2026-04-09T11:00,8.4,75,790.0
2026-04-09T12:00,7.4,83,789.7
2026-04-09T13:00,5.5,87,788.5
2026-04-09T14:00,4.6,92,788.6
2026-04-09T15:00,4.0,94,788.9
2026-04-09T16:00,2.8,97,788.3
2026-04-09T17:00,1.6,98,787.4
2026-04-09T18:00,2.6,97,788.9
2026-04-09T19:00,1.7,100,788.1
2026-04-09T20:00,1.1,100,787.2
2026-04-09T21:00,1.1,100,786.4
2026-04-09T22:00,0.5,92,785.8
2026-04-09T23:00,0.5,100,785.6
2026-04-10T00:00,0.4,96,785.1
2026-04-10T01:00,0.9,94,786.0
2026-04-10T02:00,4.5,65,788.3
2026-04-10T03:00,11.0,42,792.5
2026-04-10T04:00,14.4,29,793.1
2026-04-10T05:00,15.4,28,793.5
2026-04-10T06:00,15.0,34,793.4
2026-04-10T07:00,15.8,27,793.9
2026-04-10T08:00,15.9,27,793.6
2026-04-10T09:00,15.5,29,793.3
2026-04-10T10:00,15.0,34,792.7
2026-04-10T11:00,14.3,46,792.2
2026-04-10T12:00,12.9,48,791.5
2026-04-10T13:00,8.8,66,789.9
2026-04-10T14:00,5.8,87,788.9
2026-04-10T15:00,4.2,72,788.0
2026-04-10T16:00,2.8,80,787.1
2026-04-10T17:00,2.6,71,787.5
2026-04-10T18:00,5.3,70,789.4
2026-04-10T19:00,5.0,82,789.1
2026-04-10T20:00,3.7,88,788.3
2026-04-10T21:00,3.2,87,786.5
2026-04-10T22:00,3.1,74,786.8
2026-04-10T23:00,3.2,50,786.4
2026-04-11T00:00,5.2,43,786.3
2026-04-11T01:00,6.0,41,787.7
2026-04-11T02:00,7.1,45,789.5
2026-04-11T03:00,8.5,55,791.5
2026-04-11T04:00,9.9,55,792.3
2026-04-11T05:00,11.3,50,792.6
2026-04-11T06:00,11.6,48,792.2
2026-04-11T07:00,10.8,50,792.2
2026-04-11T08:00,9.7,56,791.9
2026-04-11T09:00,10.3,63,791.5
2026-04-11T10:00,9.5,80,790.7
2026-04-11T11:00,10.1,80,790.5
2026-04-11T12:00,7.6,90,790.3
2026-04-11T13:00,6.2,91,789.1
2026-04-11T14:00,5.7,85,788.8
2026-04-11T15:00,5.2,77,788.2
2026-04-11T16:00,4.3,81,787.5
2026-04-11T17:00,3.0,83,786.4
2026-04-11T18:00,3.3,77,786.8
2026-04-11T19:00,1.4,78,785.2
2026-04-11T20:00,-0.0,80,783.7
2026-04-11T21:00,-1.1,79,781.8
2026-04-11T22:00,-2.1,75,780.5
2026-04-11T23:00,-2.2,67,780.2
2026-04-12T00:00,0.3,60,781.4
2026-04-12T01:00,0.1,57,781.8
2026-04-12T02:00,4.9,44,785.9
2026-04-12T03:00,11.6,33,790.4
2026-04-12T04:00,13.6,35,791.1
2026-04-12T05:00,14.3,41,791.1
2026-04-12T06:00,14.8,33,790.7
2026-04-12T07:00,15.3,28,791.2
2026-04-12T08:00,15.3,31,791.0
2026-04-12T09:00,14.8,39,790.5
2026-04-12T10:00,13.9,46,790.1
2026-04-12T11:00,12.3,57,789.6
2026-04-12T12:00,12.3,56,789.5
2026-04-12T13:00,10.2,55,788.4
2026-04-12T14:00,8.9,60,788.1
2026-04-12T15:00,7.1,78,788.4
2026-04-12T16:00,5.1,91,788.0
2026-04-12T17:00,3.8,88,786.5
2026-04-12T18:00,3.1,70,786.1
2026-04-12T19:00,2.1,84,785.1
2026-04-12T20:00,2.0,85,784.1
2026-04-12T21:00,1.2,79,782.6
2026-04-12T22:00,1.4,71,782.7
2026-04-12T23:00,1.2,62,781.8
2026-04-13T00:00,0.8,50,781.7
2026-04-13T01:00,0.6,45,781.9
2026-04-13T02:00,5.8,33,786.3
2026-04-13T03:00,13.0,27,791.7
2026-04-13T04:00,14.8,34,792.6
2026-04-13T05:00,16.2,32,793.4
2026-04-13T06:00,15.9,37,793.2
2026-04-13T07:00,16.9,28,793.4
2026-04-13T08:00,17.1,29,793.2
2026-04-13T09:00,16.4,33,792.7
2026-04-13T10:00,15.8,34,792.6
2026-04-13T11:00,14.7,41,791.9
2026-04-13T12:00,13.4,54,791.1
2026-04-13T13:00,10.2,60,790.1
2026-04-13T14:00,8.5,63,789.8
2026-04-13T15:00,6.4,79,789.8
2026-04-13T16:00,5.0,67,789.4
2026-04-13T17:00,4.1,93,789.5
2026-04-13T18:00,4.5,83,789.6
2026-04-13T19:00,4.5,76,788.7
2026-04-13T20:00,3.6,71,787.4
2026-04-13T21:00,3.6,62,787.1
2026-04-13T22:00,3.0,58,786.3
2026-04-13T23:00,2.7,53,785.5
2026-04-14T00:00,2.3,66,784.4
2026-04-14T01:00,1.4,61,784.6
2026-04-14T02:00,6.7,46,788.8
2026-04-14T03:00,13.9,28,793.6
2026-04-14T04:00,16.1,21,794.2
2026-04-14T05:00,16.7,23,793.9
2026-04-14T06:00,16.9,30,793.9
2026-04-14T07:00,17.5,25,794.1
2026-04-14T08:00,17.0,28,793.7
2026-04-14T09:00,16.4,32,793.2
2026-04-14T10:00,15.8,41,792.6
2026-04-14T11:00,14.2,49,792.1
2026-04-14T12:00,13.8,51,791.5
2026-04-14T13:00,10.9,57,790.5
2026-04-14T14:00,8.6,63,789.7
2026-04-14T15:00,7.0,72,789.8
2026-04-14T16:00,6.6,77,789.7
2026-04-14T17:00,6.1,70,788.6
2026-04-14T18:00,4.8,68,787.3
2026-04-14T19:00,3.9,65,786.2
2026-04-14T20:00,2.9,72,785.1
2026-04-14T21:00,1.9,70,783.3
2026-04-14T22:00,1.2,63,782.4
2026-04-14T23:00,0.6,56,781.6
2026-04-15T00:00,0.2,54,781.1
2026-04-15T01:00,0.2,49,781.6
2026-04-15T02:00,6.3,38,786.6
2026-04-15T03:00,13.6,26,791.6
2026-04-15T04:00,16.8,19,792.5
2026-04-15T05:00,18.7,16,792.8
2026-04-15T06:00,19.0,24,792.4
2026-04-15T07:00,19.1,20,792.8
2026-04-15T08:00,18.6,26,792.7
2026-04-15T09:00,18.0,29,792.1
2026-04-15T10:00,17.2,34,791.5
2026-04-15T11:00,16.1,40,791.0
2026-04-15T12:00,15.1,45,790.5
2026-04-15T13:00,12.2,53,789.4
2026-04-15T14:00,10.7,59,789.1
2026-04-15T15:00,9.2,63,788.5
2026-04-15T16:00,7.4,66,787.6
2026-04-15T17:00,5.7,67,786.4
2026-04-15T18:00,5.4,65,786.1
2026-04-15T19:00,4.0,63,785.5
2026-04-15T20:00,3.7,57,784.9
2026-04-15T21:00,3.6,58,784.5
2026-04-15T22:00,3.0,56,783.6
2026-04-15T23:00,2.2,52,782.8
2026-04-16T00:00,1.9,49,782.3
2026-04-16T01:00,1.6,47,783.0
2026-04-16T02:00,8.0,37,788.1
2026-04-16T03:00,15.3,26,793.5
2026-04-16T04:00,17.2,23,794.4
2026-04-16T05:00,18.1,25,794.9
2026-04-16T06:00,18.0,31,794.8
2026-04-16T07:00,18.4,27,795.4
2026-04-16T08:00,17.6,29,795.1
2026-04-16T09:00,17.1,32,794.7
2026-04-16T10:00,16.5,34,793.9
2026-04-16T11:00,16.0,36,793.3
2026-04-16T12:00,15.0,46,792.3
2026-04-16T13:00,12.6,50,791.2
2026-04-16T14:00,10.4,57,790.6
2026-04-16T15:00,8.5,62,790.7
2026-04-16T16:00,7.0,64,790.6
2026-04-16T17:00,6.6,65,790.3
2026-04-16T18:00,6.2,63,790.7
2026-04-16T19:00,4.8,63,789.8
2026-04-16T20:00,4.0,60,788.9
2026-04-16T21:00,4.4,59,788.6
2026-04-16T22:00,4.7,58,788.7
2026-04-16T23:00,4.5,60,788.2
2026-04-17T00:00,6.4,50,789.4
2026-04-17T01:00,6.5,48,789.9
2026-04-17T02:00,10.0,44,792.8
2026-04-17T03:00,11.5,46,794.9
2026-04-17T04:00,11.5,57,797.5
2026-04-17T05:00,12.4,52,798.1
2026-04-17T06:00,11.7,58,798.7
2026-04-17T07:00,13.2,49,798.5
2026-04-17T08:00,13.3,50,798.0
2026-04-17T09:00,13.5,52,797.6
2026-04-17T10:00,14.6,50,796.7
2026-04-17T11:00,14.4,51,795.8
2026-04-17T12:00,12.3,59,794.8
2026-04-17T13:00,10.3,67,793.5
2026-04-17T14:00,8.6,73,792.9
2026-04-17T15:00,8.0,76,793.9
2026-04-17T16:00,8.0,79,794.1
2026-04-17T17:00,6.9,90,793.2
2026-04-17T18:00,7.8,74,791.8
2026-04-17T19:00,7.9,72,791.9
2026-04-17T20:00,7.6,72,792.1
2026-04-17T21:00,7.1,74,791.3
2026-04-17T22:00,6.9,66,790.8
2026-04-17T23:00,6.4,74,790.4
2026-04-18T00:00,4.0,71,788.8
2026-04-18T01:00,5.0,77,790.0
2026-04-18T02:00,9.6,66,794.3
2026-04-18T03:00,13.3,51,796.2
2026-04-18T04:00,16.2,37,797.2
2026-04-18T05:00,18.1,28,797.6
2026-04-18T06:00,17.7,33,797.4
2026-04-18T07:00,18.4,26,797.5
2026-04-18T08:00,18.2,27,797.4
2026-04-18T09:00,17.7,30,796.7
2026-04-18T10:00,17.2,32,796.1
2026-04-18T11:00,17.0,33,795.4
2026-04-18T12:00,16.0,36,794.8
2026-04-18T13:00,12.3,40,792.0
2026-04-18T14:00,9.0,50,790.2
2026-04-18T15:00,6.5,60,789.3
2026-04-18T16:00,5.5,65,789.2
2026-04-18T17:00,5.0,64,788.6
2026-04-18T18:00,6.1,58,789.4
2026-04-18T19:00,5.2,58,788.6
2026-04-18T20:00,5.0,57,788.0
2026-04-18T21:00,6.0,53,788.2
2026-04-18T22:00,5.0,54,787.3
2026-04-18T23:00,4.1,56,786.4
2026-04-19T00:00,4.9,51,787.3
2026-04-19T01:00,5.6,54,789.4
2026-04-19T02:00,9.7,40,792.6
2026-04-19T03:00,13.4,49,794.9
2026-04-19T04:00,16.2,39,795.7
2026-04-19T05:00,16.7,30,796.2
2026-04-19T06:00,17.0,33,796.2
2026-04-19T07:00,16.6,28,795.6
2026-04-19T08:00,16.2,29,795.2
2026-04-19T09:00,15.7,32,794.8
2026-04-19T10:00,15.5,33,794.5
2026-04-19T11:00,13.8,39,794.0
2026-04-19T12:00,12.9,43,793.4
2026-04-19T13:00,10.8,51,792.7
2026-04-19T14:00,9.5,58,792.0
2026-04-19T15:00,7.3,65,790.1
2026-04-19T16:00,6.3,68,789.8
2026-04-19T17:00,5.6,68,789.0
2026-04-19T18:00,6.2,63,789.2
2026-04-19T19:00,5.1,63,788.2
2026-04-19T20:00,4.1,64,787.1
2026-04-19T21:00,2.9,64,785.8
2026-04-19T22:00,1.8,64,785.1
2026-04-19T23:00,1.4,63,784.7
2026-04-20T00:00,2.9,58,785.7
2026-04-20T01:00,3.3,56,786.7
2026-04-20T02:00,8.8,46,791.4
2026-04-20T03:00,13.0,37,794.0
2026-04-20T04:00,15.9,29,794.9
2026-04-20T05:00,17.7,24,795.4
2026-04-20T06:00,18.2,28,795.0
2026-04-20T07:00,19.0,21,794.8
2026-04-20T08:00,19.4,20,794.4
2026-04-20T09:00,19.2,22,793.6
2026-04-20T10:00,17.8,28,793.1
2026-04-20T11:00,16.9,31,792.7
2026-04-20T12:00,15.6,39,792.2
2026-04-20T13:00,12.4,43,790.6
2026-04-20T14:00,9.7,52,789.4
2026-04-20T15:00,9.1,53,789.3
2026-04-20T16:00,7.5,58,788.4
2026-04-20T17:00,5.7,63,786.9
2026-04-20T18:00,5.4,60,786.9
2026-04-20T19:00,4.3,59,786.1
2026-04-20T20:00,3.1,59,785.1
2026-04-20T21:00,2.3,56,784.0
2026-04-20T22:00,1.6,53,783.4
2026-04-20T23:00,1.1,50,782.4
2026-04-21T00:00,1.3,51,782.1
2026-04-21T01:00,2.0,46,783.1
2026-04-21T02:00,8.8,38,788.4
2026-04-21T03:00,15.0,25,792.6
2026-04-21T04:00,17.5,21,793.6
2026-04-21T05:00,18.8,19,794.1
2026-04-21T06:00,19.0,29,793.9
2026-04-21T07:00,19.4,24,794.0
2026-04-21T08:00,19.5,26,793.4
2026-04-21T09:00,19.1,29,792.7
2026-04-21T10:00,18.7,32,792.1
2026-04-21T11:00,17.1,40,791.9
2026-04-21T12:00,15.7,50,791.4
2026-04-21T13:00,12.7,57,790.4
2026-04-21T14:00,10.3,63,789.6
2026-04-21T15:00,7.9,71,788.1
2026-04-21T16:00,5.6,74,786.4
2026-04-21T17:00,4.4,71,785.5
2026-04-21T18:00,4.8,62,785.7
2026-04-21T19:00,4.2,55,785.2
2026-04-21T20:00,3.4,50,784.4
2026-04-21T21:00,2.9,46,783.7
2026-04-21T22:00,2.6,42,783.4
2026-04-21T23:00,2.3,40,782.9
2026-04-22T00:00,2.5,41,782.6
2026-04-22T01:00,3.6,38,783.7
2026-04-22T02:00,9.8,35,788.1
2026-04-22T03:00,16.6,24,793.2
2026-04-22T04:00,19.3,18,794.5
2026-04-22T05:00,20.4,18,794.9
2026-04-22T06:00,20.9,29,794.8
2026-04-22T07:00,21.6,22,794.9
2026-04-22T08:00,21.7,24,794.8
2026-04-22T09:00,21.3,28,794.1
2026-04-22T10:00,20.3,34,793.6
2026-04-22T11:00,18.9,41,793.1
2026-04-22T12:00,17.4,47,792.3
2026-04-22T13:00,14.3,55,791.4
2026-04-22T14:00,12.6,59,791.0
2026-04-22T15:00,10.6,66,789.8
2026-04-22T16:00,8.8,68,788.6
2026-04-22T17:00,7.8,66,788.3
2026-04-22T18:00,8.4,62,789.1
2026-04-22T19:00,7.7,58,788.5
2026-04-22T20:00,6.5,56,786.8
2026-04-22T21:00,5.5,54,785.7
2026-04-22T22:00,4.8,51,785.0
2026-04-22T23:00,4.3,48,784.4
2026-04-23T00:00,4.7,48,784.6
2026-04-23T01:00,5.4,44,786.0
2026-04-23T02:00,11.5,36,790.8
2026-04-23T03:00,17.8,23,795.5
2026-04-23T04:00,19.8,19,796.5
2026-04-23T05:00,20.5,20,796.8
2026-04-23T06:00,21.0,29,796.8
2026-04-23T07:00,21.3,25,796.7
2026-04-23T08:00,21.2,26,796.1
2026-04-23T09:00,20.4,31,795.5
2026-04-23T10:00,19.4,35,794.7
2026-04-23T11:00,18.4,40,794.2
2026-04-23T12:00,17.4,45,793.6
2026-04-23T13:00,14.6,52,792.3
2026-04-23T14:00,12.1,58,791.4
2026-04-23T15:00,10.0,64,790.3
2026-04-23T16:00,8.4,66,789.3
2026-04-23T17:00,7.2,66,788.5
2026-04-23T18:00,7.6,63,788.8
2026-04-23T19:00,7.0,62,788.5
2026-04-23T20:00,6.3,61,787.7
2026-04-23T21:00,5.8,60,787.1
2026-04-23T22:00,5.2,59,787.0
2026-04-23T23:00,4.8,58,786.6
2026-04-24T00:00,5.2,55,786.3
2026-04-24T01:00,5.9,53,787.2
2026-04-24T02:00,12.2,43,792.3
2026-04-24T03:00,17.9,30,796.0
2026-04-24T04:00,19.8,24,796.6
2026-04-24T05:00,21.1,23,796.7
2026-04-24T06:00,21.3,31,796.5
2026-04-24T07:00,21.6,26,796.5
2026-04-24T08:00,21.3,30,795.7
2026-04-24T09:00,20.0,36,794.8
2026-04-24T10:00,19.5,38,793.9
2026-04-24T11:00,18.5,41,793.5
2026-04-24T12:00,17.3,43,793.4
2026-04-24T13:00,14.5,49,792.7
2026-04-24T14:00,12.3,54,792.1
2026-04-24T15:00,10.2,61,791.4
2026-04-24T16:00,9.2,64,791.1
2026-04-24T17:00,7.9,66,790.2
2026-04-24T18:00,8.3,71,791.5
2026-04-24T19:00,8.4,74,791.9
2026-04-24T20:00,6.8,77,790.5
2026-04-24T21:00,7.0,75,791.0
2026-04-24T22:00,6.4,77,791.2
2026-04-24T23:00,6.2,73,790.1
2026-04-25T00:00,8.6,79,792.4
2026-04-25T01:00,9.3,71,792.5
2026-04-25T02:00,13.2,58,795.0
2026-04-25T03:00,16.9,44,797.3
2026-04-25T04:00,19.0,35,798.1
2026-04-25T05:00,20.1,32,798.3
2026-04-25T06:00,20.1,40,798.1
2026-04-25T07:00,19.0,41,798.2
2026-04-25T08:00,19.1,42,797.6
2026-04-25T09:00,18.3,45,796.9
2026-04-25T10:00,16.9,54,796.3
2026-04-25T11:00,15.8,61,796.2
2026-04-25T12:00,15.9,61,794.9
2026-04-25T13:00,10.6,81,793.8
2026-04-25T14:00,9.5,81,792.8
2026-04-25T15:00,9.0,74,791.6
2026-04-25T16:00,7.6,74,790.5
2026-04-25T17:00,6.7,73,789.7
2026-04-25T18:00,5.9,64,790.3
2026-04-25T19:00,6.7,70,791.2
2026-04-25T20:00,6.8,74,790.3
2026-04-25T21:00,6.6,70,789.2
2026-04-25T22:00,6.9,65,788.8
2026-04-25T23:00,7.0,63,788.8
2026-04-26T00:00,6.1,58,787.6
2026-04-26T01:00,7.0,54,788.5
2026-04-26T02:00,12.0,46,792.3
2026-04-26T03:00,16.2,35,795.1
2026-04-26T04:00,18.5,29,796.0
2026-04-26T05:00,19.7,26,796.0
2026-04-26T06:00,20.0,32,795.4
2026-04-26T07:00,20.3,29,795.8
2026-04-26T08:00,20.2,30,795.2
2026-04-26T09:00,20.6,28,794.3
2026-04-26T10:00,20.8,27,793.3
2026-04-26T11:00,19.8,28,792.4
2026-04-26T12:00,18.4,34,791.7
2026-04-26T13:00,14.9,40,789.9
2026-04-26T14:00,12.6,46,789.2
2026-04-26T15:00,10.4,51,788.3
2026-04-26T16:00,8.3,53,787.1
2026-04-26T17:00,7.0,53,786.4
2026-04-26T18:00,6.9,51,786.1
2026-04-26T19:00,6.1,49,785.0
2026-04-26T20:00,4.8,48,783.7
2026-04-26T21:00,3.9,46,782.6
2026-04-26T22:00,3.8,44,782.5
2026-04-26T23:00,4.6,41,782.9
2026-04-27T00:00,4.5,41,782.7
2026-04-27T01:00,5.9,38,784.0
2026-04-27T02:00,12.4,33,788.7
2026-04-27T03:00,17.8,22,792.4
2026-04-27T04:00,19.3,21,793.1
2026-04-27T05:00,20.2,24,793.7
2026-04-27T06:00,20.6,29,793.6
2026-04-27T07:00,21.0,25,793.6
2026-04-27T08:00,21.1,27,793.1
2026-04-27T09:00,20.9,28,792.1
2026-04-27T10:00,20.4,29,791.1
2026-04-27T11:00,19.5,33,790.2
2026-04-27T12:00,17.8,41,789.8
2026-04-27T13:00,14.9,46,788.4
2026-04-27T14:00,12.8,51,787.2
2026-04-27T15:00,11.4,55,787.1
2026-04-27T16:00,9.9,58,787.4
2026-04-27T17:00,9.0,58,787.3
2026-04-27T18:00,9.8,58,788.8
2026-04-27T19:00,9.1,65,788.4
2026-04-27T20:00,8.5,67,787.2
2026-04-27T21:00,7.8,69,786.5
2026-04-27T22:00,7.7,68,786.0
2026-04-27T23:00,7.1,67,785.6
2026-04-28T00:00,6.4,59,784.2
2026-04-28T01:00,7.6,57,785.7
2026-04-28T02:00,12.2,49,789.6
2026-04-28T03:00,16.0,39,792.4
2026-04-28T04:00,17.2,39,792.5
2026-04-28T05:00,17.8,38,792.8
2026-04-28T06:00,16.8,48,792.1
2026-04-28T07:00,16.5,45,792.0
2026-04-28T08:00,15.2,50,791.4
2026-04-28T09:00,14.9,49,790.4
2026-04-28T10:00,13.8,58,789.8
2026-04-28T11:00,11.6,68,788.6
2026-04-28T12:00,11.8,72,789.2
2026-04-28T13:00,11.1,74,788.7
2026-04-28T14:00,10.6,73,788.3
2026-04-28T15:00,10.2,75,788.3
2026-04-28T16:00,9.5,78,788.0
2026-04-28T17:00,9.1,78,787.7
2026-04-28T18:00,8.6,82,788.1
2026-04-28T19:00,8.2,83,787.7
2026-04-28T20:00,7.0,87,786.6
2026-04-28T21:00,5.9,90,785.5
2026-04-28T22:00,5.3,88,784.5
2026-04-28T23:00,4.7,91,784.7
2026-04-29T00:00,8.0,71,785.7
2026-04-29T01:00,9.2,77,787.7
2026-04-29T02:00,11.1,64,789.2
2026-04-29T03:00,12.5,57,790.5
2026-04-29T04:00,12.7,57,791.2
2026-04-29T05:00,12.9,60,792.2
2026-04-29T06:00,12.2,64,792.0
2026-04-29T07:00,11.7,64,791.7
2026-04-29T08:00,11.9,66,791.0
2026-04-29T09:00,13.1,63,790.5
2026-04-29T10:00,13.7,59,790.0
2026-04-29T11:00,13.9,57,789.5
2026-04-29T12:00,12.8,70,789.0
2026-04-29T13:00,10.6,78,788.0
2026-04-29T14:00,9.2,80,787.1
2026-04-29T15:00,8.0,84,786.7
2026-04-29T16:00,7.7,79,786.4
2026-04-29T17:00,7.3,78,785.9
2026-04-29T18:00,7.3,79,785.8
2026-04-29T19:00,7.4,77,785.2
2026-04-29T20:00,6.6,78,784.0
2026-04-29T21:00,6.2,77,782.9
2026-04-29T22:00,5.6,77,783.1
2026-04-29T23:00,5.4,77,783.5
2026-04-30T00:00,7.0,82,786.0
2026-04-30T01:00,7.9,87,787.4
2026-04-30T02:00,10.9,72,789.5
2026-04-30T03:00,12.0,67,790.3
2026-04-30T04:00,12.2,69,791.4
2026-04-30T05:00,12.3,65,792.0
2026-04-30T06:00,14.2,57,791.5
2026-04-30T07:00,15.4,46,791.4
2026-04-30T08:00,15.7,47,791.0
2026-04-30T09:00,15.4,49,790.1
2026-04-30T10:00,15.3,50,789.6
2026-04-30T11:00,13.4,64,789.6
2026-04-30T12:00,12.8,69,788.8
2026-04-30T13:00,10.2,81,788.0
2026-04-30T14:00,8.7,86,787.7
2026-04-30T15:00,8.0,87,787.3
2026-04-30T16:00,6.8,88,786.3
2026-04-30T17:00,5.7,88,784.9
2026-04-30T18:00,6.5,81,784.8
2026-04-30T19:00,5.9,79,784.9
2026-04-30T20:00,5.2,78,783.9
2026-04-30T21:00,4.7,77,783.5
2026-04-30T22:00,4.8,73,784.2
2026-04-30T23:00,4.7,69,784.0
2026-05-01T00:00,7.1,61,785.6
2026-05-01T01:00,7.9,58,786.6
2026-05-01T02:00,11.9,48,789.6
2026-05-01T03:00,13.9,42,790.5
2026-05-01T04:00,15.4,41,790.6
2026-05-01T05:00,16.6,43,791.1
2026-05-01T06:00,17.3,49,790.9
2026-05-01T07:00,17.7,48,791.4
2026-05-01T08:00,16.2,58,791.1
2026-05-01T09:00,15.7,59,790.3
2026-05-01T10:00,15.1,63,789.2
2026-05-01T11:00,14.0,69,788.8
2026-05-01T12:00,12.6,78,789.0
2026-05-01T13:00,10.4,83,787.9
2026-05-01T14:00,9.1,86,787.2
2026-05-01T15:00,8.0,85,787.1
2026-05-01T16:00,7.8,78,787.3
2026-05-01T17:00,7.4,76,786.8
2026-05-01T18:00,8.2,76,786.8
2026-05-01T19:00,7.0,78,785.5
2026-05-01T20:00,5.1,83,783.8
2026-05-01T21:00,4.2,81,782.6
2026-05-01T22:00,3.8,77,781.9
2026-05-01T23:00,3.6,71,781.5
2026-05-02T00:00,5.5,62,783.0
2026-05-02T01:00,6.3,59,784.2
2026-05-02T02:00,11.9,48,788.5
2026-05-02T03:00,14.6,39,789.9
2026-05-02T04:00,16.1,38,790.2
2026-05-02T05:00,17.2,42,790.6
2026-05-02T06:00,17.7,46,790.4
2026-05-02T07:00,17.5,42,790.5
2026-05-02T08:00,16.0,55,790.1
2026-05-02T09:00,16.3,57,789.4
2026-05-02T10:00,13.2,75,789.0
2026-05-02T11:00,13.6,70,788.3
2026-05-02T12:00,12.6,73,787.9
2026-05-02T13:00,9.7,83,786.7
2026-05-02T14:00,8.0,85,786.0
2026-05-02T15:00,7.5,86,785.7
2026-05-02T16:00,7.5,79,785.4
2026-05-02T17:00,7.1,74,784.8
2026-05-02T18:00,6.8,72,784.4
2026-05-02T19:00,6.5,71,784.1
2026-05-02T20:00,6.0,71,783.7
2026-05-02T21:00,6.2,68,783.6
2026-05-02T22:00,6.8,71,784.2
2026-05-02T23:00,6.8,68,783.9
2026-05-03T00:00,5.8,63,782.4
2026-05-03T01:00,8.2,57,785.6
2026-05-03T02:00,10.0,57,788.3
2026-05-03T03:00,9.7,65,790.8
2026-05-03T04:00,8.4,77,791.5
2026-05-03T05:00,10.7,71,791.9
2026-05-03T06:00,13.9,58,791.7
2026-05-03T07:00,16.5,42,791.8
2026-05-03T08:00,17.7,40,791.7
2026-05-03T09:00,17.8,39,791.4
2026-05-03T10:00,16.6,44,790.8
2026-05-03T11:00,15.5,49,790.2
2026-05-03T12:00,13.6,64,790.7
2026-05-03T13:00,10.9,72,789.3
2026-05-03T14:00,10.1,73,788.5
2026-05-03T15:00,8.8,77,788.1
2026-05-03T16:00,8.0,77,787.6
2026-05-03T17:00,6.6,76,786.8
2026-05-03T18:00,7.1,71,785.5
2026-05-03T19:00,6.0,71,785.3
2026-05-03T20:00,6.0,70,784.7
2026-05-03T21:00,6.2,66,784.5
2026-05-03T22:00,7.4,58,785.2
2026-05-03T23:00,7.8,55,785.9
2026-05-04T00:00,8.0,66,785.2
2026-05-04T01:00,9.0,62,787.2
2026-05-04T02:00,11.1,59,789.7
2026-05-04T03:00,11.9,53,790.5
2026-05-04T04:00,13.7,44,791.2
2026-05-04T05:00,13.5,49,791.6
2026-05-04T06:00,10.4,67,790.5
2026-05-04T07:00,8.9,86,791.4
2026-05-04T08:00,9.5,77,791.3
2026-05-04T09:00,10.6,69,790.8
2026-05-04T10:00,9.7,75,790.4
2026-05-04T11:00,9.4,77,789.8
2026-05-04T12:00,10.6,76,790.5
2026-05-04T13:00,9.3,76,789.3
2026-05-04T14:00,8.3,77,789.1
2026-05-04T15:00,6.8,80,788.8
2026-05-04T16:00,6.0,84,788.8
2026-05-04T17:00,5.9,79,789.4
2026-05-04T18:00,6.6,79,788.9
2026-05-04T19:00,6.7,76,789.2
2026-05-04T20:00,6.9,77,789.0
2026-05-04T21:00,7.8,71,788.9
2026-05-04T22:00,8.7,63,789.8
2026-05-04T23:00,9.0,59,790.5
2026-05-05T00:00,6.0,69,788.5
2026-05-05T01:00,6.5,67,789.7
2026-05-05T02:00,11.0,56,793.2
2026-05-05T03:00,12.5,47,794.2
2026-05-05T04:00,14.1,40,794.9
2026-05-05T05:00,15.1,37,795.3
2026-05-05T06:00,15.4,38,794.9
2026-05-05T07:00,15.9,36,794.9
2026-05-05T08:00,15.0,46,794.7
2026-05-05T09:00,14.7,46,793.8
2026-05-05T10:00,14.2,47,793.1
2026-05-05T11:00,13.2,54,792.5
2026-05-05T12:00,13.2,57,791.4
2026-05-05T13:00,10.0,68,790.1
2026-05-05T14:00,8.2,77,790.1
2026-05-05T15:00,7.8,82,790.6
2026-05-05T16:00,7.6,83,790.6
2026-05-05T17:00,6.9,86,789.7
2026-05-05T18:00,7.5,87,790.1
2026-05-05T19:00,6.3,91,788.5
2026-05-05T20:00,5.1,95,787.2
2026-05-05T21:00,4.2,91,786.6
2026-05-05T22:00,4.1,79,786.6
2026-05-05T23:00,4.1,66,786.2
2026-05-06T00:00,4.1,60,786.6
2026-05-06T01:00,5.2,56,787.5
2026-05-06T02:00,10.0,43,790.9
2026-05-06T03:00,12.5,35,792.0
2026-05-06T04:00,13.8,35,792.3
2026-05-06T05:00,14.7,40,792.6
2026-05-06T06:00,14.3,49,792.3
2026-05-06T07:00,14.4,45,792.0
2026-05-06T08:00,13.2,54,791.8
2026-05-06T09:00,13.1,54,790.9
2026-05-06T10:00,12.9,56,790.2
2026-05-06T11:00,11.4,67,789.5
2026-05-06T12:00,10.6,79,789.2
2026-05-06T13:00,8.9,86,788.4
2026-05-06T14:00,7.4,92,788.0
2026-05-06T15:00,7.2,92,787.7
2026-05-06T16:00,7.2,89,787.0
2026-05-06T17:00,7.2,84,786.8
2026-05-06T18:00,8.2,84,787.7
2026-05-06T19:00,7.9,89,788.1
2026-05-06T20:00,7.7,87,787.2
2026-05-06T21:00,7.1,86,786.2
2026-05-06T22:00,6.8,83,786.5
2026-05-06T23:00,7.1,78,786.8
2026-05-07T00:00,6.4,63,787.1
2026-05-07T01:00,7.3,60,787.5
2026-05-07T02:00,10.7,55,790.3
2026-05-07T03:00,12.7,45,791.7
2026-05-07T04:00,13.4,47,792.2
2026-05-07T05:00,13.6,49,792.7
2026-05-07T06:00,14.9,54,792.6
2026-05-07T07:00,14.6,53,792.7
2026-05-07T08:00,13.2,64,792.5
2026-05-07T09:00,13.5,65,792.2
2026-05-07T10:00,13.1,69,791.6
2026-05-07T11:00,11.6,79,791.5
2026-05-07T12:00,12.1,82,791.6
2026-05-07T13:00,10.5,87,791.1
2026-05-07T14:00,9.6,88,790.6
2026-05-07T15:00,9.1,88,789.6
2026-05-07T16:00,8.4,91,789.7
2026-05-07T17:00,7.9,92,789.4
2026-05-07T18:00,8.0,97,790.4
2026-05-07T19:00,7.5,97,789.2
2026-05-07T20:00,6.9,96,788.0
2026-05-07T21:00,6.3,91,787.2
2026-05-07T22:00,6.0,81,786.6
2026-05-07T23:00,5.4,71,785.9
2026-05-08T00:00,8.6,66,788.9
2026-05-08T01:00,9.6,66,789.4
2026-05-08T02:00,12.7,59,791.2
2026-05-08T03:00,14.4,55,792.8
2026-05-08T04:00,14.7,65,793.8
2026-05-08T05:00,15.3,63,794.4
2026-05-08T06:00,15.0,65,794.6
2026-05-08T07:00,16.0,57,794.6
2026-05-08T08:00,15.2,64,794.7
2026-05-08T09:00,14.5,71,794.3
2026-05-08T10:00,15.0,68,793.5
2026-05-08T11:00,13.8,77,793.0
2026-05-08T12:00,13.8,77,792.9
2026-05-08T13:00,11.7,81,792.0
2026-05-08T14:00,10.2,84,791.5
2026-05-08T15:00,9.5,87,791.0
2026-05-08T16:00,8.7,90,790.7
2026-05-08T17:00,7.8,90,789.6
2026-05-08T18:00,8.5,80,789.6
2026-05-08T19:00,7.9,78,788.7
2026-05-08T20:00,7.2,74,787.9
2026-05-08T21:00,6.7,67,787.3
2026-05-08T22:00,5.9,58,786.6
2026-05-08T23:00,4.6,53,785.5
2026-05-09T00:00,6.7,44,787.2
2026-05-09T01:00,8.4,40,789.0
2026-05-09T02:00,13.7,40,793.2
2026-05-09T03:00,17.2,27,795.3
2026-05-09T04:00,19.9,18,795.8
2026-05-09T05:00,21.3,15,796.1
2026-05-09T06:00,22.0,19,795.8
2026-05-09T07:00,20.8,20,795.8
2026-05-09T08:00,19.1,47,795.5
2026-05-09T09:00,18.5,60,795.3
2026-05-09T10:00,18.2,57,794.6
2026-05-09T11:00,17.4,58,794.1
2026-05-09T12:00,16.2,70,793.8
2026-05-09T13:00,13.3,80,792.8
2026-05-09T14:00,11.2,88,792.5
2026-05-09T15:00,10.3,94,791.9
2026-05-09T16:00,9.1,92,790.5
2026-05-09T17:00,7.8,80,789.0
2026-05-09T18:00,8.9,61,789.3
2026-05-09T19:00,8.4,51,788.6
2026-05-09T20:00,7.5,46,787.4
2026-05-09T21:00,6.6,42,786.3
2026-05-09T22:00,5.9,40,785.6
2026-05-09T23:00,5.3,38,785.4
2026-05-10T00:00,5.5,37,785.2
2026-05-10T01:00,7.9,34,787.6
2026-05-10T02:00,14.3,31,793.0
2026-05-10T03:00,18.6,24,796.0
2026-05-10T04:00,20.2,24,796.4
2026-05-10T05:00,21.1,31,796.2
2026-05-10T06:00,21.1,51,796.1
2026-05-10T07:00,20.5,58,796.8
2026-05-10T08:00,19.3,57,796.2
2026-05-10T09:00,19.4,56,795.4
2026-05-10T10:00,18.5,65,794.6
2026-05-10T11:00,17.3,73,794.0
2026-05-10T12:00,16.5,79,793.6
2026-05-10T13:00,14.5,84,792.6
2026-05-10T14:00,12.5,90,791.7
2026-05-10T15:00,11.9,93,791.2
2026-05-10T16:00,11.0,92,790.6
2026-05-10T17:00,10.7,85,791.2
2026-05-10T18:00,11.7,100,792.7
2026-05-10T19:00,11.4,100,792.8
2026-05-10T20:00,10.5,96,791.9
2026-05-10T21:00,9.7,96,791.9
2026-05-10T22:00,10.4,84,791.9
2026-05-10T23:00,10.9,77,792.3
2026-05-11T00:00,10.2,75,791.6
2026-05-11T01:00,11.2,64,792.6
2026-05-11T02:00,12.3,57,792.9
2026-05-11T03:00,16.0,44,795.3
2026-05-11T04:00,18.0,39,796.1
2026-05-11T05:00,19.0,40,796.4
2026-05-11T06:00,18.6,50,796.1
2026-05-11T07:00,18.6,46,796.2
2026-05-11T08:00,18.4,50,795.6
2026-05-11T09:00,17.7,57,794.7
2026-05-11T10:00,16.2,66,794.2
2026-05-11T11:00,15.8,71,793.6
2026-05-11T12:00,14.2,82,793.1
2026-05-11T13:00,12.7,85,792.1
2026-05-11T14:00,11.1,85,790.5
2026-05-11T15:00,10.0,83,789.0
2026-05-11T16:00,9.3,80,789.5
2026-05-11T17:00,8.9,75,790.0
2026-05-11T18:00,10.1,76,790.8
2026-05-11T19:00,9.0,76,789.6
2026-05-11T20:00,8.2,74,788.1
2026-05-11T21:00,8.0,75,788.6
2026-05-11T22:00,7.8,70,787.8
2026-05-11T23:00,7.4,62,786.9
2026-05-12T00:00,4.9,58,785.5
2026-05-12T01:00,7.7,69,788.3
2026-05-12T02:00,13.6,52,792.6
2026-05-12T03:00,15.2,53,794.2
2026-05-12T04:00,17.3,45,794.8
2026-05-12T05:00,18.4,42,794.7
2026-05-12T06:00,19.0,49,795.2
2026-05-12T07:00,19.1,45,794.6
2026-05-12T08:00,17.8,53,794.0
2026-05-12T09:00,15.6,62,793.4
2026-05-12T10:00,13.9,69,792.8
2026-05-12T11:00,13.9,68,792.3
2026-05-12T12:00,13.4,75,792.4
2026-05-12T13:00,10.9,87,791.3
2026-05-12T14:00,8.8,91,790.5
2026-05-12T15:00,8.1,89,789.8
2026-05-12T16:00,7.4,88,789.0
2026-05-12T17:00,7.1,80,788.2
2026-05-12T18:00,8.7,67,789.2
2026-05-12T19:00,8.2,61,788.2
2026-05-12T20:00,8.0,60,787.9
2026-05-12T21:00,7.2,59,787.3
2026-05-12T22:00,6.9,60,786.6
2026-05-12T23:00,6.2,58,785.8
2026-05-13T00:00,7.5,57,786.8
2026-05-13T01:00,9.1,49,788.0
2026-05-13T02:00,13.1,43,791.0
2026-05-13T03:00,16.3,34,793.6
2026-05-13T04:00,17.8,31,794.1
2026-05-13T05:00,18.9,27,794.3
2026-05-13T06:00,19.4,32,794.4
2026-05-13T07:00,18.6,31,792.8
2026-05-13T08:00,18.2,29,792.9
2026-05-13T09:00,17.5,39,792.4
2026-05-13T10:00,17.9,37,791.4
2026-05-13T11:00,16.8,40,791.3
2026-05-13T12:00,15.1,59,790.3
2026-05-13T13:00,13.1,68,789.3
2026-05-13T14:00,10.0,85,788.7
2026-05-13T15:00,9.1,86,789.5
2026-05-13T16:00,8.2,85,789.2
2026-05-13T17:00,7.7,88,789.1
2026-05-13T18:00,6.9,75,784.9
2026-05-13T19:00,6.6,69,784.6
2026-05-13T20:00,6.7,61,783.7
2026-05-13T21:00,6.8,55,783.2
2026-05-13T22:00,6.0,56,782.8
2026-05-13T23:00,5.2,55,782.7
2026-05-14T00:00,5.2,63,783.4
2026-05-14T01:00,8.1,53,785.8
2026-05-14T02:00,13.2,44,789.4
2026-05-14T03:00,17.0,33,791.8
2026-05-14T04:00,19.0,28,792.5
2026-05-14T05:00,20.0,27,792.9
2026-05-14T06:00,20.6,33,792.9
2026-05-14T07:00,20.5,24,792.8
2026-05-14T08:00,20.2,26,792.8
2026-05-14T09:00,18.5,37,792.2
2026-05-14T10:00,17.4,41,792.0
2026-05-14T11:00,16.7,45,791.2
2026-05-14T12:00,16.4,43,790.5
2026-05-14T13:00,14.2,47,789.5
2026-05-14T14:00,12.4,51,788.3
2026-05-14T15:00,10.2,58,787.5
2026-05-14T16:00,8.6,67,788.0
2026-05-14T17:00,7.9,74,788.9
2026-05-14T18:00,7.5,69,786.7
2026-05-14T19:00,7.6,67,786.4
2026-05-14T20:00,7.0,70,785.7
2026-05-14T21:00,7.4,67,785.3
2026-05-14T22:00,6.5,68,784.0
2026-05-14T23:00,7.1,64,784.0
2026-05-15T00:00,6.7,61,784.6
2026-05-15T01:00,8.6,58,786.1
2026-05-15T02:00,13.8,49,790.0
2026-05-15T03:00,16.4,38,791.7
2026-05-15T04:00,17.7,35,792.4
2026-05-15T05:00,18.6,34,792.9
2026-05-15T06:00,19.0,40,793.1
2026-05-15T07:00,19.3,36,792.8
2026-05-15T08:00,18.2,39,792.1
2026-05-15T09:00,17.3,43,791.7
2026-05-15T10:00,16.7,46,791.5
2026-05-15T11:00,15.2,57,790.6
2026-05-15T12:00,15.0,58,790.5
2026-05-15T13:00,12.2,67,788.6
2026-05-15T14:00,9.7,75,787.7
2026-05-15T15:00,8.7,80,787.8
2026-05-15T16:00,8.4,77,787.4
2026-05-15T17:00,8.1,72,787.3
2026-05-15T18:00,7.6,71,786.7
2026-05-15T19:00,7.5,66,785.7
2026-05-15T20:00,6.8,65,784.9
2026-05-15T21:00,6.6,62,784.5
2026-05-15T22:00,7.2,57,785.0
2026-05-15T23:00,7.0,54,785.3
2026-05-16T00:00,6.8,57,785.3
2026-05-16T01:00,9.2,54,787.7
2026-05-16T02:00,13.2,47,790.7
2026-05-16T03:00,16.2,37,792.3
2026-05-16T04:00,18.2,32,793.1
2026-05-16T05:00,19.2,32,793.4
2026-05-16T06:00,19.4,39,793.8
2026-05-16T07:00,19.6,38,794.0
2026-05-16T08:00,18.4,45,793.5
2026-05-16T09:00,17.8,50,793.4
2026-05-16T10:00,17.2,53,792.8
2026-05-16T11:00,16.1,58,792.2
2026-05-16T12:00,16.0,58,792.1
2026-05-16T13:00,13.4,64,790.8
2026-05-16T14:00,10.4,74,789.4
2026-05-16T15:00,9.5,76,788.4
2026-05-16T16:00,8.6,76,788.4
2026-05-16T17:00,7.8,75,787.2
2026-05-16T18:00,7.5,73,786.5
2026-05-16T19:00,6.7,69,785.7
2026-05-16T20:00,5.5,69,784.9
2026-05-16T21:00,4.9,68,784.3
2026-05-16T22:00,4.8,66,784.2
2026-05-16T23:00,4.9,63,784.2
2026-05-17T00:00,4.3,65,784.3
2026-05-17T01:00,7.6,58,787.1
2026-05-17T02:00,13.8,46,791.4
2026-05-17T03:00,17.7,36,792.7
2026-05-17T04:00,20.5,26,793.4
2026-05-17T05:00,22.1,23,793.8
2026-05-17T06:00,22.6,33,794.1
2026-05-17T07:00,22.2,31,794.0
2026-05-17T08:00,21.7,35,793.7
2026-05-17T09:00,21.6,39,793.4
2026-05-17T10:00,20.8,40,792.6
2026-05-17T11:00,19.7,46,792.2
2026-05-17T12:00,18.5,56,792.0
2026-05-17T13:00,15.9,59,791.0
2026-05-17T14:00,13.5,62,789.6
2026-05-17T15:00,11.7,69,788.6
2026-05-17T16:00,9.8,71,787.2
2026-05-17T17:00,8.8,65,786.6
2026-05-17T18:00,8.6,58,785.9
2026-05-17T19:00,8.3,52,784.7
2026-05-17T20:00,8.2,45,783.8
2026-05-17T21:00,7.9,41,783.1
2026-05-17T22:00,7.6,39,782.8
2026-05-17T23:00,7.5,37,783.0
2026-05-18T00:00,8.2,35,783.5
2026-05-18T01:00,10.8,35,785.9
2026-05-18T02:00,16.2,33,789.8
2026-05-18T03:00,20.8,24,792.8
2026-05-18T04:00,23.5,18,793.7
2026-05-18T05:00,24.8,18,794.2
2026-05-18T06:00,25.3,29,794.7
2026-05-18T07:00,25.5,22,794.8
2026-05-18T08:00,25.2,26,794.7
2026-05-18T09:00,24.4,33,794.5
2026-05-18T10:00,23.7,39,794.6
2026-05-18T11:00,22.7,45,794.3
2026-05-18T12:00,21.9,46,794.0
2026-05-18T13:00,18.9,47,792.2
2026-05-18T14:00,16.0,51,790.7
2026-05-18T15:00,13.6,58,789.5
2026-05-18T16:00,11.9,58,788.6
2026-05-18T17:00,11.2,52,788.0
2026-05-18T18:00,10.2,50,786.9
2026-05-18T19:00,10.1,44,786.4
2026-05-18T20:00,9.9,40,786.1
2026-05-18T21:00,9.7,38,785.8
2026-05-18T22:00,9.4,37,785.5
2026-05-18T23:00,8.9,36,785.3
2026-05-19T00:00,8.6,41,786.2
2026-05-19T01:00,11.0,43,788.4
2026-05-19T02:00,17.4,36,792.9
2026-05-19T03:00,21.3,30,795.6
2026-05-19T04:00,22.8,30,796.3
2026-05-19T05:00,23.6,31,796.9
2026-05-19T06:00,23.9,34,797.7
2026-05-19T07:00,24.0,34,797.5
2026-05-19T08:00,23.8,36,797.2
2026-05-19T09:00,23.3,40,796.6
2026-05-19T10:00,22.6,41,796.0
2026-05-19T11:00,21.6,47,795.6
2026-05-19T12:00,19.4,68,795.1
2026-05-19T13:00,17.9,70,794.2
2026-05-19T14:00,14.7,77,793.2
2026-05-19T15:00,13.4,75,793.4
2026-05-19T16:00,12.0,74,793.1
2026-05-19T17:00,11.8,68,793.0
2026-05-19T18:00,11.8,67,791.3
2026-05-19T19:00,10.7,63,789.8
2026-05-19T20:00,10.0,64,789.0
2026-05-19T21:00,9.8,66,789.3
2026-05-19T22:00,9.8,63,789.1
2026-05-19T23:00,9.1,61,788.3
2026-05-20T00:00,8.9,64,788.8
2026-05-20T01:00,11.4,57,790.5
2026-05-20T02:00,16.5,49,793.9
2026-05-20T03:00,20.2,39,795.8
2026-05-20T04:00,23.2,27,796.7
2026-05-20T05:00,24.8,25,796.8
2026-05-20T06:00,24.8,26,796.7
2026-05-20T07:00,24.8,27,796.3
2026-05-20T08:00,24.6,31,795.6
2026-05-20T09:00,23.6,43,794.6
2026-05-20T10:00,24.3,31,794.8
2026-05-20T11:00,22.4,39,793.7
2026-05-20T12:00,22.8,45,794.0
2026-05-20T13:00,20.1,45,792.6
2026-05-20T14:00,16.6,49,791.3
2026-05-20T15:00,15.1,54,791.4
2026-05-20T16:00,13.8,54,791.1
2026-05-20T17:00,12.9,53,791.4
2026-05-20T18:00,12.3,54,791.6
2026-05-20T19:00,12.1,50,790.4
2026-05-20T20:00,11.5,52,788.8
2026-05-20T21:00,11.7,51,788.6
2026-05-20T22:00,11.1,53,788.2
2026-05-20T23:00,10.7,53,788.0
2026-05-21T00:00,9.8,51,787.8
2026-05-21T01:00,12.3,53,789.8
2026-05-21T02:00,18.5,39,794.4
2026-05-21T03:00,21.7,31,796.2
2026-05-21T04:00,23.5,27,796.8
2026-05-21T05:00,24.9,25,797.1
2026-05-21T06:00,25.3,26,797.6
2026-05-21T07:00,25.3,29,797.5
2026-05-21T08:00,25.4,30,797.0
2026-05-21T09:00,25.1,33,796.4
2026-05-21T10:00,24.3,36,795.3
2026-05-21T11:00,23.2,37,795.3
2026-05-21T12:00,22.2,44,794.9
2026-05-21T13:00,19.7,50,793.6
2026-05-21T14:00,16.5,52,791.9
2026-05-21T15:00,14.9,54,791.4
2026-05-21T16:00,13.0,56,790.8
2026-05-21T17:00,12.2,55,790.6
2026-05-21T18:00,11.8,60,791.4
2026-05-21T19:00,11.6,60,791.8
2026-05-21T20:00,11.3,65,791.6
2026-05-21T21:00,11.0,72,792.5
2026-05-21T22:00,11.4,70,792.4
2026-05-21T23:00,10.9,70,792.2
2026-05-22T00:00,11.7,77,793.4
2026-05-22T01:00,11.6,83,793.7
2026-05-22T02:00,12.2,88,794.7
2026-05-22T03:00,12.5,88,795.4
2026-05-22T04:00,12.2,91,795.8
2026-05-22T05:00,12.6,91,796.7
2026-05-22T06:00,13.2,87,797.6
2026-05-22T07:00,12.1,90,797.2
2026-05-22T08:00,13.2,92,796.6
2026-05-22T09:00,19.1,60,798.5
2026-05-22T10:00,16.4,82,795.4
2026-05-22T11:00,18.3,72,795.4
2026-05-22T12:00,15.7,86,794.5
2026-05-22T13:00,14.2,88,793.9
2026-05-22T14:00,12.7,84,793.2
2026-05-22T15:00,11.6,83,792.5
2026-05-22T16:00,10.7,81,792.3
2026-05-22T17:00,10.4,75,791.9
2026-05-22T18:00,10.0,72,791.0
2026-05-22T19:00,9.3,68,789.8
2026-05-22T20:00,9.1,63,789.2
2026-05-22T21:00,7.8,62,787.9
2026-05-22T22:00,7.6,58,787.7
2026-05-22T23:00,8.1,55,788.6
2026-05-23T00:00,9.5,54,789.6
2026-05-23T01:00,11.2,56,791.6
2026-05-23T02:00,15.3,65,794.5
2026-05-23T03:00,18.4,46,796.3
2026-05-23T04:00,19.7,38,797.0
2026-05-23T05:00,20.9,32,797.2
2026-05-23T06:00,22.5,21,797.3
2026-05-23T07:00,22.4,22,796.9
2026-05-23T08:00,21.5,26,796.1
2026-05-23T09:00,21.7,27,795.5
2026-05-23T10:00,21.4,30,795.1
2026-05-23T11:00,20.5,33,794.3
2026-05-23T12:00,19.0,44,794.8
2026-05-23T13:00,17.3,53,793.7
2026-05-23T14:00,14.9,52,792.1
2026-05-23T15:00,13.4,56,791.3
2026-05-23T16:00,11.1,64,790.5
2026-05-23T17:00,9.5,69,789.1
2026-05-23T18:00,8.9,63,788.1
2026-05-23T19:00,7.9,61,787.1
2026-05-23T20:00,7.2,59,786.4
2026-05-23T21:00,7.2,56,786.6
2026-05-23T22:00,7.6,52,786.8
2026-05-23T23:00,7.4,51,786.6
2026-05-24T00:00,6.7,59,785.8
2026-05-24T01:00,9.9,59,788.5
2026-05-24T02:00,17.3,44,793.5
2026-05-24T03:00,20.8,28,795.5
2026-05-24T04:00,22.1,26,796.1
2026-05-24T05:00,22.7,25,796.8
2026-05-24T06:00,23.4,23,797.0
2026-05-24T07:00,22.8,26,797.0
2026-05-24T08:00,21.3,33,796.5
2026-05-24T09:00,21.4,35,796.0
2026-05-24T10:00,20.6,40,795.6
2026-05-24T11:00,19.8,45,795.2
2026-05-24T12:00,17.4,68,795.0
2026-05-24T13:00,16.0,72,793.8
2026-05-24T14:00,12.8,75,792.4
2026-05-24T15:00,11.3,78,791.9
2026-05-24T16:00,11.2,75,792.0
2026-05-24T17:00,11.4,68,791.4
2026-05-24T18:00,11.2,64,791.1
2026-05-24T19:00,10.5,63,790.3
2026-05-24T20:00,10.0,66,789.8
2026-05-24T21:00,9.5,73,789.8
2026-05-24T22:00,8.9,71,788.5
2026-05-24T23:00,8.2,68,788.2
2026-05-25T00:00,10.3,50,789.5
2026-05-25T01:00,11.4,61,791.3
2026-05-25T02:00,15.2,57,793.5
2026-05-25T03:00,17.9,48,794.9
2026-05-25T04:00,19.9,39,795.6
2026-05-25T05:00,22.2,31,796.3
2026-05-25T06:00,21.9,24,796.3
2026-05-25T07:00,21.5,27,796.1
2026-05-25T08:00,21.1,33,795.7
2026-05-25T09:00,20.9,34,795.6
2026-05-25T10:00,20.1,37,794.9
2026-05-25T11:00,19.2,45,793.7
2026-05-25T12:00,18.5,57,793.8
2026-05-25T13:00,16.5,58,792.7
2026-05-25T14:00,12.5,61,791.2
2026-05-25T15:00,11.4,61,791.1
2026-05-25T16:00,9.8,67,790.8
2026-05-25T17:00,9.3,68,791.4
2026-05-25T18:00,9.8,73,791.1
2026-05-25T19:00,9.7,70,789.8
2026-05-25T20:00,8.9,69,788.4
2026-05-25T21:00,8.9,62,788.1
2026-05-25T22:00,8.8,60,787.9
2026-05-25T23:00,8.7,62,787.5
2026-05-26T00:00,8.0,69,786.7
2026-05-26T01:00,10.5,67,788.5
2026-05-26T02:00,16.1,56,792.6
2026-05-26T03:00,18.8,36,794.1
2026-05-26T04:00,20.8,26,795.0
2026-05-26T05:00,22.0,24,795.5
2026-05-26T06:00,23.3,22,795.8
2026-05-26T07:00,23.0,23,795.9
2026-05-26T08:00,22.4,26,795.3
2026-05-26T09:00,21.5,31,794.7
2026-05-26T10:00,22.5,30,794.8
2026-05-26T11:00,21.7,35,794.3
2026-05-26T12:00,20.8,36,793.8
2026-05-26T13:00,18.2,49,793.3
2026-05-26T14:00,15.6,47,792.3
2026-05-26T15:00,13.6,53,791.3
2026-05-26T16:00,11.6,58,790.4
2026-05-26T17:00,10.6,55,790.0
2026-05-26T18:00,9.7,57,788.9
2026-05-26T19:00,8.8,53,787.8
2026-05-26T20:00,8.3,49,786.8
2026-05-26T21:00,8.0,46,786.4
2026-05-26T22:00,7.9,43,785.9
2026-05-26T23:00,7.6,42,785.5
2026-05-27T00:00,7.7,41,785.6
2026-05-27T01:00,11.3,45,788.9
2026-05-27T02:00,17.7,37,793.1
2026-05-27T03:00,21.6,23,795.4
2026-05-27T04:00,24.1,18,796.2
2026-05-27T05:00,25.9,15,796.5
2026-05-27T06:00,26.6,14,796.7
2026-05-27T07:00,26.0,17,796.4
2026-05-27T08:00,24.8,24,795.5
2026-05-27T09:00,23.7,28,795.3
2026-05-27T10:00,23.3,32,795.4
2026-05-27T11:00,22.4,36,795.3
2026-05-27T12:00,21.9,35,795.2
2026-05-27T13:00,20.0,43,794.7
2026-05-27T14:00,16.8,43,793.1
2026-05-27T15:00,14.7,50,792.1
2026-05-27T16:00,13.0,54,791.4
2026-05-27T17:00,11.6,56,790.6
2026-05-27T18:00,11.4,53,790.3
2026-05-27T19:00,10.4,53,788.8
2026-05-27T20:00,9.8,51,787.9
2026-05-27T21:00,9.4,50,787.4
2026-05-27T22:00,9.3,49,787.2
2026-05-27T23:00,9.3,47,787.4
2026-05-28T00:00,8.6,53,787.1
2026-05-28T01:00,12.1,54,789.7
2026-05-28T02:00,18.8,41,794.2
2026-05-28T03:00,22.1,28,796.2
2026-05-28T04:00,22.9,25,796.8
2026-05-28T05:00,21.9,27,797.2
2026-05-28T06:00,22.5,25,797.7
2026-05-28T07:00,23.1,28,797.3
2026-05-28T08:00,23.4,31,796.9
2026-05-28T09:00,21.8,36,795.3
2026-05-28T10:00,23.0,33,795.1
2026-05-28T11:00,21.1,39,794.7
2026-05-28T12:00,20.6,41,794.2
2026-05-28T13:00,18.1,62,793.9
2026-05-28T14:00,15.0,61,792.3
2026-05-28T15:00,13.1,64,791.4
2026-05-28T16:00,11.6,66,792.1
2026-05-28T17:00,11.0,72,793.0
2026-05-28T18:00,11.4,61,789.7
2026-05-28T19:00,11.0,59,788.9
2026-05-28T20:00,10.4,60,788.2
2026-05-28T21:00,10.0,60,787.8
2026-05-28T22:00,8.9,63,787.2
2026-05-28T23:00,8.7,63,787.8
2026-05-29T00:00,8.4,71,787.0
2026-05-29T01:00,11.1,71,789.6
2026-05-29T02:00,15.7,60,792.7
2026-05-29T03:00,18.0,47,794.0
2026-05-29T04:00,20.3,36,794.5
2026-05-29T05:00,20.7,35,794.7
2026-05-29T06:00,21.2,36,794.8
2026-05-29T07:00,20.0,44,794.4
2026-05-29T08:00,20.0,48,794.2
2026-05-29T09:00,18.0,56,794.2
2026-05-29T10:00,18.1,55,793.4
2026-05-29T11:00,17.5,59,793.0
2026-05-29T12:00,15.5,75,793.0
2026-05-29T13:00,14.6,89,792.9
2026-05-29T14:00,13.5,86,792.8
2026-05-29T15:00,13.0,87,793.1
2026-05-29T16:00,12.3,88,792.6
2026-05-29T17:00,11.1,88,791.7
2026-05-29T18:00,10.9,86,789.9
2026-05-29T19:00,8.2,88,787.7
2026-05-29T20:00,7.3,88,787.4
2026-05-29T21:00,7.2,89,788.0
2026-05-29T22:00,7.8,85,788.3
2026-05-29T23:00,8.5,79,788.7
2026-05-30T00:00,10.6,71,790.5
2026-05-30T01:00,11.2,72,791.7
2026-05-30T02:00,11.3,89,793.4
2026-05-30T03:00,11.4,91,794.9
2026-05-30T04:00,11.0,94,794.8
2026-05-30T05:00,11.9,88,794.9
2026-05-30T06:00,15.7,56,795.4
2026-05-30T07:00,17.0,44,794.8
2026-05-30T08:00,17.8,40,794.6
2026-05-30T09:00,16.1,47,793.8
2026-05-30T10:00,15.2,54,793.5
2026-05-30T11:00,16.4,50,792.8
2026-05-30T12:00,17.6,54,791.7
2026-05-30T13:00,15.4,71,791.3
2026-05-30T14:00,13.5,76,791.0
2026-05-30T15:00,13.4,77,791.4
2026-05-30T16:00,13.1,79,791.6
2026-05-30T17:00,12.9,81,792.3
2026-05-30T18:00,13.3,78,792.0
2026-05-30T19:00,12.7,81,791.7
2026-05-30T20:00,12.6,81,791.5
2026-05-30T21:00,12.2,81,791.4
2026-05-30T22:00,11.7,80,790.9
2026-05-30T23:00,11.4,81,790.7
2026-05-31T00:00,10.7,88,791.1
2026-05-31T01:00,11.1,86,791.5
2026-05-31T02:00,11.0,94,792.8
2026-05-31T03:00,11.3,95,793.6
2026-05-31T04:00,12.1,93,793.9
2026-05-31T05:00,13.1,90,794.2
2026-05-31T06:00,16.0,77,794.9
2026-05-31T07:00,17.1,66,795.3
2026-05-31T08:00,17.5,61,795.5
2026-05-31T09:00,15.1,70,794.8
2026-05-31T10:00,15.4,67,794.5
2026-05-31T11:00,15.9,64,794.3
2026-05-31T12:00,15.7,70,793.9
2026-05-31T13:00,14.2,80,793.8
2026-05-31T14:00,13.3,83,793.5
2026-05-31T15:00,12.9,84,793.7
2026-05-31T16:00,13.1,83,793.8
2026-05-31T17:00,12.8,83,793.7
2026-05-31T18:00,12.9,83,793.9
2026-05-31T19:00,12.6,82,793.1
2026-05-31T20:00,13.0,81,793.0
2026-05-31T21:00,13.1,80,793.1
2026-05-31T22:00,13.2,80,792.9
2026-05-31T23:00,13.2,80,793.1
2026-06-01T00:00,13.0,76,793.9
2026-06-01T01:00,12.7,81,794.1
2026-06-01T02:00,12.8,86,794.8
2026-06-01T03:00,13.2,92,795.2
2026-06-01T04:00,15.0,79,796.4
2026-06-01T05:00,15.7,61,797.4
2026-06-01T06:00,16.2,50,797.7
2026-06-01T07:00,16.4,48,797.4
2026-06-01T08:00,17.8,45,797.5
2026-06-01T09:00,19.2,44,796.9
2026-06-01T10:00,19.5,43,795.9
2026-06-01T11:00,19.7,43,795.4
2026-06-01T12:00,18.0,56,795.1
2026-06-01T13:00,16.4,72,794.3
2026-06-01T14:00,14.1,79,793.0
2026-06-01T15:00,12.9,84,792.5
2026-06-01T16:00,11.9,87,792.9
2026-06-01T17:00,10.9,87,792.9
2026-06-01T18:00,12.1,90,793.9
2026-06-01T19:00,12.0,82,793.8
2026-06-01T20:00,12.4,74,793.9
2026-06-01T21:00,12.1,70,793.3
2026-06-01T22:00,11.9,67,792.7
2026-06-01T23:00,11.0,67,792.0
2026-06-02T00:00,12.2,68,793.4
2026-06-02T01:00,12.9,75,794.4
2026-06-02T02:00,15.4,71,796.2
2026-06-02T03:00,18.0,60,797.4
2026-06-02T04:00,19.9,51,797.7
2026-06-02T05:00,21.3,47,798.1
2026-06-02T06:00,22.3,43,798.3
2026-06-02T07:00,22.0,44,797.3
2026-06-02T08:00,21.9,45,796.9
2026-06-02T09:00,20.2,53,796.3
2026-06-02T10:00,20.3,53,795.6
2026-06-02T11:00,20.3,54,795.1
2026-06-02T12:00,18.8,64,794.6
2026-06-02T13:00,15.9,89,793.8
2026-06-02T14:00,14.9,89,793.0
2026-06-02T15:00,14.2,88,793.0
2026-06-02T16:00,13.5,87,792.7
2026-06-02T17:00,12.6,86,792.0
2026-06-02T18:00,13.2,88,792.7
2026-06-02T19:00,13.3,84,792.4
2026-06-02T20:00,12.6,83,791.5
2026-06-02T21:00,11.5,83,790.7
2026-06-02T22:00,10.9,82,790.0
2026-06-02T23:00,10.3,79,789.7
2026-06-03T00:00,9.4,78,789.3
2026-06-03T01:00,11.9,67,790.6
2026-06-03T02:00,16.5,57,793.2
2026-06-03T03:00,19.7,42,794.6
2026-06-03T04:00,21.6,39,795.1
2026-06-03T05:00,22.3,40,795.3
2026-06-03T06:00,22.7,39,795.2
2026-06-03T07:00,22.3,43,794.5
2026-06-03T08:00,22.3,44,794.3
2026-06-03T09:00,21.1,51,793.5
2026-06-03T10:00,21.6,49,793.0
2026-06-03T11:00,20.1,57,792.2
2026-06-03T12:00,20.4,59,791.7
2026-06-03T13:00,18.4,76,791.0
2026-06-03T14:00,15.6,87,790.4
2026-06-03T15:00,14.9,90,790.3
2026-06-03T16:00,13.7,91,789.4
2026-06-03T17:00,13.0,86,788.8
2026-06-03T18:00,14.1,81,790.1
2026-06-03T19:00,13.6,75,789.4
2026-06-03T20:00,13.2,73,789.0
2026-06-03T21:00,13.0,71,788.8
2026-06-03T22:00,12.6,70,788.3
2026-06-03T23:00,12.5,68,788.0
2026-06-04T00:00,13.5,72,789.2
2026-06-04T01:00,14.1,72,790.1
2026-06-04T02:00,16.8,79,791.6
2026-06-04T03:00,18.7,62,792.3
2026-06-04T04:00,21.4,47,793.2
2026-06-04T05:00,22.3,40,793.5
2026-06-04T06:00,22.4,39,793.9
2026-06-04T07:00,21.3,44,793.0
2026-06-04T08:00,22.5,40,793.3
2026-06-04T09:00,19.2,62,791.9
2026-06-04T10:00,20.4,59,792.8
2026-06-04T11:00,20.2,56,791.9
2026-06-04T12:00,20.6,50,791.2
2026-06-04T13:00,17.4,77,790.8
2026-06-04T14:00,16.1,77,790.5
2026-06-04T15:00,15.0,84,791.2
2026-06-04T16:00,14.8,89,792.0
2026-06-04T17:00,14.8,89,792.2
2026-06-04T18:00,14.4,88,791.2
2026-06-04T19:00,14.0,84,789.6
2026-06-04T20:00,14.1,76,788.1
2026-06-04T21:00,14.3,69,787.9
2026-06-04T22:00,14.8,67,788.5
2026-06-04T23:00,14.3,70,789.4
2026-06-05T00:00,13.9,77,789.5
2026-06-05T01:00,13.8,77,789.7
2026-06-05T02:00,14.3,89,790.9
2026-06-05T03:00,14.5,90,792.1
2026-06-05T04:00,14.7,90,792.6
2026-06-05T05:00,14.3,93,792.9
2026-06-05T06:00,14.8,88,793.3
2026-06-05T07:00,18.5,64,794.1
2026-06-05T08:00,21.3,52,793.8
2026-06-05T09:00,21.7,48,793.4
2026-06-05T10:00,20.6,56,792.6
2026-06-05T11:00,18.5,68,791.5
2026-06-05T12:00,19.0,56,791.9
2026-06-05T13:00,17.3,68,791.4
2026-06-05T14:00,15.1,80,790.7
2026-06-05T15:00,14.8,82,791.3
2026-06-05T16:00,14.2,86,791.3
2026-06-05T17:00,13.8,85,791.2
2026-06-05T18:00,13.7,85,791.3
2026-06-05T19:00,12.9,86,790.4
2026-06-05T20:00,12.7,81,789.7
2026-06-05T21:00,11.9,80,789.0
2026-06-05T22:00,11.8,76,788.7
2026-06-05T23:00,11.7,71,788.2
2026-06-06T00:00,10.7,83,789.5
2026-06-06T01:00,12.2,78,790.0
2026-06-06T02:00,15.6,77,792.1
2026-06-06T03:00,17.8,59,794.0
2026-06-06T04:00,18.4,49,794.4
2026-06-06T05:00,20.3,36,795.1
2026-06-06T06:00,21.6,32,795.5
2026-06-06T07:00,21.5,33,795.0
2026-06-06T08:00,21.9,33,794.9
2026-06-06T09:00,21.0,37,793.9
2026-06-06T10:00,21.2,38,793.7
2026-06-06T11:00,21.0,38,793.4
2026-06-06T12:00,20.0,44,792.9
2026-06-06T13:00,18.5,58,791.9
2026-06-06T14:00,16.2,56,790.9
2026-06-06T15:00,15.2,58,790.8
2026-06-06T16:00,13.7,61,790.5
2026-06-06T17:00,12.7,61,790.2
2026-06-06T18:00,12.0,62,789.5
2026-06-06T19:00,10.7,63,788.5
2026-06-06T20:00,10.2,61,787.7
2026-06-06T21:00,10.7,57,787.9
2026-06-06T22:00,10.8,55,787.7
2026-06-06T23:00,10.3,54,787.6
2026-06-07T00:00,10.0,59,788.2
2026-06-07T01:00,12.9,63,790.4
2026-06-07T02:00,18.2,44,794.1
2026-06-07T03:00,20.1,41,795.1
2026-06-07T04:00,21.4,36,795.4
2026-06-07T05:00,22.1,37,795.5
2026-06-07T06:00,22.9,33,796.0
2026-06-07T07:00,22.4,35,795.4
2026-06-07T08:00,23.3,33,795.2
2026-06-07T09:00,22.4,36,794.4
2026-06-07T10:00,22.1,37,794.2
2026-06-07T11:00,21.3,41,793.7
2026-06-07T12:00,21.0,44,793.3
2026-06-07T13:00,19.1,58,792.4
2026-06-07T14:00,16.8,58,791.6
2026-06-07T15:00,15.6,62,791.3
2026-06-07T16:00,13.8,67,790.5
2026-06-07T17:00,12.1,71,789.3
2026-06-07T18:00,11.6,72,788.1
2026-06-07T19:00,10.3,71,787.0
2026-06-07T20:00,10.2,67,786.8
2026-06-07T21:00,10.0,63,786.6
2026-06-07T22:00,9.5,62,786.3
2026-06-07T23:00,9.0,61,786.2
2026-06-08T00:00,9.2,65,787.0
2026-06-08T01:00,12.2,61,789.2
2026-06-08T02:00,17.1,49,792.6
2026-06-08T03:00,20.0,37,794.0
2026-06-08T04:00,21.7,35,794.2
2026-06-08T05:00,22.7,33,794.5
2026-06-08T06:00,23.5,30,794.5
2026-06-08T07:00,23.3,34,794.2
2026-06-08T08:00,23.1,37,793.6
2026-06-08T09:00,23.6,33,793.4
2026-06-08T10:00,22.6,39,792.8
2026-06-08T11:00,21.9,44,792.6
2026-06-08T12:00,21.0,47,792.3
2026-06-08T13:00,19.5,63,791.7
2026-06-08T14:00,17.0,60,790.3
2026-06-08T15:00,15.7,63,789.9
2026-06-08T16:00,13.9,69,788.9
2026-06-08T17:00,12.4,73,788.1
2026-06-08T18:00,12.3,72,788.1
2026-06-08T19:00,11.4,68,787.2
2026-06-08T20:00,10.2,66,785.6
2026-06-08T21:00,9.3,65,784.7
2026-06-08T22:00,9.0,62,784.7
2026-06-08T23:00,9.2,59,785.0
2026-06-09T00:00,9.3,64,785.0
2026-06-09T01:00,12.9,61,787.8
2026-06-09T02:00,18.5,42,791.3
2026-06-09T03:00,21.0,34,792.5
2026-06-09T04:00,22.8,33,793.1
2026-06-09T05:00,24.0,32,793.5
2026-06-09T06:00,23.6,35,793.7
2026-06-09T07:00,22.9,38,793.4
2026-06-09T08:00,23.2,41,793.3
2026-06-09T09:00,22.9,45,792.6
2026-06-09T10:00,21.9,49,792.7
2026-06-09T11:00,20.8,54,792.0
2026-06-09T12:00,20.3,55,791.8
2026-06-09T13:00,17.7,70,791.5
2026-06-09T14:00,15.0,80,790.3
2026-06-09T15:00,14.0,79,789.5
2026-06-09T16:00,13.1,76,788.5
2026-06-09T17:00,12.7,71,788.1
2026-06-09T18:00,12.7,68,788.1
2026-06-09T19:00,12.5,64,787.8
2026-06-09T20:00,12.0,62,787.2
2026-06-09T21:00,10.6,65,786.1
2026-06-09T22:00,9.9,66,785.7
2026-06-09T23:00,9.8,63,786.1
2026-06-10T00:00,9.8,66,786.9
2026-06-10T01:00,12.0,65,788.5
2026-06-10T02:00,16.6,55,791.6
2026-06-10T03:00,20.3,40,793.0
2026-06-10T04:00,22.8,33,793.6
2026-06-10T05:00,24.6,31,793.8
2026-06-10T06:00,25.5,27,793.8
2026-06-10T07:00,25.2,32,793.9
2026-06-10T08:00,25.0,36,793.5
2026-06-10T09:00,23.1,46,792.3
2026-06-10T10:00,22.7,49,792.5
2026-06-10T11:00,22.5,49,792.4
2026-06-10T12:00,21.3,56,791.7
2026-06-10T13:00,20.0,68,791.4
2026-06-10T14:00,17.1,68,790.2
2026-06-10T15:00,15.5,74,789.2
2026-06-10T16:00,13.7,77,788.5
2026-06-10T17:00,12.4,76,787.8
2026-06-10T18:00,11.9,69,787.5
2026-06-10T19:00,11.7,64,787.1
2026-06-10T20:00,10.9,65,786.3
2026-06-10T21:00,10.6,70,786.2
2026-06-10T22:00,10.1,70,785.3
2026-06-10T23:00,10.0,66,785.1
2026-06-11T00:00,11.5,63,786.6
2026-06-11T01:00,13.9,64,788.4
2026-06-11T02:00,17.9,52,790.9
2026-06-11T03:00,21.0,40,792.4
2026-06-11T04:00,23.0,36,793.1
2026-06-11T05:00,24.4,34,793.4
2026-06-11T06:00,25.0,28,793.5
2026-06-11T07:00,24.4,38,793.6
2026-06-11T08:00,23.6,47,792.9
2026-06-11T09:00,19.5,72,790.8
2026-06-11T10:00,16.6,92,792.2
2026-06-11T11:00,17.7,87,791.3
2026-06-11T12:00,18.1,88,792.5
2026-06-11T13:00,17.7,88,791.0
2026-06-11T14:00,17.3,66,790.6
2026-06-11T15:00,16.8,67,791.0
2026-06-11T16:00,16.3,71,792.1
2026-06-11T17:00,16.0,73,792.4
2026-06-11T18:00,14.9,69,791.2
2026-06-11T19:00,14.3,67,789.2
2026-06-11T20:00,14.3,65,788.4
2026-06-11T21:00,14.5,66,788.2
2026-06-11T22:00,14.5,67,788.5
2026-06-11T23:00,14.5,67,789.1
2026-06-12T00:00,13.3,79,789.7
2026-06-12T01:00,14.0,87,790.2
2026-06-12T02:00,14.1,92,791.5
2026-06-12T03:00,14.7,93,792.6
2026-06-12T04:00,16.6,89,794.6
2026-06-12T05:00,14.8,95,793.7
2026-06-12T06:00,17.8,57,794.8
2026-06-12T07:00,20.3,48,795.1
2026-06-12T08:00,20.3,49,794.9
2026-06-12T09:00,19.6,54,795.0
2026-06-12T10:00,16.8,76,794.7
2026-06-12T11:00,15.8,88,793.6
2026-06-12T12:00,15.2,97,793.7
2026-06-12T13:00,15.2,95,792.2
2026-06-12T14:00,14.1,90,791.7
2026-06-12T15:00,13.3,90,791.7
2026-06-12T16:00,13.1,85,792.2
2026-06-12T17:00,12.9,80,792.6
2026-06-12T18:00,12.9,74,791.2
2026-06-12T19:00,12.3,76,791.7
2026-06-12T20:00,12.0,79,791.2
2026-06-12T21:00,11.1,76,790.3
2026-06-12T22:00,11.4,74,791.4
2026-06-12T23:00,11.8,73,792.0
2026-06-13T00:00,12.7,69,790.4
2026-06-13T01:00,14.1,61,791.2
2026-06-13T02:00,16.2,67,793.1
2026-06-13T03:00,17.0,78,794.1
2026-06-13T04:00,15.2,85,793.6
2026-06-13T05:00,14.8,78,793.8
2026-06-13T06:00,15.8,75,795.5
2026-06-13T07:00,13.7,85,794.5
2026-06-13T08:00,13.4,92,794.2
2026-06-13T09:00,13.5,93,793.9
2026-06-13T10:00,13.9,92,793.4
2026-06-13T11:00,14.2,92,793.0
2026-06-13T12:00,11.6,92,793.5
2026-06-13T13:00,11.6,92,791.9
2026-06-13T14:00,12.0,84,791.5
2026-06-13T15:00,12.5,75,791.0
2026-06-13T16:00,12.9,69,790.8
2026-06-13T17:00,12.7,67,790.2
2026-06-13T18:00,12.1,70,788.9
2026-06-13T19:00,11.5,70,788.8
2026-06-13T20:00,10.6,73,788.2
2026-06-13T21:00,10.8,69,788.2
2026-06-13T22:00,11.1,68,788.6
2026-06-13T23:00,11.2,68,788.6
2026-06-14T00:00,12.7,67,790.0
2026-06-14T01:00,13.2,70,790.0
2026-06-14T02:00,14.3,82,791.0
2026-06-14T03:00,16.0,73,792.4
2026-06-14T04:00,17.8,61,793.3
2026-06-14T05:00,20.0,44,793.9
2026-06-14T06:00,21.2,43,794.5
2026-06-14T07:00,21.1,47,794.2
2026-06-14T08:00,21.0,47,793.7
2026-06-14T09:00,20.4,49,793.3
2026-06-14T10:00,19.4,52,792.7
2026-06-14T11:00,18.8,53,792.0
2026-06-14T12:00,17.4,77,791.3
2026-06-14T13:00,15.7,88,790.8
2026-06-14T14:00,14.5,88,790.5
2026-06-14T15:00,13.5,87,790.4
2026-06-14T16:00,13.3,82,789.8
2026-06-14T17:00,12.6,78,788.9
2026-06-14T18:00,12.1,80,788.1
2026-06-14T19:00,10.6,87,787.7
2026-06-14T20:00,10.5,85,787.9
2026-06-14T21:00,10.7,79,787.9
2026-06-14T22:00,10.5,76,787.8
2026-06-14T23:00,11.1,70,788.5
2026-06-15T00:00,11.1,71,789.3
2026-06-15T01:00,12.2,81,790.5
2026-06-15T02:00,14.7,81,791.6
2026-06-15T03:00,18.1,58,793.8
2026-06-15T04:00,18.4,54,794.2
2026-06-15T05:00,20.1,48,794.7
2026-06-15T06:00,21.3,42,794.2
2026-06-15T07:00,21.9,42,793.4
2026-06-15T08:00,20.9,48,793.0
2026-06-15T09:00,19.8,55,793.1
2026-06-15T10:00,19.5,55,792.8
2026-06-15T11:00,16.8,71,792.9
2026-06-15T12:00,18.9,62,792.3
2026-06-15T13:00,17.0,73,791.9
2026-06-15T14:00,15.2,83,791.8
2026-06-15T15:00,14.8,82,792.0
2026-06-15T16:00,14.3,83,791.7
2026-06-15T17:00,13.4,83,790.7
2026-06-15T18:00,13.8,84,791.5
2026-06-15T19:00,12.7,84,790.3
2026-06-15T20:00,12.0,82,789.6
2026-06-15T21:00,11.9,77,789.7
2026-06-15T22:00,12.1,72,789.7
2026-06-15T23:00,12.3,67,789.8
2026-06-16T00:00,12.4,61,790.3
2026-06-16T01:00,13.9,63,791.6
2026-06-16T02:00,15.7,58,793.4
2026-06-16T03:00,16.4,62,794.5
2026-06-16T04:00,16.7,65,794.9
2026-06-16T05:00,17.8,58,795.7
2026-06-16T06:00,19.4,51,796.2
2026-06-16T07:00,20.1,49,795.9
2026-06-16T08:00,22.5,40,795.8
2026-06-16T09:00,21.9,43,794.7
2026-06-16T10:00,21.5,48,794.6
2026-06-16T11:00,19.1,64,794.6
2026-06-16T12:00,19.7,54,793.5
2026-06-16T13:00,17.9,74,793.6
2026-06-16T14:00,15.9,80,793.6
2026-06-16T15:00,15.8,83,793.8
2026-06-16T16:00,16.0,79,793.1
2026-06-16T17:00,14.6,80,792.0
2026-06-16T18:00,15.8,71,792.0
2026-06-16T19:00,15.5,72,791.9
2026-06-16T20:00,14.8,73,791.7
2026-06-16T21:00,14.5,74,791.6
2026-06-16T22:00,14.5,72,791.7
2026-06-16T23:00,15.0,69,792.0
2026-06-17T00:00,13.9,69,792.1
2026-06-17T01:00,15.0,70,793.1
2026-06-17T02:00,17.2,66,794.8
2026-06-17T03:00,18.3,63,795.8
2026-06-17T04:00,19.4,52,796.3
2026-06-17T05:00,20.5,49,796.5
2026-06-17T06:00,22.2,41,796.9
2026-06-17T07:00,21.8,44,796.3
2026-06-17T08:00,23.0,41,795.9
2026-06-17T09:00,22.6,43,795.4
2026-06-17T10:00,22.6,43,795.0
2026-06-17T11:00,20.9,52,794.2
2026-06-17T12:00,20.7,58,794.0
2026-06-17T13:00,18.6,78,793.8
2026-06-17T14:00,16.9,78,792.6
2026-06-17T15:00,15.5,83,791.7
2026-06-17T16:00,13.6,88,790.9
2026-06-17T17:00,12.1,91,789.9
2026-06-17T18:00,12.8,86,790.6
2026-06-17T19:00,13.4,77,790.7
2026-06-17T20:00,14.0,71,790.7
2026-06-17T21:00,14.7,65,790.7
2026-06-17T22:00,14.0,65,790.3
2026-06-17T23:00,12.8,68,789.4
2026-06-18T00:00,12.7,66,789.6
2026-06-18T01:00,15.2,67,791.4
2026-06-18T02:00,18.3,58,794.0
2026-06-18T03:00,19.3,56,795.0
2026-06-18T04:00,20.5,54,795.8
2026-06-18T05:00,20.9,55,795.7
2026-06-18T06:00,22.2,43,796.5
2026-06-18T07:00,22.7,41,796.1
2026-06-18T08:00,21.9,50,795.8
2026-06-18T09:00,22.3,49,795.2
2026-06-18T10:00,20.7,59,794.7
2026-06-18T11:00,18.9,78,793.4
2026-06-18T12:00,19.9,67,793.3
2026-06-18T13:00,18.7,84,792.7
2026-06-18T14:00,16.9,85,791.8
2026-06-18T15:00,15.8,88,791.7
2026-06-18T16:00,15.2,90,792.0
2026-06-18T17:00,13.7,94,791.4
2026-06-18T18:00,13.0,89,790.3
2026-06-18T19:00,12.5,87,789.9
2026-06-18T20:00,12.5,82,789.5
2026-06-18T21:00,12.6,77,789.1
2026-06-18T22:00,12.4,76,788.8
2026-06-18T23:00,13.2,70,789.6
2026-06-19T00:00,14.8,63,790.7
2026-06-19T01:00,15.8,64,791.3
2026-06-19T02:00,17.5,64,792.7
2026-06-19T03:00,19.2,55,794.2
2026-06-19T04:00,19.6,54,794.6
2026-06-19T05:00,21.4,47,795.6
2026-06-19T06:00,21.8,46,795.7
2026-06-19T07:00,21.9,46,795.5
2026-06-19T08:00,21.5,49,795.3
2026-06-19T09:00,22.6,46,795.1
2026-06-19T10:00,21.6,50,794.8
2026-06-19T11:00,20.2,58,794.2
2026-06-19T12:00,19.9,63,794.4
2026-06-19T13:00,18.5,83,793.7
2026-06-19T14:00,17.3,78,792.7
2026-06-19T15:00,16.8,78,792.3
2026-06-19T16:00,16.2,75,792.3
2026-06-19T17:00,15.0,75,792.0
2026-06-19T18:00,14.3,81,791.9
2026-06-19T19:00,13.3,82,791.3
2026-06-19T20:00,13.5,78,790.9
2026-06-19T21:00,13.7,74,790.9
2026-06-19T22:00,12.6,83,790.2
2026-06-19T23:00,12.2,90,790.9
2026-06-20T00:00,9.2,84,789.2
2026-06-20T01:00,11.6,94,789.3
2026-06-20T02:00,16.9,87,792.3
2026-06-20T03:00,21.0,60,794.9
2026-06-20T04:00,23.2,39,795.8
2026-06-20T05:00,23.2,37,796.0
2026-06-20T06:00,23.3,34,796.4
2026-06-20T07:00,22.8,38,796.6
2026-06-20T08:00,23.1,36,796.3
2026-06-20T09:00,23.9,34,796.0
2026-06-20T10:00,22.8,38,795.3
2026-06-20T11:00,22.7,39,794.8
2026-06-20T12:00,21.8,48,794.2
2026-06-20T13:00,20.0,59,793.5
2026-06-20T14:00,17.7,65,792.7
2026-06-20T15:00,16.6,70,792.6
2026-06-20T16:00,15.3,72,792.3
2026-06-20T17:00,14.0,75,791.2
2026-06-20T18:00,15.6,65,792.0
2026-06-20T19:00,14.5,65,791.1
2026-06-20T20:00,13.6,63,790.1
2026-06-20T21:00,13.2,60,789.3
2026-06-20T22:00,12.5,59,788.6
2026-06-20T23:00,11.7,59,788.3
2026-06-21T00:00,12.8,58,789.7
2026-06-21T01:00,14.9,62,791.0
2026-06-21T02:00,17.8,52,792.9
2026-06-21T03:00,20.6,43,794.3
2026-06-21T04:00,21.9,37,794.4
2026-06-21T05:00,22.8,32,794.8
2026-06-21T06:00,23.3,31,794.8
2026-06-21T07:00,22.9,33,794.8
2026-06-21T08:00,22.9,37,794.0
2026-06-21T09:00,21.6,41,793.7
2026-06-21T10:00,21.8,43,793.2
2026-06-21T11:00,22.1,40,793.3
2026-06-21T12:00,21.4,45,792.3
2026-06-21T13:00,19.4,64,792.1
2026-06-21T14:00,16.9,64,791.5
2026-06-21T15:00,16.0,70,791.6
2026-06-21T16:00,14.9,73,791.2
2026-06-21T17:00,14.0,75,790.7
2026-06-21T18:00,13.9,72,790.3
2026-06-21T19:00,13.5,71,789.7
2026-06-21T20:00,13.0,70,788.7
2026-06-21T21:00,12.7,69,788.3
2026-06-21T22:00,12.7,68,788.5
2026-06-21T23:00,12.6,67,788.5
2026-06-22T00:00,14.6,59,790.9
2026-06-22T01:00,14.8,62,791.4
2026-06-22T02:00,15.6,69,792.9
2026-06-22T03:00,15.2,77,793.2
2026-06-22T04:00,15.1,83,793.6
2026-06-22T05:00,14.6,91,793.5
2026-06-22T06:00,14.0,91,793.9
2026-06-22T07:00,13.9,92,793.8
2026-06-22T08:00,13.9,91,793.2
2026-06-22T09:00,14.6,91,792.8
2026-06-22T10:00,14.9,90,792.3
2026-06-22T11:00,16.0,81,792.0
2026-06-22T12:00,15.5,87,791.7
2026-06-22T13:00,16.0,81,791.1
2026-06-22T14:00,15.4,70,790.5
2026-06-22T15:00,15.0,69,790.4
2026-06-22T16:00,14.2,71,789.9
2026-06-22T17:00,13.9,70,789.6
2026-06-22T18:00,13.5,72,789.0
2026-06-22T19:00,12.3,75,788.0
2026-06-22T20:00,12.8,72,788.4
2026-06-22T21:00,12.8,71,788.7
2026-06-22T22:00,12.0,73,787.9
2026-06-22T23:00,11.9,70,787.5
2026-06-23T00:00,12.1,72,787.5
2026-06-23T01:00,13.5,77,788.5
2026-06-23T02:00,16.2,72,790.4
2026-06-23T03:00,18.7,58,792.2
2026-06-23T04:00,20.7,45,792.4
2026-06-23T05:00,22.4,39,792.4
2026-06-23T06:00,23.0,39,792.7
2026-06-23T07:00,23.5,43,792.2
2026-06-23T08:00,23.0,46,791.9
2026-06-23T09:00,21.8,49,791.2
2026-06-23T10:00,21.7,50,790.8
2026-06-23T11:00,21.1,53,790.6
2026-06-23T12:00,20.1,61,790.1
2026-06-23T13:00,18.4,71,789.7
2026-06-23T14:00,15.8,80,788.9
2026-06-23T15:00,15.0,82,789.0
2026-06-23T16:00,14.2,85,788.9
2026-06-23T17:00,13.4,88,789.0
2026-06-23T18:00,13.2,91,789.1
2026-06-23T19:00,12.0,94,788.0
2026-06-23T20:00,11.6,91,787.6
2026-06-23T21:00,11.6,85,787.6
2026-06-23T22:00,11.3,83,787.2
2026-06-23T23:00,10.1,85,786.2
2026-06-24T00:00,11.1,84,787.4
2026-06-24T01:00,12.7,79,788.3
2026-06-24T02:00,16.8,72,791.1
2026-06-24T03:00,19.0,61,792.4
2026-06-24T04:00,20.9,57,792.9
2026-06-24T05:00,22.9,52,793.5
2026-06-24T06:00,22.8,52,793.6
2026-06-24T07:00,23.0,55,793.0
2026-06-24T08:00,23.3,51,792.7
2026-06-24T09:00,20.9,61,791.9
2026-06-24T10:00,22.0,55,792.2
2026-06-24T11:00,20.7,65,791.7
2026-06-24T12:00,20.1,69,791.3
2026-06-24T13:00,18.7,78,791.2
2026-06-24T14:00,17.0,83,790.0
2026-06-24T15:00,16.1,85,789.9
2026-06-24T16:00,15.0,88,789.8
2026-06-24T17:00,13.9,88,789.4
2026-06-24T18:00,15.4,81,790.2
2026-06-24T19:00,14.8,79,790.6
2026-06-24T20:00,14.6,79,790.8
2026-06-24T21:00,15.0,74,790.7
2026-06-24T22:00,14.4,74,790.1
2026-06-24T23:00,13.8,73,789.7
2026-06-25T00:00,14.7,71,790.6
2026-06-25T01:00,16.5,71,792.5
2026-06-25T02:00,17.9,65,793.9
2026-06-25T03:00,18.5,63,794.7
2026-06-25T04:00,20.0,59,795.2
2026-06-25T05:00,22.0,52,795.9
2026-06-25T06:00,22.4,52,795.6
2026-06-25T07:00,23.1,51,795.0
2026-06-25T08:00,24.8,46,794.8
2026-06-25T09:00,21.2,64,793.9
2026-06-25T10:00,19.9,77,793.5
2026-06-25T11:00,20.7,78,793.4
2026-06-25T12:00,21.1,72,793.6
2026-06-25T13:00,19.3,85,793.2
2026-06-25T14:00,17.9,89,792.3
2026-06-25T15:00,16.8,93,792.2
2026-06-25T16:00,16.5,94,792.4
2026-06-25T17:00,16.7,91,792.8
2026-06-25T18:00,17.2,87,793.5
2026-06-25T19:00,16.8,82,792.9
2026-06-25T20:00,16.1,79,792.1
2026-06-25T21:00,15.2,80,791.2
2026-06-25T22:00,14.5,78,790.8
2026-06-25T23:00,13.5,80,790.4
2026-06-26T00:00,16.1,65,792.3
2026-06-26T01:00,17.2,66,793.5
2026-06-26T02:00,19.5,57,795.3
2026-06-26T03:00,21.6,53,796.5
2026-06-26T04:00,23.2,50,796.6
2026-06-26T05:00,24.3,46,796.9
2026-06-26T06:00,25.5,41,797.1
2026-06-26T07:00,24.5,46,796.7
2026-06-26T08:00,24.0,53,796.3
2026-06-26T09:00,24.5,50,795.8
2026-06-26T10:00,22.4,60,795.0
2026-06-26T11:00,21.3,69,794.7
2026-06-26T12:00,20.4,74,794.7
2026-06-26T13:00,19.6,82,794.4
2026-06-26T14:00,18.1,86,793.5
2026-06-26T15:00,17.4,88,793.5
2026-06-26T16:00,16.0,92,793.0
2026-06-26T17:00,14.6,95,792.3
2026-06-26T18:00,14.6,96,792.9
2026-06-26T19:00,13.4,96,792.0
2026-06-26T20:00,13.0,95,791.0
2026-06-26T21:00,12.7,95,790.3
2026-06-26T22:00,12.4,95,789.9
2026-06-26T23:00,12.2,95,789.6
2026-06-27T00:00,12.0,95,789.5
2026-06-27T01:00,13.5,94,790.9
2026-06-27T02:00,18.2,87,794.3
2026-06-27T03:00,20.2,66,795.3
2026-06-27T04:00,23.2,46,796.3
2026-06-27T05:00,24.9,43,796.6
2026-06-27T06:00,25.9,40,796.8
2026-06-27T07:00,25.8,44,796.2
2026-06-27T08:00,25.0,48,795.5
2026-06-27T09:00,23.4,61,794.8
2026-06-27T10:00,20.4,83,793.6
2026-06-27T11:00,21.8,82,793.2
2026-06-27T12:00,21.6,71,793.3
2026-06-27T13:00,19.8,84,793.1
2026-06-27T14:00,18.2,89,791.9
2026-06-27T15:00,17.0,91,790.8
2026-06-27T16:00,16.6,88,790.9
2026-06-27T17:00,16.2,83,791.1
2026-06-27T18:00,17.8,88,792.6
2026-06-27T19:00,16.9,81,792.0
2026-06-27T20:00,16.1,74,791.0
2026-06-27T21:00,15.6,72,790.9
2026-06-27T22:00,15.7,72,791.0
2026-06-27T23:00,15.9,66,790.6
2026-06-28T00:00,16.8,68,790.4
2026-06-28T01:00,17.1,71,790.6
2026-06-28T02:00,19.3,66,792.6
2026-06-28T03:00,21.4,54,793.8
2026-06-28T04:00,23.4,47,794.4
2026-06-28T05:00,24.8,46,794.8
2026-06-28T06:00,25.6,45,794.9
2026-06-28T07:00,26.0,45,794.5
2026-06-28T08:00,25.5,49,794.0
2026-06-28T09:00,23.9,59,793.2
2026-06-28T10:00,22.1,73,792.4
2026-06-28T11:00,21.5,79,791.9
2026-06-28T12:00,21.9,75,791.4
2026-06-28T13:00,20.4,86,791.2
2026-06-28T14:00,18.6,91,790.5
2026-06-28T15:00,17.5,96,790.2
2026-06-28T16:00,16.9,92,790.4
2026-06-28T17:00,16.6,82,790.0
2026-06-28T18:00,17.2,100,791.3
2026-06-28T19:00,16.5,91,790.3
2026-06-28T20:00,15.8,82,789.0
2026-06-28T21:00,15.4,72,788.5
2026-06-28T22:00,15.5,64,788.6
2026-06-28T23:00,15.4,60,788.8
2026-06-29T00:00,16.5,71,789.5
2026-06-29T01:00,17.4,71,789.8
2026-06-29T02:00,19.2,63,790.5
2026-06-29T03:00,21.6,52,792.1
2026-06-29T04:00,23.8,45,792.8
2026-06-29T05:00,25.3,44,793.3
2026-06-29T06:00,26.5,42,793.5
2026-06-29T07:00,26.5,47,793.4
2026-06-29T08:00,25.5,56,792.9
2026-06-29T09:00,24.4,65,792.0
2026-06-29T10:00,23.4,72,792.0
2026-06-29T11:00,22.6,78,791.2
2026-06-29T12:00,22.5,80,791.5
2026-06-29T13:00,21.2,88,790.8
2026-06-29T14:00,19.3,95,789.9
2026-06-29T15:00,18.3,98,789.6
2026-06-29T16:00,18.3,97,790.4
2026-06-29T17:00,17.9,98,790.7
2026-06-29T18:00,19.3,96,791.5
2026-06-29T19:00,18.9,94,791.0
2026-06-29T20:00,18.7,92,790.5
2026-06-29T21:00,18.7,89,790.0
2026-06-29T22:00,18.4,87,789.6
2026-06-29T23:00,18.0,85,789.3
2026-06-30T00:00,18.2,90,789.0
2026-06-30T01:00,18.3,91,790.1
2026-06-30T02:00,20.0,76,791.1
2026-06-30T03:00,21.9,67,791.9
2026-06-30T04:00,22.6,68,792.8
2026-06-30T05:00,23.1,66,793.3
2026-06-30T06:00,24.8,55,793.6
2026-06-30T07:00,25.5,56,793.9
2026-06-30T08:00,24.6,63,793.6
2026-06-30T09:00,23.5,71,793.2
2026-06-30T10:00,22.4,79,792.2
2026-06-30T11:00,22.9,77,792.1
2026-06-30T12:00,20.9,86,791.0
2026-06-30T13:00,20.3,91,791.8
2026-06-30T14:00,19.4,93,790.3
2026-06-30T15:00,19.0,94,790.7
2026-06-30T16:00,18.6,95,790.4
2026-06-30T17:00,17.4,100,790.1
2026-06-30T18:00,17.9,100,790.9
2026-06-30T19:00,16.6,100,789.5
2026-06-30T20:00,16.5,100,789.6
2026-06-30T21:00,17.0,96,789.2
2026-06-30T22:00,16.6,96,789.0
2026-06-30T23:00,17.1,90,789.2
2026-07-01T00:00,17.6,95,789.8
2026-07-01T01:00,18.1,85,790.3
2026-07-01T02:00,18.4,82,790.7
2026-07-01T03:00,18.4,88,791.2
2026-07-01T04:00,18.9,90,792.1
2026-07-01T05:00,19.5,89,792.0
2026-07-01T06:00,19.7,95,791.5
2026-07-01T07:00,20.0,93,791.8
2026-07-01T08:00,20.6,81,791.6
2026-07-01T09:00,21.5,78,791.7
2026-07-01T10:00,22.0,76,791.4
2026-07-01T11:00,21.0,85,791.3
2026-07-01T12:00,20.8,84,791.7
2026-07-01T13:00,20.3,90,791.0
2026-07-01T14:00,19.3,89,790.0
2026-07-01T15:00,18.9,89,790.2
2026-07-01T16:00,18.9,89,791.5
2026-07-01T17:00,18.5,88,791.6
2026-07-01T18:00,18.9,89,792.4
2026-07-01T19:00,18.2,92,791.8
2026-07-01T20:00,18.0,92,791.3
2026-07-01T21:00,18.1,86,791.0
2026-07-01T22:00,18.3,80,790.5
2026-07-01T23:00,18.3,75,790.5
2026-07-02T00:00,18.4,72,792.0
2026-07-02T01:00,17.7,74,791.4
2026-07-02T02:00,18.5,77,791.2
2026-07-02T03:00,19.1,87,791.1
2026-07-02T04:00,19.8,87,792.1
2026-07-02T05:00,20.7,75,793.3
2026-07-02T06:00,23.7,55,794.2
2026-07-02T07:00,23.0,59,794.0
2026-07-02T08:00,23.2,56,794.0
2026-07-02T09:00,22.7,62,793.5
2026-07-02T10:00,22.0,67,792.8
2026-07-02T11:00,22.8,66,792.5
2026-07-02T12:00,21.0,75,792.6
2026-07-02T13:00,20.7,82,791.9
2026-07-02T14:00,20.0,78,790.8
2026-07-02T15:00,19.2,79,790.7
2026-07-02T16:00,19.1,80,792.1
2026-07-02T17:00,18.9,84,793.3
2026-07-02T18:00,19.0,84,793.7
2026-07-02T19:00,18.4,83,793.8
2026-07-02T20:00,18.3,83,793.4
2026-07-02T21:00,18.2,80,792.5
2026-07-02T22:00,18.2,73,791.9
2026-07-02T23:00,17.9,69,791.4
2026-07-03T00:00,18.7,70,792.5
2026-07-03T01:00,18.7,73,792.9
2026-07-03T02:00,19.1,74,793.7
2026-07-03T03:00,20.9,83,794.5
2026-07-03T04:00,21.3,73,794.5
2026-07-03T05:00,23.3,61,795.2
2026-07-03T06:00,26.5,46,795.7
2026-07-03T07:00,26.9,47,795.5
2026-07-03T08:00,24.4,64,794.8
2026-07-03T09:00,23.6,65,793.6
2026-07-03T10:00,23.3,71,793.4
2026-07-03T11:00,22.8,73,793.0
2026-07-03T12:00,22.9,71,792.6
2026-07-03T13:00,21.3,85,792.2
2026-07-03T14:00,19.5,87,791.3
2026-07-03T15:00,18.4,90,791.0
2026-07-03T16:00,17.8,92,791.6
2026-07-03T17:00,17.2,91,791.6
2026-07-03T18:00,18.1,91,792.5
2026-07-03T19:00,17.0,91,791.1
2026-07-03T20:00,16.5,91,791.5
2026-07-03T21:00,16.6,87,790.9
2026-07-03T22:00,17.3,80,790.7
2026-07-03T23:00,17.8,75,790.8
2026-07-04T00:00,17.7,79,791.0
2026-07-04T01:00,18.0,76,791.4
2026-07-04T02:00,18.7,78,791.9
2026-07-04T03:00,19.2,87,791.7
2026-07-04T04:00,22.0,79,793.2
2026-07-04T05:00,24.6,58,794.1
2026-07-04T06:00,23.6,57,793.9
2026-07-04T07:00,24.5,54,793.8
2026-07-04T08:00,24.5,58,792.8
2026-07-04T09:00,24.5,60,792.5
2026-07-04T10:00,24.4,65,792.2
2026-07-04T11:00,24.2,69,791.4
2026-07-04T12:00,22.7,78,791.4
2026-07-04T13:00,21.7,85,790.6
2026-07-04T14:00,19.4,91,789.2
2026-07-04T15:00,18.8,93,789.3
2026-07-04T16:00,18.6,93,789.7
2026-07-04T17:00,18.1,92,789.8
2026-07-04T18:00,19.8,88,790.9
2026-07-04T19:00,18.8,90,791.2
2026-07-04T20:00,19.1,87,791.0
2026-07-04T21:00,18.8,82,790.1
2026-07-04T22:00,18.3,76,789.4
2026-07-04T23:00,17.5,72,788.7
2026-07-05T00:00,16.9,71,788.7
2026-07-05T01:00,18.1,75,790.3
2026-07-05T02:00,20.5,62,792.4
2026-07-05T03:00,22.5,56,793.0
2026-07-05T04:00,24.8,49,793.3
2026-07-05T05:00,26.2,48,793.4
2026-07-05T06:00,26.0,47,793.6
2026-07-05T07:00,26.1,51,793.0
2026-07-05T08:00,27.0,49,792.7
2026-07-05T09:00,24.7,61,792.2
2026-07-05T10:00,22.9,75,791.4
2026-07-05T11:00,23.9,74,791.4
2026-07-05T12:00,23.8,73,791.2
2026-07-05T13:00,22.3,83,790.1
2026-07-05T14:00,19.7,92,789.1
2026-07-05T15:00,19.1,95,789.3
2026-07-05T16:00,18.5,98,790.4
2026-07-05T17:00,18.6,98,791.2
2026-07-05T18:00,19.8,91,791.7
2026-07-05T19:00,19.4,89,791.4
2026-07-05T20:00,18.8,91,790.8
2026-07-05T21:00,18.2,91,789.8
2026-07-05T22:00,17.6,92,789.9
2026-07-05T23:00,17.6,88,789.7
2026-07-06T00:00,17.6,83,789.3
2026-07-06T01:00,18.5,80,790.9
2026-07-06T02:00,19.0,81,791.0
2026-07-06T03:00,20.5,82,792.6
2026-07-06T04:00,22.4,69,793.5
2026-07-06T05:00,22.6,70,793.0
2026-07-06T06:00,21.5,78,792.8
2026-07-06T07:00,23.1,72,792.9
2026-07-06T08:00,24.4,67,792.9
2026-07-06T09:00,24.5,70,792.4
2026-07-06T10:00,21.7,88,790.8
2026-07-06T11:00,21.2,91,791.2
2026-07-06T12:00,22.7,80,790.6
2026-07-06T13:00,22.1,84,790.5
2026-07-06T14:00,19.0,93,790.0
2026-07-06T15:00,18.7,93,790.8
2026-07-06T16:00,18.7,95,791.8
2026-07-06T17:00,19.0,92,792.4
2026-07-06T18:00,19.7,88,792.5
2026-07-06T19:00,18.9,88,791.7
2026-07-06T20:00,18.6,89,791.5
2026-07-06T21:00,18.4,90,791.0
2026-07-06T22:00,18.5,87,789.9
2026-07-06T23:00,18.0,86,790.0
2026-07-07T00:00,17.9,87,790.2
2026-07-07T01:00,18.6,83,790.2
2026-07-07T02:00,19.4,89,790.6
2026-07-07T03:00,21.0,86,791.3
2026-07-07T04:00,23.0,71,792.2
2026-07-07T05:00,23.1,73,792.2
2026-07-07T06:00,24.5,60,792.2
2026-07-07T07:00,25.4,56,792.1
2026-07-07T08:00,25.0,61,791.5
2026-07-07T09:00,23.9,66,791.2
2026-07-07T10:00,22.9,73,790.6
2026-07-07T11:00,21.8,78,790.6
2026-07-07T12:00,20.7,89,790.2
2026-07-07T13:00,20.3,93,789.9
2026-07-07T14:00,19.6,89,788.9
2026-07-07T15:00,19.4,86,788.9
2026-07-07T16:00,19.4,84,790.0
2026-07-07T17:00,19.6,82,790.4
2026-07-07T18:00,19.7,76,789.8
2026-07-07T19:00,18.8,76,789.4
2026-07-07T20:00,18.8,74,789.3
2026-07-07T21:00,18.6,73,789.4
2026-07-07T22:00,18.5,75,789.4
2026-07-07T23:00,18.3,74,789.5
2026-07-08T00:00,18.8,79,788.4
2026-07-08T01:00,18.8,81,789.4
2026-07-08T02:00,18.7,84,789.8
2026-07-08T03:00,19.4,82,790.2
2026-07-08T04:00,18.9,93,789.5
2026-07-08T05:00,19.8,90,790.0
2026-07-08T06:00,20.2,89,790.7
2026-07-08T07:00,20.1,90,790.8
2026-07-08T08:00,20.0,94,790.5
2026-07-08T09:00,20.1,93,790.0
2026-07-08T10:00,20.2,90,789.5
2026-07-08T11:00,20.3,91,789.1
2026-07-08T12:00,20.7,95,789.3
2026-07-08T13:00,20.6,93,789.4
2026-07-08T14:00,19.9,89,789.3
2026-07-08T15:00,19.2,92,790.0
2026-07-08T16:00,18.8,92,790.5
2026-07-08T17:00,18.6,85,790.3
2026-07-08T18:00,19.4,76,790.5
2026-07-08T19:00,19.2,70,789.6
2026-07-08T20:00,19.0,71,789.0
2026-07-08T21:00,18.8,72,788.6
2026-07-08T22:00,18.8,72,788.2
2026-07-08T23:00,18.7,72,788.4
2026-07-09T00:00,18.8,74,788.1
2026-07-09T01:00,19.7,71,788.9
2026-07-09T02:00,20.2,73,789.7
2026-07-09T03:00,19.7,89,789.4
2026-07-09T04:00,21.3,75,790.3
2026-07-09T05:00,23.4,61,791.5
2026-07-09T06:00,23.3,54,791.9
2026-07-09T07:00,21.6,68,791.6
2026-07-09T08:00,20.7,83,791.3
2026-07-09T09:00,20.5,93,790.6
2026-07-09T10:00,20.4,93,790.0
2026-07-09T11:00,20.6,89,789.9
2026-07-09T12:00,20.1,92,790.1
2026-07-09T13:00,20.4,89,790.3
2026-07-09T14:00,20.1,80,790.3
2026-07-09T15:00,19.1,83,790.3
2026-07-09T16:00,19.1,87,791.7
2026-07-09T17:00,19.4,81,791.2
2026-07-09T18:00,19.5,75,791.0
2026-07-09T19:00,19.1,74,790.7
2026-07-09T20:00,18.9,75,789.8
2026-07-09T21:00,18.8,75,789.5
2026-07-09T22:00,18.7,75,789.2
2026-07-09T23:00,18.8,73,789.2
2026-07-10T00:00,17.9,92,789.8
2026-07-10T01:00,18.6,83,788.9
2026-07-10T02:00,19.4,80,789.3
2026-07-10T03:00,18.7,89,790.2
2026-07-10T04:00,19.0,95,790.7
2026-07-10T05:00,19.4,95,790.9
2026-07-10T06:00,19.9,91,790.3
2026-07-10T07:00,20.4,89,790.9
2026-07-10T08:00,20.3,93,791.0
2026-07-10T09:00,20.2,93,791.0
2026-07-10T10:00,20.7,94,791.1
2026-07-10T11:00,20.2,96,790.2
2026-07-10T12:00,20.4,97,789.9
2026-07-10T13:00,19.8,97,790.0
2026-07-10T14:00,19.1,97,789.4
2026-07-10T15:00,18.6,98,789.7
2026-07-10T16:00,18.1,98,790.2
2026-07-10T17:00,17.8,96,790.6
2026-07-10T18:00,17.7,96,790.2
2026-07-10T19:00,17.7,94,789.5
2026-07-10T20:00,17.7,92,788.6
2026-07-10T21:00,17.9,88,787.8
2026-07-10T22:00,18.0,87,787.9
2026-07-10T23:00,17.5,90,787.9
2026-07-11T00:00,18.5,92,788.2
2026-07-11T01:00,18.0,98,788.4
2026-07-11T02:00,18.0,99,788.9
2026-07-11T03:00,18.4,97,789.6
2026-07-11T04:00,19.5,94,790.1
2026-07-11T05:00,19.9,95,790.1
2026-07-11T06:00,20.0,98,790.5
2026-07-11T07:00,19.7,94,790.4
2026-07-11T08:00,21.0,85,790.2
2026-07-11T09:00,21.6,78,790.3
2026-07-11T10:00,21.1,82,789.6
2026-07-11T11:00,20.5,89,789.2
2026-07-11T12:00,21.8,78,789.1
2026-07-11T13:00,20.3,88,788.9
2026-07-11T14:00,18.3,90,788.5
2026-07-11T15:00,18.2,93,789.0
2026-07-11T16:00,17.9,92,789.1
2026-07-11T17:00,17.5,95,789.2
2026-07-11T18:00,18.2,94,788.9
2026-07-11T19:00,17.1,98,788.4
2026-07-11T20:00,16.6,99,787.1
2026-07-11T21:00,16.0,99,786.1
2026-07-11T22:00,15.7,95,784.9
2026-07-11T23:00,14.4,94,783.7
2026-07-12T00:00,15.9,98,785.7
2026-07-12T01:00,16.4,94,785.7
2026-07-12T02:00,19.7,87,788.0
2026-07-12T03:00,21.6,79,789.4
2026-07-12T04:00,21.3,85,789.7
2026-07-12T05:00,22.2,79,790.7
2026-07-12T06:00,22.7,73,791.0
2026-07-12T07:00,22.4,75,791.2
2026-07-12T08:00,23.9,67,791.4
2026-07-12T09:00,21.0,76,790.7
2026-07-12T10:00,21.0,76,791.1
2026-07-12T11:00,20.8,77,790.5
2026-07-12T12:00,19.6,85,789.6
2026-07-12T13:00,20.3,82,789.3
2026-07-12T14:00,19.6,76,788.8
2026-07-12T15:00,19.0,78,789.2
2026-07-12T16:00,18.5,79,789.9
2026-07-12T17:00,17.9,79,789.5
2026-07-12T18:00,17.0,83,789.0
2026-07-12T19:00,15.9,89,788.4
2026-07-12T20:00,15.5,89,787.7
2026-07-12T21:00,15.0,86,786.6
2026-07-12T22:00,14.6,82,785.9
2026-07-12T23:00,14.6,77,786.0
2026-07-13T00:00,16.1,74,787.5
2026-07-13T01:00,16.8,72,788.0
2026-07-13T02:00,18.6,69,788.9
2026-07-13T03:00,20.8,54,790.2
2026-07-13T04:00,22.7,47,791.1
2026-07-13T05:00,23.8,49,791.6
2026-07-13T06:00,24.7,47,792.1
2026-07-13T07:00,24.3,48,792.1
2026-07-13T08:00,23.6,46,791.9
2026-07-13T09:00,24.1,44,791.8
2026-07-13T10:00,24.0,45,791.4
2026-07-13T11:00,23.2,48,791.0
2026-07-13T12:00,22.8,52,790.4
2026-07-13T13:00,20.9,70,790.2
2026-07-13T14:00,18.9,81,790.0
2026-07-13T15:00,18.7,84,790.2
2026-07-13T16:00,18.8,82,790.0
2026-07-13T17:00,18.5,83,789.8
2026-07-13T18:00,17.5,89,790.2
2026-07-13T19:00,16.6,94,790.0
2026-07-13T20:00,16.8,93,789.7
2026-07-13T21:00,16.4,94,789.3
2026-07-13T22:00,16.2,88,787.9
2026-07-13T23:00,16.0,79,786.9
2026-07-14T00:00,16.1,76,788.2
2026-07-14T01:00,17.6,74,789.7
2026-07-14T02:00,20.1,61,791.2
2026-07-14T03:00,21.6,54,791.5
2026-07-14T04:00,22.8,52,792.2
2026-07-14T05:00,23.4,56,792.7
2026-07-14T06:00,24.2,55,793.3
2026-07-14T07:00,24.5,54,793.4
2026-07-14T08:00,23.4,57,793.1
2026-07-14T09:00,24.0,55,793.3
2026-07-14T10:00,22.8,59,792.9
2026-07-14T11:00,21.2,68,792.7
2026-07-14T12:00,21.7,67,792.1
2026-07-14T13:00,20.6,82,791.8
2026-07-14T14:00,18.5,85,791.0
2026-07-14T15:00,17.9,87,790.9
2026-07-14T16:00,17.4,89,791.3
2026-07-14T17:00,17.3,90,791.7
2026-07-14T18:00,17.8,85,791.4
2026-07-14T19:00,17.7,84,790.9
2026-07-14T20:00,16.8,89,790.9
2026-07-14T21:00,16.9,86,790.8
2026-07-14T22:00,16.4,78,789.6
2026-07-14T23:00,15.8,72,788.8
2026-07-15T00:00,17.2,68,790.0
2026-07-15T01:00,18.2,67,791.1
2026-07-15T02:00,19.0,70,792.6
2026-07-15T03:00,20.6,65,793.4
2026-07-15T04:00,22.7,60,793.8
2026-07-15T05:00,24.0,60,794.5
2026-07-15T06:00,24.0,65,795.2
2026-07-15T07:00,23.5,68,795.3
2026-07-15T08:00,24.2,65,795.2
2026-07-15T09:00,23.7,66,794.8
2026-07-15T10:00,23.1,70,794.4
2026-07-15T11:00,23.1,67,794.0
2026-07-15T12:00,22.7,71,793.5
2026-07-15T13:00,19.7,86,793.0
2026-07-15T14:00,18.1,95,792.9
2026-07-15T15:00,18.3,91,792.8
2026-07-15T16:00,18.1,89,792.9
2026-07-15T17:00,17.9,88,793.0
2026-07-15T18:00,17.8,85,792.6
2026-07-15T19:00,17.4,83,792.4
2026-07-15T20:00,17.1,79,792.0
2026-07-15T21:00,16.6,75,791.4
2026-07-15T22:00,16.7,68,791.2
2026-07-15T23:00,16.6,63,790.6
2026-07-16T00:00,12.5,87,788.0
2026-07-16T01:00,14.3,88,789.7
2026-07-16T02:00,19.4,79,792.9
2026-07-16T03:00,22.1,67,794.6
2026-07-16T04:00,22.8,58,794.6
2026-07-16T05:00,24.6,53,795.3
2026-07-16T06:00,25.5,52,796.0
2026-07-16T07:00,25.5,54,795.9
2026-07-16T08:00,25.1,60,795.2
2026-07-16T09:00,25.1,63,795.0
2026-07-16T10:00,24.0,69,794.0
2026-07-16T11:00,23.9,69,794.0
2026-07-16T12:00,23.5,66,793.8
2026-07-16T13:00,21.4,78,793.0
2026-07-16T14:00,19.0,91,792.1
2026-07-16T15:00,18.3,94,792.3
2026-07-16T16:00,18.0,96,792.3
2026-07-16T17:00,17.7,97,792.4
2026-07-16T18:00,18.1,99,792.2
2026-07-16T19:00,17.2,100,790.9
2026-07-16T20:00,15.8,99,790.1
2026-07-16T21:00,16.0,94,790.5
2026-07-16T22:00,17.0,86,790.9
2026-07-16T23:00,17.7,80,791.1
2026-07-17T00:00,18.6,85,791.9
2026-07-17T01:00,18.7,91,792.4
2026-07-17T02:00,20.3,83,793.3
2026-07-17T03:00,21.7,77,793.9
2026-07-17T04:00,22.9,73,794.3
2026-07-17T05:00,23.9,70,794.9
2026-07-17T06:00,23.7,70,795.3
2026-07-17T07:00,24.0,65,795.0
2026-07-17T08:00,24.4,63,794.8
2026-07-17T09:00,23.6,69,793.9
2026-07-17T10:00,23.5,70,793.6
2026-07-17T11:00,22.5,75,793.1
2026-07-17T12:00,21.9,73,792.7
2026-07-17T13:00,20.7,80,792.5
2026-07-17T14:00,18.8,91,791.7
2026-07-17T15:00,18.4,94,791.8
2026-07-17T16:00,18.7,93,792.3
2026-07-17T17:00,18.7,94,792.5
2026-07-17T18:00,19.1,92,792.5
2026-07-17T19:00,18.8,93,791.9
2026-07-17T20:00,18.2,93,791.1
2026-07-17T21:00,18.1,92,791.0
2026-07-17T22:00,17.9,92,790.7
2026-07-17T23:00,17.8,90,790.9
2026-07-18T00:00,18.6,91,791.1
2026-07-18T01:00,19.0,89,791.9
2026-07-18T02:00,20.0,86,793.0
2026-07-18T03:00,19.7,90,792.5
2026-07-18T04:00,21.0,83,792.9
2026-07-18T05:00,22.3,80,793.5
2026-07-18T06:00,23.0,76,793.7
2026-07-18T07:00,23.4,75,794.1
2026-07-18T08:00,23.8,75,793.8
2026-07-18T09:00,23.9,74,793.5
2026-07-18T10:00,23.6,77,793.2
2026-07-18T11:00,22.3,86,792.7
2026-07-18T12:00,21.5,93,792.8
2026-07-18T13:00,20.9,95,792.5
2026-07-18T14:00,19.8,98,791.7
2026-07-18T15:00,19.6,98,792.1
2026-07-18T16:00,19.3,97,792.5
2026-07-18T17:00,19.1,97,793.0
2026-07-18T18:00,19.5,98,793.0
2026-07-18T19:00,19.4,97,792.7
2026-07-18T20:00,19.4,97,792.2
2026-07-18T21:00,19.4,97,792.1
2026-07-18T22:00,19.4,97,792.1
2026-07-18T23:00,19.2,98,791.6
2026-07-19T00:00,19.3,96,792.0
2026-07-19T01:00,19.1,99,792.4
2026-07-19T02:00,20.7,95,793.8
2026-07-19T03:00,20.9,93,793.9
2026-07-19T04:00,20.9,93,793.9
2026-07-19T05:00,21.6,88,794.5
2026-07-19T06:00,23.7,77,794.4
2026-07-19T07:00,23.5,80,793.7
2026-07-19T08:00,23.2,84,793.6
2026-07-19T09:00,21.6,90,792.6
2026-07-19T10:00,21.1,95,792.3
2026-07-19T11:00,20.5,97,792.0
2026-07-19T12:00,19.9,99,792.5
2026-07-19T13:00,20.2,98,792.5
2026-07-19T14:00,19.3,99,792.1
2026-07-19T15:00,18.9,98,792.0
2026-07-19T16:00,18.8,97,792.3
2026-07-19T17:00,18.6,97,792.8
2026-07-19T18:00,18.8,97,792.9
2026-07-19T19:00,18.6,98,792.5
2026-07-19T20:00,18.5,98,791.9
2026-07-19T21:00,18.3,99,791.2
2026-07-19T22:00,17.9,100,790.8
2026-07-19T23:00,18.1,97,790.3
2026-07-20T00:00,19.0,100,791.7
2026-07-20T01:00,18.8,98,791.6
2026-07-20T02:00,19.5,98,792.0
2026-07-20T03:00,20.3,93,792.6
2026-07-20T04:00,19.9,95,792.5
2026-07-20T05:00,20.6,93,793.3
2026-07-20T06:00,20.5,94,793.3
2026-07-20T07:00,21.5,88,793.2
2026-07-20T08:00,20.8,94,793.2
2026-07-20T09:00,20.5,98,792.6
2026-07-20T10:00,20.5,99,792.2
2026-07-20T11:00,20.3,99,791.8
2026-07-20T12:00,19.7,97,792.5
2026-07-20T13:00,19.9,95,791.8
2026-07-20T14:00,19.4,92,791.9
2026-07-20T15:00,18.6,96,792.5
2026-07-20T16:00,18.2,98,793.0
2026-07-20T17:00,18.2,98,793.7
2026-07-20T18:00,18.7,93,793.3
2026-07-20T19:00,18.3,92,792.8
2026-07-20T20:00,18.3,90,792.1
2026-07-20T21:00,18.3,87,791.7
2026-07-20T22:00,18.3,88,791.7
2026-07-20T23:00,18.0,88,791.1
2026-07-21T00:00,17.8,92,791.7
2026-07-21T01:00,18.0,93,792.2
2026-07-21T02:00,18.6,96,792.6
2026-07-21T03:00,19.2,98,793.7
2026-07-21T04:00,19.6,94,793.9
2026-07-21T05:00,19.5,99,793.9
2026-07-21T06:00,18.4,99,794.3
2026-07-21T07:00,18.9,96,794.0
2026-07-21T08:00,19.4,97,794.0
2026-07-21T09:00,20.9,94,794.8
2026-07-21T10:00,20.0,98,793.8
2026-07-21T11:00,20.2,95,793.4
2026-07-21T12:00,20.0,96,792.7
2026-07-21T13:00,20.2,90,792.6
2026-07-21T14:00,20.3,79,792.7
2026-07-21T15:00,20.3,76,792.9
2026-07-21T16:00,20.0,74,793.2
2026-07-21T17:00,19.7,76,793.4
2026-07-21T18:00,18.8,88,793.0
2026-07-21T19:00,17.9,92,792.8
2026-07-21T20:00,17.9,92,792.2
2026-07-21T21:00,17.6,93,791.9
2026-07-21T22:00,17.9,91,791.6
2026-07-21T23:00,17.8,89,791.6
2026-07-22T00:00,17.6,93,791.7
2026-07-22T01:00,17.7,89,791.9
2026-07-22T02:00,17.5,91,792.4
2026-07-22T03:00,17.6,94,792.6
2026-07-22T04:00,18.1,96,792.7
2026-07-22T05:00,19.3,91,793.6
2026-07-22T06:00,19.3,91,793.4
2026-07-22T07:00,19.1,96,793.1
2026-07-22T08:00,19.4,96,792.6
2026-07-22T09:00,20.1,92,792.5
2026-07-22T10:00,21.1,88,793.1
2026-07-22T11:00,19.5,93,792.3
2026-07-22T12:00,19.9,93,792.5
2026-07-22T13:00,19.5,97,792.3
2026-07-22T14:00,19.0,93,791.7
2026-07-22T15:00,18.6,93,792.6
2026-07-22T16:00,18.3,92,792.9
2026-07-22T17:00,18.3,90,792.9
2026-07-22T18:00,18.5,89,792.4
2026-07-22T19:00,18.2,88,792.1
2026-07-22T20:00,18.0,90,791.7
2026-07-22T21:00,17.5,91,791.4
2026-07-22T22:00,17.7,89,791.1
2026-07-22T23:00,17.8,88,790.8
2026-07-23T00:00,18.4,90,791.2
2026-07-23T01:00,17.8,92,791.4
2026-07-23T02:00,18.6,90,791.6
2026-07-23T03:00,19.1,96,792.0
2026-07-23T04:00,19.8,93,792.3
2026-07-23T05:00,21.2,81,793.3
2026-07-23T06:00,21.3,83,793.6
2026-07-23T07:00,20.4,89,793.0
2026-07-23T08:00,21.1,89,793.0
2026-07-23T09:00,20.8,89,792.4
2026-07-23T10:00,21.8,85,792.4
2026-07-23T11:00,21.8,85,792.1
2026-07-23T12:00,21.7,72,791.9
2026-07-23T13:00,21.1,83,791.4
2026-07-23T14:00,19.4,82,790.8
2026-07-23T15:00,18.7,86,791.7
2026-07-23T16:00,17.6,91,792.1
2026-07-23T17:00,17.6,90,792.4
2026-07-23T18:00,18.3,88,792.3
2026-07-23T19:00,17.9,87,791.7
2026-07-23T20:00,18.0,85,790.9
2026-07-23T21:00,18.1,81,790.4
2026-07-23T22:00,17.8,79,789.9
2026-07-23T23:00,17.2,79,789.7
2026-07-24T00:00,17.4,82,790.0
2026-07-24T01:00,17.8,81,790.8
2026-07-24T02:00,18.8,86,791.4
2026-07-24T03:00,20.8,83,792.3
2026-07-24T04:00,23.0,71,793.4
2026-07-24T05:00,24.2,65,793.8
2026-07-24T06:00,24.5,62,794.0
2026-07-24T07:00,23.8,67,793.6
2026-07-24T08:00,23.8,69,793.2
2026-07-24T09:00,23.8,70,792.5
2026-07-24T10:00,22.8,76,791.7
2026-07-24T11:00,22.4,79,791.6
2026-07-24T12:00,21.5,80,791.4
2026-07-24T13:00,20.4,86,790.8
2026-07-24T14:00,18.7,92,790.4
2026-07-24T15:00,18.5,93,791.5
2026-07-24T16:00,17.9,94,792.1
2026-07-24T17:00,17.8,96,792.3
2026-07-24T18:00,18.6,92,792.4
2026-07-24T19:00,17.6,92,791.0
2026-07-24T20:00,17.1,89,790.7
2026-07-24T21:00,17.0,87,790.8
2026-07-24T22:00,17.1,86,790.4
2026-07-24T23:00,16.9,84,790.0
2026-07-25T00:00,18.3,84,791.5
2026-07-25T01:00,18.4,83,792.0
2026-07-25T02:00,19.5,93,793.3
2026-07-25T03:00,20.3,92,793.8
2026-07-25T04:00,20.8,88,794.1
2026-07-25T05:00,21.9,82,794.4
2026-07-25T06:00,23.7,71,794.8
2026-07-25T07:00,22.7,79,794.2
2026-07-25T08:00,23.0,77,794.7
2026-07-25T09:00,22.3,78,794.2
2026-07-25T10:00,22.4,77,793.8
2026-07-25T11:00,20.8,86,793.3
2026-07-25T12:00,20.9,90,793.4
2026-07-25T13:00,19.1,99,793.2
2026-07-25T14:00,18.7,97,793.0
2026-07-25T15:00,17.9,98,792.9
2026-07-25T16:00,17.6,97,793.3
2026-07-25T17:00,17.3,96,793.1
2026-07-25T18:00,18.2,90,793.5
2026-07-25T19:00,17.3,97,793.0
2026-07-25T20:00,17.3,97,792.8
2026-07-25T21:00,17.3,94,792.1
2026-07-25T22:00,17.6,90,792.3
2026-07-25T23:00,17.5,92,792.7
2026-07-26T00:00,15.8,93,791.7
2026-07-26T01:00,15.6,97,791.1
2026-07-26T02:00,18.7,96,792.2
2026-07-26T03:00,21.0,88,794.0
2026-07-26T04:00,22.3,76,794.8
2026-07-26T05:00,23.3,71,795.3
2026-07-26T06:00,24.5,63,795.6
2026-07-26T07:00,25.1,63,795.6
2026-07-26T08:00,23.8,69,795.2
2026-07-26T09:00,22.0,83,794.3
2026-07-26T10:00,20.9,90,793.4
2026-07-26T11:00,20.2,93,792.7
2026-07-26T12:00,20.9,93,793.0
2026-07-26T13:00,19.8,97,792.6
2026-07-26T14:00,19.3,94,791.9
2026-07-26T15:00,18.8,94,791.6
2026-07-26T16:00,18.1,97,791.8
2026-07-26T17:00,17.8,98,792.3
2026-07-26T18:00,18.3,97,792.0
2026-07-26T19:00,16.8,100,790.7
2026-07-26T20:00,16.2,98,789.9
2026-07-26T21:00,15.8,96,789.3
2026-07-26T22:00,15.8,92,788.8
2026-07-26T23:00,15.4,92,788.4
2026-07-27T00:00,16.5,93,790.0
2026-07-27T01:00,16.7,92,789.9
2026-07-27T02:00,19.2,87,790.4
2026-07-27T03:00,20.4,86,790.9
2026-07-27T04:00,22.4,72,791.7
2026-07-27T05:00,24.2,61,792.5
2026-07-27T06:00,25.4,58,793.0
2026-07-27T07:00,24.8,63,792.7
2026-07-27T08:00,25.1,65,792.1
2026-07-27T09:00,24.5,69,791.7
2026-07-27T10:00,23.6,73,791.1
2026-07-27T11:00,22.4,80,790.3
2026-07-27T12:00,21.8,80,790.0
2026-07-27T13:00,20.4,88,789.5
2026-07-27T14:00,18.5,97,789.3
2026-07-27T15:00,19.2,94,789.7
2026-07-27T16:00,18.9,95,789.7
2026-07-27T17:00,18.6,96,790.2
2026-07-27T18:00,19.2,95,789.6
2026-07-27T19:00,18.0,100,789.0
2026-07-27T20:00,18.2,100,789.3
2026-07-27T21:00,18.0,99,788.8
2026-07-27T22:00,18.2,98,789.0
2026-07-27T23:00,18.3,96,788.9
2026-07-28T00:00,18.9,90,789.7
2026-07-28T01:00,19.1,89,788.8
2026-07-28T02:00,20.1,87,789.2
2026-07-28T03:00,19.9,94,790.5
2026-07-28T04:00,22.6,78,791.5
2026-07-28T05:00,23.4,75,791.6
2026-07-28T06:00,22.7,80,791.8
2026-07-28T07:00,23.0,79,791.9
2026-07-28T08:00,23.3,77,791.6
2026-07-28T09:00,23.2,78,791.0
2026-07-28T10:00,20.8,95,790.5
2026-07-28T11:00,20.4,98,789.7
2026-07-28T12:00,20.7,98,789.1
2026-07-28T13:00,20.1,98,788.6
2026-07-28T14:00,18.7,94,789.0
2026-07-28T15:00,18.4,97,789.8
2026-07-28T16:00,18.5,93,790.6
2026-07-28T17:00,18.5,93,791.0
2026-07-28T18:00,18.2,94,790.7
2026-07-28T19:00,18.1,94,790.7
2026-07-28T20:00,18.2,94,790.3
2026-07-28T21:00,18.2,94,790.3
2026-07-28T22:00,18.1,94,790.3
2026-07-28T23:00,18.1,94,790.2
2026-07-29T00:00,18.1,94,790.3
2026-07-29T01:00,18.3,93,790.5
2026-07-29T02:00,18.9,95,791.3
2026-07-29T03:00,19.0,99,791.6
2026-07-29T04:00,20.7,87,792.4
2026-07-29T05:00,22.6,77,793.3
2026-07-29T06:00,24.3,61,793.9
2026-07-29T07:00,23.8,64,793.7
2026-07-29T08:00,23.6,64,793.2
2026-07-29T09:00,22.6,72,792.7
2026-07-29T10:00,22.9,71,792.2
2026-07-29T11:00,23.0,72,791.4
2026-07-29T12:00,21.8,79,790.9
2026-07-29T13:00,20.6,87,790.3
2026-07-29T14:00,18.8,94,790.0
2026-07-29T15:00,18.2,99,790.4
2026-07-29T16:00,18.2,100,791.2
2026-07-29T17:00,18.1,100,791.5
2026-07-29T18:00,19.4,95,792.0
2026-07-29T19:00,18.2,93,790.2
2026-07-29T20:00,17.2,93,789.1
2026-07-29T21:00,16.7,91,788.4
2026-07-29T22:00,15.7,93,788.0
2026-07-29T23:00,14.8,94,787.0
2026-07-30T00:00,18.5,93,790.1
2026-07-30T01:00,19.4,83,789.9
2026-07-30T02:00,19.8,84,790.9
2026-07-30T03:00,20.5,84,791.4
2026-07-30T04:00,21.6,79,792.0
2026-07-30T05:00,23.8,62,792.7
2026-07-30T06:00,24.3,61,793.2
2026-07-30T07:00,23.4,64,792.9
2026-07-30T08:00,23.1,66,792.8
2026-07-30T09:00,23.9,62,792.5
2026-07-30T10:00,24.5,57,792.0
2026-07-30T11:00,23.6,62,791.5
2026-07-30T12:00,20.7,83,791.0
2026-07-30T13:00,20.1,89,790.6
2026-07-30T14:00,19.5,94,790.5
2026-07-30T15:00,19.2,93,791.1
2026-07-30T16:00,18.8,96,791.7
2026-07-30T17:00,18.4,97,791.7
2026-07-30T18:00,18.6,100,791.8
2026-07-30T19:00,17.8,96,791.1
2026-07-30T20:00,17.5,97,790.8
2026-07-30T21:00,17.3,97,790.8
2026-07-30T22:00,17.3,97,790.8
2026-07-30T23:00,17.2,97,791.0
2026-07-31T00:00,17.5,96,791.3
2026-07-31T01:00,17.5,98,791.3
2026-07-31T02:00,18.0,97,792.2
2026-07-31T03:00,19.3,95,792.7
2026-07-31T04:00,20.4,92,793.2
2026-07-31T05:00,21.6,85,793.8
2026-07-31T06:00,22.0,78,794.0
2026-07-31T07:00,21.9,75,793.5
2026-07-31T08:00,22.1,74,793.7
2026-07-31T09:00,22.3,79,793.1
2026-07-31T10:00,21.4,85,792.5
2026-07-31T11:00,21.0,88,792.0
2026-07-31T12:00,19.0,95,791.0
2026-07-31T13:00,18.6,96,791.4
2026-07-31T14:00,18.2,96,791.1
2026-07-31T15:00,18.3,94,791.6
2026-07-31T16:00,18.0,92,791.5
2026-07-31T17:00,17.6,92,791.4
2026-07-31T18:00,17.6,89,791.2
2026-07-31T19:00,16.7,92,791.4
2026-07-31T20:00,16.4,94,791.2
2026-07-31T21:00,15.4,96,790.4
2026-07-31T22:00,15.5,96,790.3
2026-07-31T23:00,15.4,94,789.9
2026-08-01T00:00,16.3,87,790.1
2026-08-01T01:00,16.3,89,790.6
2026-08-01T02:00,17.7,98,791.6
2026-08-01T03:00,19.0,89,792.9
2026-08-01T04:00,22.1,73,794.1
2026-08-01T05:00,23.5,66,794.3
2026-08-01T06:00,24.3,63,794.0
2026-08-01T07:00,24.1,65,793.6
2026-08-01T08:00,24.5,64,793.0
2026-08-01T09:00,23.5,69,792.3
2026-08-01T10:00,22.8,77,791.9
2026-08-01T11:00,21.5,80,791.3
2026-08-01T12:00,21.3,80,791.8
2026-08-01T13:00,19.8,91,791.6
2026-08-01T14:00,18.4,92,790.6
2026-08-01T15:00,18.0,92,790.2
2026-08-01T16:00,17.5,93,790.5
2026-08-01T17:00,16.5,97,790.4
2026-08-01T18:00,15.7,100,789.7
2026-08-01T19:00,15.4,96,789.9
2026-08-01T20:00,15.0,94,789.6
2026-08-01T21:00,14.7,92,789.3
2026-08-01T22:00,14.6,93,789.3
2026-08-01T23:00,14.0,92,788.8
2026-08-02T00:00,15.3,96,790.3
2026-08-02T01:00,16.0,92,791.2
2026-08-02T02:00,18.9,83,791.4
2026-08-02T03:00,20.1,89,792.8
2026-08-02T04:00,21.5,77,793.8
2026-08-02T05:00,23.8,66,794.1
2026-08-02T06:00,24.7,58,794.0
2026-08-02T07:00,23.8,65,794.2
2026-08-02T08:00,24.8,65,794.1
2026-08-02T09:00,24.7,68,793.5
2026-08-02T10:00,23.2,75,792.6
2026-08-02T11:00,23.0,80,792.4
2026-08-02T12:00,21.8,80,792.1
2026-08-02T13:00,20.2,91,791.8
2026-08-02T14:00,18.3,97,791.7
2026-08-02T15:00,17.9,98,792.2
2026-08-02T16:00,17.7,94,793.0
2026-08-02T17:00,17.9,95,793.0
2026-08-02T18:00,18.6,88,792.8
2026-08-02T19:00,17.8,88,791.5
2026-08-02T20:00,16.3,91,790.8
2026-08-02T21:00,15.8,86,789.3
2026-08-02T22:00,15.8,79,788.8
2026-08-02T23:00,16.3,74,789.0
2026-08-03T00:00,15.6,86,789.3
2026-08-03T01:00,16.3,80,789.3
2026-08-03T02:00,20.1,79,790.8
2026-08-03T03:00,20.1,88,792.7
2026-08-03T04:00,22.1,76,793.9
2026-08-03T05:00,23.3,68,794.2
2026-08-03T06:00,25.0,54,794.8
2026-08-03T07:00,25.2,57,794.7
2026-08-03T08:00,25.1,61,794.4
2026-08-03T09:00,23.7,68,793.8
2026-08-03T10:00,21.6,84,793.7
2026-08-03T11:00,21.8,81,792.6
2026-08-03T12:00,22.6,76,792.5
2026-08-03T13:00,20.7,86,792.3
2026-08-03T14:00,19.2,92,791.9
2026-08-03T15:00,18.4,95,791.6
2026-08-03T16:00,18.0,96,792.2
2026-08-03T17:00,17.7,92,792.8
2026-08-03T18:00,18.4,94,793.5
2026-08-03T19:00,18.5,92,792.5
2026-08-03T20:00,18.3,87,791.3
2026-08-03T21:00,17.0,92,791.1
2026-08-03T22:00,17.4,92,792.0
2026-08-03T23:00,17.8,87,791.4
2026-08-04T00:00,18.3,92,791.4
2026-08-04T01:00,18.5,92,791.3
2026-08-04T02:00,19.3,97,792.8
2026-08-04T03:00,19.8,93,793.0
2026-08-04T04:00,20.5,92,793.9
2026-08-04T05:00,21.4,87,795.0
2026-08-04T06:00,21.1,83,795.3
2026-08-04T07:00,21.0,84,794.5
2026-08-04T08:00,22.4,78,794.2
2026-08-04T09:00,22.2,79,793.6
2026-08-04T10:00,21.7,82,793.3
2026-08-04T11:00,20.6,86,792.3
2026-08-04T12:00,22.2,79,791.9
2026-08-04T13:00,20.6,90,791.6
2026-08-04T14:00,19.1,96,791.5
2026-08-04T15:00,18.6,95,791.9
2026-08-04T16:00,18.1,95,791.9
2026-08-04T17:00,18.0,96,791.9
2026-08-04T18:00,17.7,100,791.4
2026-08-04T19:00,18.0,96,790.8
2026-08-04T20:00,18.2,95,790.5
2026-08-04T21:00,17.4,100,790.0
2026-08-04T22:00,17.5,99,789.9
2026-08-04T23:00,17.6,98,789.9
2026-08-05T00:00,17.7,100,789.7
2026-08-05T01:00,17.5,99,789.7
2026-08-05T02:00,18.5,95,790.1
2026-08-05T03:00,18.8,98,790.4
2026-08-05T04:00,19.1,98,790.8
2026-08-05T05:00,19.4,95,791.2
2026-08-05T06:00,20.3,87,791.7
2026-08-05T07:00,21.5,79,791.3
2026-08-05T08:00,21.7,81,791.4
2026-08-05T09:00,22.3,80,791.0
2026-08-05T10:00,22.4,79,790.4
2026-08-05T11:00,21.4,83,789.6
2026-08-05T12:00,21.0,85,789.9
2026-08-05T13:00,19.7,92,789.9
2026-08-05T14:00,18.1,97,789.5
2026-08-05T15:00,18.3,96,790.1
2026-08-05T16:00,18.1,94,790.5
2026-08-05T17:00,18.2,94,790.9
2026-08-05T18:00,18.4,95,789.7
2026-08-05T19:00,17.6,98,789.3
2026-08-05T20:00,17.5,94,789.0
2026-08-05T21:00,17.2,96,788.8
2026-08-05T22:00,17.1,92,788.4
2026-08-05T23:00,16.8,89,788.0
2026-08-06T00:00,16.1,90,787.1
2026-08-06T01:00,16.4,88,787.4
2026-08-06T02:00,18.4,93,789.6
2026-08-06T03:00,19.8,86,791.4
2026-08-06T04:00,22.4,74,792.8
2026-08-06T05:00,22.7,74,792.9
2026-08-06T06:00,22.5,70,792.5
2026-08-06T07:00,22.9,73,792.7
2026-08-06T08:00,22.2,77,792.4
2026-08-06T09:00,20.2,87,791.7
2026-08-06T10:00,18.9,94,791.1
2026-08-06T11:00,19.0,99,790.8
2026-08-06T12:00,19.7,99,790.9
2026-08-06T13:00,19.1,100,790.9
2026-08-06T14:00,18.3,99,790.6
2026-08-06T15:00,18.2,99,791.2
2026-08-06T16:00,18.2,98,791.8
2026-08-06T17:00,18.3,94,791.8
2026-08-06T18:00,18.2,96,791.6
2026-08-06T19:00,17.8,93,790.4
2026-08-06T20:00,18.1,90,790.4
2026-08-06T21:00,17.7,92,790.4
2026-08-06T22:00,17.6,90,790.4
2026-08-06T23:00,17.9,87,790.3
2026-08-07T00:00,17.6,97,790.3
2026-08-07T01:00,17.7,94,790.7
2026-08-07T02:00,18.0,93,791.1
2026-08-07T03:00,18.8,93,792.0
2026-08-07T04:00,18.5,98,792.6
2026-08-07T05:00,19.0,95,792.5
2026-08-07T06:00,20.5,89,793.6
2026-08-07T07:00,19.7,92,792.5
2026-08-07T08:00,19.9,93,792.4
2026-08-07T09:00,21.5,90,793.3
2026-08-07T10:00,19.4,96,791.8
2026-08-07T11:00,19.7,94,791.2
2026-08-07T12:00,21.0,87,791.3
2026-08-07T13:00,20.7,83,790.9
2026-08-07T14:00,20.7,78,791.4
2026-08-07T15:00,20.5,77,792.0
2026-08-07T16:00,20.3,70,792.0
2026-08-07T17:00,20.5,65,792.4
2026-08-07T18:00,20.4,68,792.4
2026-08-07T19:00,19.5,70,792.0
2026-08-07T20:00,19.1,71,791.5
2026-08-07T21:00,18.6,73,791.3
2026-08-07T22:00,18.3,73,791.4
2026-08-07T23:00,18.3,72,790.7
2026-08-08T00:00,18.5,80,791.5
2026-08-08T01:00,18.3,75,791.8
2026-08-08T02:00,19.0,75,792.1
2026-08-08T03:00,19.7,85,792.6
2026-08-08T04:00,21.1,80,793.8
2026-08-08T05:00,23.0,69,795.3
2026-08-08T06:00,21.8,70,795.2
2026-08-08T07:00,25.0,49,795.8
2026-08-08T08:00,24.5,53,795.3
2026-08-08T09:00,23.4,62,794.5
2026-08-08T10:00,23.8,62,794.2
2026-08-08T11:00,23.2,69,793.6
2026-08-08T12:00,22.4,72,793.5
2026-08-08T13:00,20.9,85,793.3
2026-08-08T14:00,19.5,88,793.0
2026-08-08T15:00,18.6,90,792.5
2026-08-08T16:00,17.9,92,793.4
2026-08-08T17:00,17.0,92,792.7
2026-08-08T18:00,17.0,94,792.6
2026-08-08T19:00,15.7,99,792.5
2026-08-08T20:00,15.6,97,792.0
2026-08-08T21:00,15.2,92,791.3
2026-08-08T22:00,14.5,90,790.6
2026-08-08T23:00,14.6,85,791.0
2026-08-09T00:00,17.8,86,793.1
2026-08-09T01:00,17.6,85,792.9
2026-08-09T02:00,19.7,77,794.0
2026-08-09T03:00,21.1,72,794.8
2026-08-09T04:00,22.7,65,795.5
2026-08-09T05:00,23.9,65,795.8
2026-08-09T06:00,24.4,62,795.7
2026-08-09T07:00,24.3,64,795.6
2026-08-09T08:00,23.9,69,795.3
2026-08-09T09:00,24.1,70,794.9
2026-08-09T10:00,23.7,72,794.5
2026-08-09T11:00,22.2,80,793.7
2026-08-09T12:00,22.1,81,793.2
2026-08-09T13:00,20.4,91,792.4
2026-08-09T14:00,18.4,98,791.5
2026-08-09T15:00,18.2,99,792.0
2026-08-09T16:00,18.4,100,792.8
2026-08-09T17:00,19.0,98,793.4
2026-08-09T18:00,19.0,98,793.2
2026-08-09T19:00,18.9,96,792.7
2026-08-09T20:00,18.5,97,792.0
2026-08-09T21:00,18.3,98,792.0
2026-08-09T22:00,18.5,97,791.8
2026-08-09T23:00,18.5,95,792.0
2026-08-10T00:00,18.0,95,791.3
2026-08-10T01:00,17.8,98,791.0
2026-08-10T02:00,18.9,99,791.6
2026-08-10T03:00,19.9,94,792.4
2026-08-10T04:00,21.0,88,793.1
2026-08-10T05:00,22.1,81,793.6
2026-08-10T06:00,22.7,79,793.8
2026-08-10T07:00,22.3,81,793.5
2026-08-10T08:00,21.5,85,793.1
2026-08-10T09:00,21.5,86,792.2
2026-08-10T10:00,20.3,94,791.7
2026-08-10T11:00,20.0,96,791.4
2026-08-10T12:00,19.9,97,791.9
2026-08-10T13:00,19.1,100,791.1
2026-08-10T14:00,18.2,100,790.9
2026-08-10T15:00,18.2,99,791.7
2026-08-10T16:00,18.5,100,792.4
2026-08-10T17:00,18.6,99,792.3
2026-08-10T18:00,18.7,97,791.7
2026-08-10T19:00,18.0,98,790.6
2026-08-10T20:00,17.8,99,790.2
2026-08-10T21:00,17.6,98,790.2
2026-08-10T22:00,17.5,98,790.0
2026-08-10T23:00,17.3,98,789.7
2026-08-11T00:00,18.6,96,790.7
2026-08-11T01:00,17.7,98,790.6
2026-08-11T02:00,18.5,100,791.7
2026-08-11T03:00,19.4,100,792.3
2026-08-11T04:00,19.8,96,792.8
2026-08-11T05:00,20.0,92,793.4
2026-08-11T06:00,20.1,94,793.5
2026-08-11T07:00,19.0,93,792.9
2026-08-11T08:00,19.6,93,792.8
2026-08-11T09:00,20.0,93,792.5
2026-08-11T10:00,19.5,98,792.5
2026-08-11T11:00,19.6,95,791.7
2026-08-11T12:00,19.5,92,792.6
2026-08-11T13:00,19.5,95,791.9
2026-08-11T14:00,19.1,93,791.7
2026-08-11T15:00,18.9,93,792.4
2026-08-11T16:00,18.4,94,792.7
2026-08-11T17:00,18.5,92,793.5
2026-08-11T18:00,18.0,97,793.1
2026-08-11T19:00,18.0,94,792.9
2026-08-11T20:00,18.5,90,793.2
2026-08-11T21:00,18.8,87,793.4
2026-08-11T22:00,19.0,84,793.4
2026-08-11T23:00,19.3,80,793.5
2026-08-12T00:00,18.2,87,793.6
2026-08-12T01:00,18.5,85,793.8
2026-08-12T02:00,20.0,89,794.4
2026-08-12T03:00,21.5,87,795.0
2026-08-12T04:00,24.3,70,796.3
2026-08-12T05:00,25.1,62,796.4
2026-08-12T06:00,25.8,54,796.6
2026-08-12T07:00,26.3,52,796.2
2026-08-12T08:00,27.0,48,795.7
2026-08-12T09:00,25.3,57,795.2
2026-08-12T10:00,24.5,64,795.0
2026-08-12T11:00,24.4,66,794.6
2026-08-12T12:00,24.3,57,794.5
2026-08-12T13:00,22.7,72,793.9
2026-08-12T14:00,20.2,75,793.3
2026-08-12T15:00,19.1,85,794.5
2026-08-12T16:00,19.1,90,795.8
2026-08-12T17:00,19.2,88,795.9
2026-08-12T18:00,18.1,91,794.6
2026-08-12T19:00,16.8,93,793.3
2026-08-12T20:00,15.6,93,792.3
2026-08-12T21:00,15.0,92,791.5
2026-08-12T22:00,14.0,92,790.3
2026-08-12T23:00,14.1,89,790.2
2026-08-13T00:00,14.4,98,790.1
2026-08-13T01:00,15.5,93,791.1
2026-08-13T02:00,18.7,88,793.3
2026-08-13T03:00,22.8,74,795.3
2026-08-13T04:00,23.2,71,794.6
2026-08-13T05:00,25.3,58,795.5
2026-08-13T06:00,25.7,56,796.2
2026-08-13T07:00,25.1,62,795.9
2026-08-13T08:00,25.7,55,795.7
2026-08-13T09:00,25.2,59,795.2
2026-08-13T10:00,23.9,67,794.4
2026-08-13T11:00,22.7,76,794.0
2026-08-13T12:00,22.5,74,793.6
2026-08-13T13:00,21.0,88,792.5
2026-08-13T14:00,18.8,92,792.6
2026-08-13T15:00,18.8,94,793.3
2026-08-13T16:00,18.1,96,792.9
2026-08-13T17:00,18.2,94,792.5
2026-08-13T18:00,18.5,91,791.9
2026-08-13T19:00,18.4,91,792.3
2026-08-13T20:00,17.7,90,791.5
2026-08-13T21:00,18.5,83,792.0
2026-08-13T22:00,18.7,83,792.3
2026-08-13T23:00,18.7,81,791.9
2026-08-14T00:00,19.0,88,792.3
2026-08-14T01:00,18.9,87,792.1
2026-08-14T02:00,20.2,82,792.5
2026-08-14T03:00,20.4,87,793.3
2026-08-14T04:00,22.5,77,794.6
2026-08-14T05:00,23.0,74,794.8
2026-08-14T06:00,23.4,71,795.3
2026-08-14T07:00,21.6,86,795.2
2026-08-14T08:00,21.9,86,794.4
2026-08-14T09:00,22.5,82,794.3
2026-08-14T10:00,21.1,84,793.2
2026-08-14T11:00,20.5,93,793.3
2026-08-14T12:00,20.0,97,793.2
2026-08-14T13:00,19.0,97,792.5
2026-08-14T14:00,18.7,96,791.9
2026-08-14T15:00,18.5,96,792.2
2026-08-14T16:00,18.3,98,792.7
2026-08-14T17:00,18.1,99,792.7
2026-08-14T18:00,18.4,97,792.8
2026-08-14T19:00,17.9,97,792.5
2026-08-14T20:00,17.7,98,791.8
2026-08-14T21:00,17.6,99,791.7
2026-08-14T22:00,17.6,99,791.6
2026-08-14T23:00,17.7,96,791.7
2026-08-15T00:00,18.4,94,792.4
2026-08-15T01:00,18.0,93,792.9
2026-08-15T02:00,19.5,94,793.5
2026-08-15T03:00,20.2,93,793.8
2026-08-15T04:00,21.1,88,794.5
2026-08-15T05:00,21.4,86,795.1
2026-08-15T06:00,20.8,81,795.1
2026-08-15T07:00,21.8,76,795.0
2026-08-15T08:00,22.2,77,794.8
2026-08-15T09:00,21.8,82,793.8
2026-08-15T10:00,22.1,79,793.3
2026-08-15T11:00,21.9,80,792.9
2026-08-15T12:00,20.4,87,792.1
2026-08-15T13:00,19.6,94,791.2
2026-08-15T14:00,18.0,96,790.4
2026-08-15T15:00,17.4,98,791.3
2026-08-15T16:00,18.1,99,792.6
2026-08-15T17:00,18.5,97,792.8
2026-08-15T18:00,18.6,94,792.0
2026-08-15T19:00,18.2,93,791.2
2026-08-15T20:00,17.6,94,790.4
2026-08-15T21:00,17.0,94,789.9
2026-08-15T22:00,16.2,94,788.6
2026-08-15T23:00,15.4,94,788.1
2026-08-16T00:00,17.5,98,789.8
2026-08-16T01:00,18.0,96,790.8
2026-08-16T02:00,19.4,93,791.5
2026-08-16T03:00,21.0,87,792.6
2026-08-16T04:00,21.9,80,792.9
2026-08-16T05:00,22.9,70,793.1
2026-08-16T06:00,23.4,69,793.6
2026-08-16T07:00,23.1,69,793.5
2026-08-16T08:00,23.2,67,793.3
2026-08-16T09:00,22.9,69,792.7
2026-08-16T10:00,21.9,77,792.1
2026-08-16T11:00,21.2,82,791.7
2026-08-16T12:00,20.1,87,791.9
2026-08-16T13:00,18.9,95,791.4
2026-08-16T14:00,17.6,99,791.3
2026-08-16T15:00,17.5,100,792.0
2026-08-16T16:00,17.4,100,792.0
2026-08-16T17:00,17.5,99,792.2
2026-08-16T18:00,17.2,100,791.8
2026-08-16T19:00,16.9,100,791.2
2026-08-16T20:00,16.7,100,790.6
2026-08-16T21:00,16.8,98,789.9
2026-08-16T22:00,16.9,95,789.9
2026-08-16T23:00,17.0,93,789.7
2026-08-17T00:00,17.8,97,790.8
2026-08-17T01:00,17.7,98,791.3
2026-08-17T02:00,18.6,97,791.6
2026-08-17T03:00,19.4,94,791.7
2026-08-17T04:00,20.5,85,792.7
2026-08-17T05:00,21.5,80,793.3
2026-08-17T06:00,23.5,71,794.1
2026-08-17T07:00,22.5,74,793.6
2026-08-17T08:00,22.5,72,793.7
2026-08-17T09:00,22.6,72,793.1
2026-08-17T10:00,21.9,75,792.8
2026-08-17T11:00,21.7,77,792.1
2026-08-17T12:00,20.5,84,792.5
2026-08-17T13:00,19.2,94,791.8
2026-08-17T14:00,17.6,98,791.3
2026-08-17T15:00,17.2,98,791.4
2026-08-17T16:00,17.0,100,791.7
2026-08-17T17:00,17.3,99,792.2
2026-08-17T18:00,17.8,98,792.3
2026-08-17T19:00,18.2,95,792.3
2026-08-17T20:00,18.1,95,792.0
2026-08-17T21:00,18.2,96,791.8
2026-08-17T22:00,18.2,97,791.7
2026-08-17T23:00,18.3,95,791.7
2026-08-18T00:00,18.0,92,791.7
2026-08-18T01:00,17.9,89,791.4
2026-08-18T02:00,18.6,96,792.3
2026-08-18T03:00,21.0,80,794.0
2026-08-18T04:00,21.2,82,793.8
2026-08-18T05:00,22.8,74,794.4
2026-08-18T06:00,23.6,67,795.1
2026-08-18T07:00,22.9,69,794.8
2026-08-18T08:00,21.5,77,794.5
2026-08-18T09:00,20.8,81,793.9
2026-08-18T10:00,21.6,78,793.4
2026-08-18T11:00,21.0,81,793.3
2026-08-18T12:00,19.2,93,792.9
2026-08-18T13:00,19.3,95,792.7
2026-08-18T14:00,17.9,98,792.5
2026-08-18T15:00,18.0,96,793.3
2026-08-18T16:00,17.9,97,793.7
2026-08-18T17:00,18.3,96,793.8
2026-08-18T18:00,18.2,99,793.4
2026-08-18T19:00,17.0,98,791.9
2026-08-18T20:00,16.7,98,791.7
2026-08-18T21:00,16.8,97,791.5
2026-08-18T22:00,17.5,93,791.9
2026-08-18T23:00,17.7,91,792.2
2026-08-19T00:00,18.1,95,792.3
2026-08-19T01:00,17.8,94,792.4
2026-08-19T02:00,17.9,97,793.1
2026-08-19T03:00,18.5,98,793.9
2026-08-19T04:00,19.4,97,794.4
2026-08-19T05:00,20.6,92,794.9
2026-08-19T06:00,21.8,79,795.9
2026-08-19T07:00,21.5,80,795.5
2026-08-19T08:00,23.0,73,795.4
2026-08-19T09:00,22.2,77,794.9
2026-08-19T10:00,21.0,83,794.5
2026-08-19T11:00,20.8,81,794.2
2026-08-19T12:00,20.3,92,794.1
2026-08-19T13:00,19.5,95,793.7
2026-08-19T14:00,18.3,92,793.4
2026-08-19T15:00,18.2,92,794.2
2026-08-19T16:00,18.3,92,794.3
2026-08-19T17:00,17.9,90,793.9
2026-08-19T18:00,17.9,90,794.0
2026-08-19T19:00,17.0,93,793.6
2026-08-19T20:00,17.4,88,793.3
2026-08-19T21:00,17.6,82,792.8
2026-08-19T22:00,17.3,80,792.3
2026-08-19T23:00,16.7,82,792.3
2026-08-20T00:00,17.6,83,793.3
2026-08-20T01:00,17.5,79,792.8
2026-08-20T02:00,19.0,82,794.3
2026-08-20T03:00,19.6,88,794.8
2026-08-20T04:00,21.7,70,796.0
2026-08-20T05:00,23.6,58,796.7
2026-08-20T06:00,22.3,65,796.7
2026-08-20T07:00,23.0,61,796.6
2026-08-20T08:00,22.5,65,796.1
2026-08-20T09:00,22.9,65,795.6
2026-08-20T10:00,22.4,71,794.8
2026-08-20T11:00,22.4,69,794.0
2026-08-20T12:00,22.1,69,794.0
2026-08-20T13:00,20.1,83,793.4
2026-08-20T14:00,18.0,91,792.9
2026-08-20T15:00,17.7,94,793.5
2026-08-20T16:00,17.5,94,793.2
2026-08-20T17:00,16.8,94,792.3
2026-08-20T18:00,18.3,92,793.4
2026-08-20T19:00,17.7,94,793.1
2026-08-20T20:00,17.1,96,792.6
2026-08-20T21:00,16.5,94,792.0
2026-08-20T22:00,16.8,91,791.6
2026-08-20T23:00,16.1,91,791.0
2026-08-21T00:00,16.3,83,790.5
2026-08-21T01:00,16.3,82,791.0
2026-08-21T02:00,18.7,73,792.9
2026-08-21T03:00,21.0,65,794.4
2026-08-21T04:00,22.4,65,794.9
2026-08-21T05:00,24.0,63,795.5
2026-08-21T06:00,24.0,59,795.6
2026-08-21T07:00,24.5,56,795.5
2026-08-21T08:00,24.3,57,794.8
2026-08-21T09:00,24.6,54,794.1
2026-08-21T10:00,23.6,61,793.5
2026-08-21T11:00,22.7,67,792.8
2026-08-21T12:00,21.3,74,792.7
2026-08-21T13:00,19.5,87,792.1
2026-08-21T14:00,17.7,93,791.3
2026-08-21T15:00,17.0,95,791.3
2026-08-21T16:00,16.5,97,791.0
2026-08-21T17:00,16.6,95,791.3
2026-08-21T18:00,18.0,90,792.0
2026-08-21T19:00,17.5,91,791.1
2026-08-21T20:00,16.8,91,790.9
2026-08-21T21:00,16.3,90,790.3
2026-08-21T22:00,15.6,88,789.6
2026-08-21T23:00,14.9,88,789.0
2026-08-22T00:00,15.9,97,789.8
2026-08-22T01:00,15.8,96,790.8
2026-08-22T02:00,17.5,97,792.6
2026-08-22T03:00,18.9,93,792.9
2026-08-22T04:00,21.5,85,794.3
2026-08-22T05:00,23.3,68,795.1
2026-08-22T06:00,22.1,68,795.0
2026-08-22T07:00,22.0,70,794.7
2026-08-22T08:00,21.8,75,794.5
2026-08-22T09:00,21.3,76,793.5
2026-08-22T10:00,22.3,69,793.0
2026-08-22T11:00,21.8,69,792.5
2026-08-22T12:00,20.8,74,792.2
2026-08-22T13:00,19.6,82,791.7
2026-08-22T14:00,17.6,89,791.5
2026-08-22T15:00,16.9,91,791.6
2026-08-22T16:00,16.5,91,791.4
2026-08-22T17:00,15.6,93,791.0
2026-08-22T18:00,16.5,93,791.4
2026-08-22T19:00,15.5,96,791.1
2026-08-22T20:00,14.5,96,790.2
2026-08-22T21:00,13.5,94,788.9
2026-08-22T22:00,12.9,92,788.9
2026-08-22T23:00,13.3,90,789.5
2026-08-23T00:00,16.4,87,791.7
2026-08-23T01:00,16.3,87,792.2
2026-08-23T02:00,17.7,87,792.5
2026-08-23T03:00,19.8,92,794.2
2026-08-23T04:00,20.4,87,794.8
2026-08-23T05:00,21.4,83,795.6
2026-08-23T06:00,21.2,72,796.4
2026-08-23T07:00,20.6,78,795.8
2026-08-23T08:00,21.0,79,795.3
2026-08-23T09:00,20.7,80,794.5
2026-08-23T10:00,20.6,79,793.9
2026-08-23T11:00,20.8,77,793.7
2026-08-23T12:00,21.3,79,793.1
2026-08-23T13:00,18.3,91,792.9
2026-08-23T14:00,17.0,94,792.6
2026-08-23T15:00,17.6,92,793.7
2026-08-23T16:00,17.5,91,793.9
2026-08-23T17:00,17.1,92,794.1
2026-08-23T18:00,16.1,97,793.5
2026-08-23T19:00,15.9,95,793.0
2026-08-23T20:00,16.4,91,792.7
2026-08-23T21:00,16.1,89,792.0
2026-08-23T22:00,16.2,86,791.7
2026-08-23T23:00,16.2,83,791.4
2026-08-24T00:00,15.6,82,791.0
2026-08-24T01:00,15.5,82,791.4
2026-08-24T02:00,18.4,83,793.4
2026-08-24T03:00,21.0,66,794.9
2026-08-24T04:00,23.2,54,796.0
2026-08-24T05:00,24.3,51,796.4
2026-08-24T06:00,25.2,46,796.5
2026-08-24T07:00,25.2,46,796.4
2026-08-24T08:00,25.2,49,796.0
2026-08-24T09:00,24.8,55,795.5
2026-08-24T10:00,24.3,59,794.8
2026-08-24T11:00,23.0,66,794.2
2026-08-24T12:00,22.5,64,793.6
2026-08-24T13:00,19.8,81,793.4
2026-08-24T14:00,18.2,84,792.8
2026-08-24T15:00,17.5,87,793.4
2026-08-24T16:00,17.1,90,793.5
2026-08-24T17:00,16.7,92,793.6
2026-08-24T18:00,18.3,91,794.7
2026-08-24T19:00,18.3,88,794.5
2026-08-24T20:00,18.0,86,793.6
2026-08-24T21:00,17.3,83,792.4
2026-08-24T22:00,16.1,82,791.9
2026-08-24T23:00,14.4,86,790.7
2026-08-25T00:00,16.2,80,791.6
2026-08-25T01:00,16.3,76,791.9
2026-08-25T02:00,19.8,66,794.2
2026-08-25T03:00,21.6,62,795.5
2026-08-25T04:00,23.3,50,796.2
2026-08-25T05:00,24.4,49,797.0
2026-08-25T06:00,25.5,42,797.1
2026-08-25T07:00,25.8,44,797.2
2026-08-25T08:00,24.9,50,796.4
2026-08-25T09:00,23.9,58,795.6
2026-08-25T10:00,22.8,66,795.1
2026-08-25T11:00,21.8,72,794.8
2026-08-25T12:00,21.8,71,794.1
2026-08-25T13:00,19.2,87,793.8
2026-08-25T14:00,17.8,89,793.8
2026-08-25T15:00,17.7,89,794.4
2026-08-25T16:00,17.4,88,794.0
2026-08-25T17:00,16.9,89,793.9
2026-08-25T18:00,18.0,89,794.1
2026-08-25T19:00,16.8,91,792.7
2026-08-25T20:00,16.0,92,791.8
2026-08-25T21:00,15.4,93,791.7
2026-08-25T22:00,14.6,92,791.3
2026-08-25T23:00,14.1,90,790.9
2026-08-26T00:00,14.4,88,790.8
2026-08-26T01:00,14.3,90,790.4
2026-08-26T02:00,17.3,84,792.0
2026-08-26T03:00,20.7,75,794.2
2026-08-26T04:00,22.4,61,795.5
2026-08-26T05:00,24.0,55,796.3
2026-08-26T06:00,25.3,53,796.4
2026-08-26T07:00,24.8,59,796.2
2026-08-26T08:00,24.9,60,795.5
2026-08-26T09:00,24.7,62,794.9
2026-08-26T10:00,22.8,70,794.1
2026-08-26T11:00,22.2,74,793.2
2026-08-26T12:00,22.4,71,793.5
2026-08-26T13:00,19.9,86,792.6
2026-08-26T14:00,18.5,91,792.8
2026-08-26T15:00,17.7,93,792.4
2026-08-26T16:00,17.7,93,792.3
2026-08-26T17:00,17.0,93,791.6
2026-08-26T18:00,17.8,96,792.1
2026-08-26T19:00,17.0,97,792.1
2026-08-26T20:00,17.1,96,791.7
2026-08-26T21:00,17.0,91,791.1
2026-08-26T22:00,16.9,87,791.2
2026-08-26T23:00,17.6,85,791.8
2026-08-27T00:00,18.4,80,792.3
2026-08-27T01:00,18.1,78,792.1
2026-08-27T02:00,19.1,86,792.2
2026-08-27T03:00,20.2,85,793.4
2026-08-27T04:00,22.8,67,795.0
2026-08-27T05:00,23.4,65,794.8
2026-08-27T06:00,24.1,60,795.1
2026-08-27T07:00,24.3,62,794.8
2026-08-27T08:00,24.5,62,794.0
2026-08-27T09:00,24.2,61,793.8
2026-08-27T10:00,23.4,64,793.4
2026-08-27T11:00,21.6,75,792.9
2026-08-27T12:00,22.0,72,792.9
2026-08-27T13:00,19.6,86,792.2
2026-08-27T14:00,18.1,88,791.8
2026-08-27T15:00,17.6,90,791.9
2026-08-27T16:00,16.9,91,791.4
2026-08-27T17:00,16.5,91,791.3
2026-08-27T18:00,16.0,98,790.8
2026-08-27T19:00,15.9,96,790.9
2026-08-27T20:00,15.0,97,790.1
2026-08-27T21:00,15.9,88,790.7
2026-08-27T22:00,16.0,85,790.2
2026-08-27T23:00,15.6,83,789.6
