latitude,longitude,elevation,utc_offset_seconds,timezone,timezone_abbreviation
19.086115,72.85291,8.0,0,GMT,GMT

time,temperature_2m (°C),relative_humidity_2m (%),surface_pressure (hPa)
2025-12-23T00:00,20.6,47,1010.7
2025-12-23T01:00,20.1,49,1011.3
2025-12-23T02:00,19.9,50,1012.0
2025-12-23T03:00,21.2,47,1012.8
2025-12-23T04:00,23.6,41,1013.5
2025-12-23T05:00,26.9,34,1013.6
2025-12-23T06:00,29.9,27,1013.1
2025-12-23T07:00,31.8,21,1012.1
2025-12-23T08:00,32.4,19,1010.9
2025-12-23T09:00,32.2,21,1010.0
2025-12-23T10:00,31.7,23,1009.3
2025-12-23T11:00,29.4,40,1009.4
2025-12-23T12:00,27.3,51,1009.6
2025-12-23T13:00,25.9,59,1010.3
2025-12-23T14:00,25.8,56,1010.8
2025-12-23T15:00,25.7,51,1011.4
2025-12-23T16:00,25.0,64,1011.5
2025-12-23T17:00,24.4,67,1011.6
2025-12-23T18:00,23.7,64,1011.4
2025-12-23T19:00,23.3,59,1011.2
2025-12-23T20:00,22.8,52,1010.8
2025-12-23T21:00,22.1,47,1010.5
2025-12-23T22:00,21.8,46,1010.3
2025-12-23T23:00,21.6,45,1010.4
2025-12-24T00:00,21.5,45,1010.7
2025-12-24T01:00,21.1,45,1011.2
2025-12-24T02:00,20.8,47,1011.8
2025-12-24T03:00,21.7,45,1012.8
2025-12-24T04:00,23.8,40,1013.6
2025-12-24T05:00,26.7,34,1013.6
2025-12-24T06:00,29.3,28,1013.1
2025-12-24T07:00,31.3,22,1011.9
2025-12-24T08:00,32.2,19,1010.6
2025-12-24T09:00,31.8,23,1009.8
2025-12-24T10:00,30.1,34,1009.6
2025-12-24T11:00,29.3,36,1009.7
2025-12-24T12:00,26.6,55,1010.1
2025-12-24T13:00,25.5,58,1010.5
2025-12-24T14:00,25.3,55,1011.1
2025-12-24T15:00,24.8,55,1011.7
2025-12-24T16:00,24.3,57,1012.0
2025-12-24T17:00,23.7,58,1011.8
2025-12-24T18:00,23.0,60,1011.4
2025-12-24T19:00,22.1,60,1011.2
2025-12-24T20:00,21.8,58,1011.2
2025-12-24T21:00,21.4,58,1010.9
2025-12-24T22:00,20.9,59,1010.8
2025-12-24T23:00,20.5,57,1011.1
2025-12-25T00:00,20.4,58,1011.2
2025-12-25T01:00,19.7,60,1011.7
2025-12-25T02:00,19.1,60,1012.4
2025-12-25T03:00,20.2,56,1013.4
2025-12-25T04:00,23.5,48,1014.0
2025-12-25T05:00,26.9,35,1014.0
2025-12-25T06:00,29.2,30,1013.4
2025-12-25T07:00,31.1,23,1012.5
2025-12-25T08:00,31.6,22,1011.7
2025-12-25T09:00,31.3,24,1010.9
2025-12-25T10:00,30.8,25,1010.3
2025-12-25T11:00,29.9,29,1010.2
2025-12-25T12:00,27.3,46,1010.6
2025-12-25T13:00,25.5,58,1011.0
2025-12-25T14:00,25.0,65,1011.6
2025-12-25T15:00,24.9,56,1012.1
2025-12-25T16:00,24.3,54,1012.4
2025-12-25T17:00,23.8,54,1012.5
2025-12-25T18:00,23.4,51,1012.5
2025-12-25T19:00,22.3,53,1012.3
2025-12-25T20:00,21.6,55,1012.1
2025-12-25T21:00,21.1,58,1011.7
2025-12-25T22:00,20.6,60,1011.6
2025-12-25T23:00,20.0,60,1011.9
2025-12-26T00:00,19.4,64,1012.0
2025-12-26T01:00,19.0,64,1012.4
2025-12-26T02:00,19.0,63,1012.8
2025-12-26T03:00,20.5,57,1013.7
2025-12-26T04:00,23.5,47,1014.0
2025-12-26T05:00,27.1,35,1013.9
2025-12-26T06:00,29.4,30,1013.5
2025-12-26T07:00,30.9,24,1012.2
2025-12-26T08:00,31.2,23,1010.9
2025-12-26T09:00,31.3,24,1009.9
2025-12-26T10:00,31.0,25,1009.1
2025-12-26T11:00,29.9,29,1009.1
2025-12-26T12:00,28.4,37,1009.2
2025-12-26T13:00,26.4,49,1010.0
2025-12-26T14:00,25.1,60,1010.7
2025-12-26T15:00,24.8,61,1011.5
2025-12-26T16:00,24.3,57,1011.9
2025-12-26T17:00,23.9,54,1011.8
2025-12-26T18:00,23.6,55,1011.9
2025-12-26T19:00,22.6,59,1011.7
2025-12-26T20:00,21.7,61,1011.8
2025-12-26T21:00,21.1,62,1011.3
2025-12-26T22:00,20.5,64,1011.1
2025-12-26T23:00,20.0,66,1011.4
2025-12-27T00:00,20.2,65,1011.7
2025-12-27T01:00,20.3,61,1012.3
2025-12-27T02:00,19.7,61,1012.8
2025-12-27T03:00,20.9,56,1013.6
2025-12-27T04:00,23.6,46,1014.1
2025-12-27T05:00,26.9,36,1014.1
2025-12-27T06:00,29.6,30,1013.6
2025-12-27T07:00,31.5,24,1012.7
2025-12-27T08:00,32.0,23,1011.5
2025-12-27T09:00,31.9,23,1010.5
2025-12-27T10:00,31.2,26,1009.9
2025-12-27T11:00,29.8,33,1009.8
2025-12-27T12:00,28.6,36,1009.9
2025-12-27T13:00,26.1,52,1010.7
2025-12-27T14:00,25.3,55,1011.4
2025-12-27T15:00,24.8,57,1011.9
2025-12-27T16:00,24.3,55,1012.7
2025-12-27T17:00,23.9,52,1012.5
2025-12-27T18:00,23.7,49,1012.4
2025-12-27T19:00,23.4,48,1012.0
2025-12-27T20:00,22.4,53,1012.0
2025-12-27T21:00,21.5,58,1011.5
2025-12-27T22:00,20.8,60,1011.7
2025-12-27T23:00,20.2,62,1011.9
2025-12-28T00:00,20.0,65,1012.0
2025-12-28T01:00,20.1,62,1012.6
2025-12-28T02:00,20.4,58,1013.4
2025-12-28T03:00,21.9,51,1014.3
2025-12-28T04:00,24.3,45,1015.1
2025-12-28T05:00,27.5,34,1015.2
2025-12-28T06:00,29.7,29,1014.8
2025-12-28T07:00,31.3,23,1013.7
2025-12-28T08:00,31.5,22,1012.4
2025-12-28T09:00,31.2,24,1011.5
2025-12-28T10:00,30.2,28,1011.0
2025-12-28T11:00,29.1,32,1011.0
2025-12-28T12:00,27.8,36,1010.8
2025-12-28T13:00,26.0,49,1011.1
2025-12-28T14:00,25.2,59,1011.7
2025-12-28T15:00,24.7,62,1012.3
2025-12-28T16:00,23.9,69,1012.6
2025-12-28T17:00,23.3,67,1012.8
2025-12-28T18:00,22.8,62,1012.5
2025-12-28T19:00,22.4,55,1012.3
2025-12-28T20:00,21.5,58,1012.0
2025-12-28T21:00,21.0,61,1011.6
2025-12-28T22:00,20.2,63,1011.6
2025-12-28T23:00,19.6,66,1011.6
2025-12-29T00:00,19.3,68,1011.9
2025-12-29T01:00,19.1,68,1012.6
2025-12-29T02:00,19.3,66,1013.5
2025-12-29T03:00,20.8,58,1014.2
2025-12-29T04:00,23.7,49,1014.7
2025-12-29T05:00,27.3,35,1014.9
2025-12-29T06:00,29.4,29,1014.5
2025-12-29T07:00,30.9,22,1013.2
2025-12-29T08:00,31.2,21,1012.1
2025-12-29T09:00,31.1,22,1011.0
2025-12-29T10:00,30.4,25,1010.8
2025-12-29T11:00,29.4,27,1010.6
2025-12-29T12:00,27.9,35,1010.6
2025-12-29T13:00,26.1,49,1011.2
2025-12-29T14:00,25.5,55,1012.1
2025-12-29T15:00,24.6,65,1012.8
2025-12-29T16:00,23.8,72,1013.5
2025-12-29T17:00,23.0,70,1014.1
2025-12-29T18:00,22.5,65,1013.7
2025-12-29T19:00,21.6,65,1013.2
2025-12-29T20:00,20.9,68,1012.8
2025-12-29T21:00,20.4,69,1012.5
2025-12-29T22:00,19.8,71,1012.0
2025-12-29T23:00,19.2,74,1011.8
2025-12-30T00:00,19.0,75,1011.6
2025-12-30T01:00,18.6,76,1012.1
2025-12-30T02:00,18.6,75,1012.6
2025-12-30T03:00,20.3,66,1013.4
2025-12-30T04:00,23.0,54,1014.1
2025-12-30T05:00,26.1,43,1014.1
2025-12-30T06:00,28.0,36,1013.3
2025-12-30T07:00,29.4,32,1012.6
2025-12-30T08:00,29.4,34,1011.5
2025-12-30T09:00,28.7,40,1010.7
2025-12-30T10:00,27.9,46,1010.5
2025-12-30T11:00,26.9,55,1010.4
2025-12-30T12:00,26.0,60,1010.2
2025-12-30T13:00,24.9,70,1010.7
2025-12-30T14:00,24.5,73,1011.5
2025-12-30T15:00,24.0,77,1012.2
2025-12-30T16:00,23.4,79,1012.7
2025-12-30T17:00,22.7,82,1012.7
2025-12-30T18:00,22.2,86,1012.6
2025-12-30T19:00,21.4,88,1012.2
2025-12-30T20:00,20.6,91,1012.0
2025-12-30T21:00,20.0,92,1011.4
2025-12-30T22:00,19.7,92,1011.3
2025-12-30T23:00,19.4,92,1011.1
2025-12-31T00:00,19.0,92,1011.1
2025-12-31T01:00,18.6,93,1011.6
2025-12-31T02:00,18.1,95,1012.0
2025-12-31T03:00,19.0,90,1012.7
2025-12-31T04:00,21.3,79,1013.4
2025-12-31T05:00,24.8,58,1013.2
2025-12-31T06:00,26.0,49,1012.6
2025-12-31T07:00,28.0,41,1011.3
2025-12-31T08:00,28.8,38,1009.8
2025-12-31T09:00,28.2,46,1008.9
2025-12-31T10:00,27.0,51,1008.6
2025-12-31T11:00,26.2,55,1008.7
2025-12-31T12:00,25.7,58,1008.6
2025-12-31T13:00,24.9,67,1009.3
2025-12-31T14:00,24.8,68,1010.1
2025-12-31T15:00,24.7,69,1010.8
2025-12-31T16:00,24.3,73,1011.0
2025-12-31T17:00,24.1,74,1011.2
2025-12-31T18:00,23.3,79,1011.4
2025-12-31T19:00,22.9,80,1011.1
2025-12-31T20:00,21.7,85,1011.5
2025-12-31T21:00,20.9,90,1010.6
2025-12-31T22:00,20.5,91,1010.4
2025-12-31T23:00,20.5,88,1010.4
2026-01-01T00:00,20.5,86,1010.8
2026-01-01T01:00,20.4,88,1011.3
2026-01-01T02:00,20.1,90,1011.7
2026-01-01T03:00,21.3,84,1012.6
2026-01-01T04:00,23.1,75,1013.4
2026-01-01T05:00,24.8,67,1013.5
2026-01-01T06:00,26.4,59,1012.7
2026-01-01T07:00,28.0,51,1011.5
2026-01-01T08:00,28.0,52,1010.5
2026-01-01T09:00,27.4,56,1009.9
2026-01-01T10:00,26.9,57,1009.3
2026-01-01T11:00,26.2,62,1009.3
2026-01-01T12:00,25.4,67,1009.2
2026-01-01T13:00,24.2,75,1009.8
2026-01-01T14:00,23.9,79,1011.0
2026-01-01T15:00,23.5,80,1012.1
2026-01-01T16:00,23.1,84,1012.7
2026-01-01T17:00,22.6,85,1013.0
2026-01-01T18:00,22.1,87,1012.9
2026-01-01T19:00,21.7,87,1012.3
2026-01-01T20:00,21.4,87,1011.9
2026-01-01T21:00,21.2,87,1011.6
2026-01-01T22:00,21.0,87,1011.7
2026-01-01T23:00,20.7,88,1011.7
2026-01-02T00:00,20.5,91,1011.5
2026-01-02T01:00,20.2,93,1012.3
2026-01-02T02:00,20.3,92,1013.1
2026-01-02T03:00,21.2,87,1014.0
2026-01-02T04:00,23.4,74,1014.9
2026-01-02T05:00,25.8,61,1014.7
2026-01-02T06:00,27.4,56,1014.1
2026-01-02T07:00,28.4,53,1013.2
2026-01-02T08:00,28.5,56,1012.5
2026-01-02T09:00,28.0,62,1011.7
2026-01-02T10:00,27.3,63,1011.6
2026-01-02T11:00,26.7,62,1011.8
2026-01-02T12:00,26.3,64,1011.7
2026-01-02T13:00,24.9,74,1012.1
2026-01-02T14:00,24.3,77,1012.7
2026-01-02T15:00,24.0,78,1013.3
2026-01-02T16:00,23.5,78,1013.9
2026-01-02T17:00,23.0,74,1013.9
2026-01-02T18:00,22.6,76,1013.6
2026-01-02T19:00,22.0,79,1013.1
2026-01-02T20:00,21.7,80,1012.9
2026-01-02T21:00,21.3,81,1012.4
2026-01-02T22:00,21.0,82,1012.1
2026-01-02T23:00,20.5,84,1012.2
2026-01-03T00:00,20.6,80,1012.2
2026-01-03T01:00,20.4,80,1012.7
2026-01-03T02:00,20.2,79,1013.3
2026-01-03T03:00,21.4,72,1014.1
2026-01-03T04:00,23.9,61,1014.8
2026-01-03T05:00,26.6,51,1014.5
2026-01-03T06:00,28.4,46,1014.3
2026-01-03T07:00,30.1,40,1013.5
2026-01-03T08:00,30.3,43,1012.2
2026-01-03T09:00,29.7,49,1011.3
2026-01-03T10:00,29.1,52,1011.0
2026-01-03T11:00,28.3,53,1011.2
2026-01-03T12:00,27.0,58,1011.0
2026-01-03T13:00,25.7,66,1011.4
2026-01-03T14:00,25.0,72,1012.4
2026-01-03T15:00,24.6,72,1013.2
2026-01-03T16:00,24.3,69,1013.9
2026-01-03T17:00,23.8,70,1014.2
2026-01-03T18:00,23.6,72,1013.9
2026-01-03T19:00,23.1,74,1013.6
2026-01-03T20:00,22.7,77,1013.4
2026-01-03T21:00,22.5,78,1012.7
2026-01-03T22:00,22.5,78,1012.5
2026-01-03T23:00,22.3,77,1012.6
2026-01-04T00:00,21.9,77,1012.4
2026-01-04T01:00,21.7,77,1013.1
2026-01-04T02:00,21.4,77,1013.8
2026-01-04T03:00,22.6,71,1014.7
2026-01-04T04:00,24.8,61,1015.4
2026-01-04T05:00,27.3,52,1015.5
2026-01-04T06:00,28.7,50,1015.1
2026-01-04T07:00,30.0,47,1014.1
2026-01-04T08:00,30.4,47,1013.0
2026-01-04T09:00,30.0,53,1012.3
2026-01-04T10:00,29.5,56,1012.1
2026-01-04T11:00,29.0,57,1011.9
2026-01-04T12:00,27.7,66,1011.7
2026-01-04T13:00,26.3,71,1012.2
2026-01-04T14:00,25.9,72,1013.1
2026-01-04T15:00,25.8,68,1013.8
2026-01-04T16:00,25.5,65,1014.4
2026-01-04T17:00,24.9,66,1014.5
2026-01-04T18:00,24.5,66,1014.3
2026-01-04T19:00,23.7,72,1014.1
2026-01-04T20:00,23.2,73,1014.1
2026-01-04T21:00,22.7,74,1013.7
2026-01-04T22:00,22.4,73,1013.4
2026-01-04T23:00,22.0,73,1013.3
2026-01-05T00:00,22.1,71,1013.6
2026-01-05T01:00,22.0,71,1014.3
2026-01-05T02:00,21.9,71,1015.0
2026-01-05T03:00,23.2,66,1015.8
2026-01-05T04:00,25.6,57,1016.2
2026-01-05T05:00,28.5,47,1016.4
2026-01-05T06:00,29.8,41,1015.9
2026-01-05T07:00,31.4,35,1015.0
2026-01-05T08:00,31.7,34,1013.9
2026-01-05T09:00,31.5,36,1013.2
2026-01-05T10:00,30.5,39,1012.8
2026-01-05T11:00,29.4,42,1012.6
2026-01-05T12:00,28.1,47,1012.8
2026-01-05T13:00,26.5,57,1013.0
2026-01-05T14:00,25.9,64,1013.9
2026-01-05T15:00,25.4,69,1014.8
2026-01-05T16:00,25.0,72,1015.1
2026-01-05T17:00,24.4,73,1015.0
2026-01-05T18:00,23.7,78,1015.3
2026-01-05T19:00,23.4,76,1015.1
2026-01-05T20:00,22.9,78,1014.7
2026-01-05T21:00,22.4,81,1014.2
2026-01-05T22:00,22.2,82,1013.8
2026-01-05T23:00,21.6,84,1013.6
2026-01-06T00:00,21.6,84,1013.7
2026-01-06T01:00,21.6,80,1014.3
2026-01-06T02:00,21.7,75,1015.0
2026-01-06T03:00,23.2,66,1015.9
2026-01-06T04:00,25.9,54,1016.7
2026-01-06T05:00,28.7,38,1016.9
2026-01-06T06:00,30.3,30,1016.4
2026-01-06T07:00,31.2,27,1015.5
2026-01-06T08:00,31.4,26,1014.2
2026-01-06T09:00,31.3,28,1013.5
2026-01-06T10:00,30.5,31,1013.1
2026-01-06T11:00,29.1,38,1013.4
2026-01-06T12:00,27.8,43,1013.7
2026-01-06T13:00,26.2,56,1014.2
2026-01-06T14:00,25.2,70,1015.0
2026-01-06T15:00,24.8,72,1015.5
2026-01-06T16:00,24.2,74,1016.2
2026-01-06T17:00,23.5,73,1016.3
2026-01-06T18:00,23.0,75,1016.2
2026-01-06T19:00,22.4,77,1015.8
2026-01-06T20:00,21.7,81,1015.6
2026-01-06T21:00,21.6,80,1015.1
2026-01-06T22:00,21.2,80,1014.4
2026-01-06T23:00,20.6,82,1014.6
2026-01-07T00:00,20.3,84,1014.6
2026-01-07T01:00,20.0,85,1015.0
2026-01-07T02:00,19.6,86,1015.8
2026-01-07T03:00,20.8,80,1016.5
2026-01-07T04:00,23.5,68,1017.3
2026-01-07T05:00,27.1,48,1017.0
2026-01-07T06:00,29.1,32,1016.6
2026-01-07T07:00,30.6,26,1015.8
2026-01-07T08:00,31.1,25,1014.6
2026-01-07T09:00,31.0,27,1013.6
2026-01-07T10:00,29.8,38,1013.1
2026-01-07T11:00,28.6,39,1012.9
2026-01-07T12:00,27.3,42,1013.1
2026-01-07T13:00,25.6,57,1013.5
2026-01-07T14:00,25.0,61,1014.3
2026-01-07T15:00,24.7,55,1015.0
2026-01-07T16:00,24.1,53,1015.6
2026-01-07T17:00,23.6,51,1015.6
2026-01-07T18:00,23.2,56,1015.3
2026-01-07T19:00,22.0,65,1015.3
2026-01-07T20:00,21.4,70,1014.9
2026-01-07T21:00,20.8,74,1014.4
2026-01-07T22:00,20.5,76,1014.1
2026-01-07T23:00,19.9,76,1014.2
2026-01-08T00:00,19.1,79,1014.4
2026-01-08T01:00,19.1,73,1015.2
2026-01-08T02:00,19.0,65,1015.5
2026-01-08T03:00,20.3,55,1016.4
2026-01-08T04:00,23.3,45,1017.1
2026-01-08T05:00,26.9,32,1017.1
2026-01-08T06:00,28.8,25,1017.3
2026-01-08T07:00,30.0,22,1016.3
2026-01-08T08:00,30.5,21,1015.3
2026-01-08T09:00,30.3,23,1014.2
2026-01-08T10:00,29.2,27,1013.8
2026-01-08T11:00,28.0,33,1013.6
2026-01-08T12:00,26.7,45,1013.6
2026-01-08T13:00,25.2,59,1014.1
2026-01-08T14:00,24.5,64,1014.7
2026-01-08T15:00,24.0,61,1015.6
2026-01-08T16:00,23.4,55,1016.0
2026-01-08T17:00,22.9,54,1016.1
2026-01-08T18:00,22.6,54,1015.9
2026-01-08T19:00,21.6,55,1015.5
2026-01-08T20:00,20.7,58,1015.2
2026-01-08T21:00,20.1,60,1014.5
2026-01-08T22:00,19.7,60,1014.2
2026-01-08T23:00,19.3,60,1014.1
2026-01-09T00:00,19.0,61,1014.1
2026-01-09T01:00,18.4,62,1014.7
2026-01-09T02:00,17.9,62,1015.2
2026-01-09T03:00,19.2,54,1016.2
2026-01-09T04:00,22.0,42,1016.9
2026-01-09T05:00,25.9,30,1017.0
2026-01-09T06:00,28.3,25,1016.5
2026-01-09T07:00,30.5,20,1015.6
2026-01-09T08:00,31.4,16,1014.4
2026-01-09T09:00,31.2,18,1013.3
2026-01-09T10:00,29.5,35,1012.9
2026-01-09T11:00,28.3,43,1012.4
2026-01-09T12:00,26.5,53,1012.5
2026-01-09T13:00,24.6,65,1013.3
2026-01-09T14:00,24.2,60,1014.0
2026-01-09T15:00,23.7,58,1014.6
2026-01-09T16:00,23.7,48,1015.0
2026-01-09T17:00,23.4,49,1015.1
2026-01-09T18:00,22.7,55,1015.0
2026-01-09T19:00,21.9,59,1014.5
2026-01-09T20:00,21.1,62,1014.4
2026-01-09T21:00,20.3,65,1013.9
2026-01-09T22:00,19.8,66,1013.5
2026-01-09T23:00,19.3,67,1013.6
2026-01-10T00:00,19.3,66,1013.5
2026-01-10T01:00,19.1,60,1014.0
2026-01-10T02:00,19.0,56,1014.4
2026-01-10T03:00,20.3,49,1015.3
2026-01-10T04:00,22.9,41,1016.2
2026-01-10T05:00,26.0,32,1016.2
2026-01-10T06:00,27.7,30,1015.9
2026-01-10T07:00,29.6,26,1014.7
2026-01-10T08:00,30.2,26,1013.7
2026-01-10T09:00,28.8,38,1012.8
2026-01-10T10:00,27.7,42,1012.3
2026-01-10T11:00,27.0,43,1012.3
2026-01-10T12:00,26.0,49,1012.5
2026-01-10T13:00,25.0,53,1012.8
2026-01-10T14:00,24.2,57,1013.9
2026-01-10T15:00,23.3,61,1014.7
2026-01-10T16:00,22.8,58,1015.5
2026-01-10T17:00,22.5,56,1015.7
2026-01-10T18:00,22.3,58,1015.3
2026-01-10T19:00,22.0,57,1014.9
2026-01-10T20:00,21.7,55,1014.8
2026-01-10T21:00,21.2,56,1014.2
2026-01-10T22:00,20.6,57,1013.9
2026-01-10T23:00,19.8,60,1014.0
2026-01-11T00:00,19.7,60,1013.9
2026-01-11T01:00,19.1,62,1014.6
2026-01-11T02:00,18.8,62,1015.2
2026-01-11T03:00,20.0,56,1016.0
2026-01-11T04:00,22.9,44,1016.8
2026-01-11T05:00,26.1,34,1017.0
2026-01-11T06:00,28.5,28,1016.5
2026-01-11T07:00,30.3,24,1015.6
2026-01-11T08:00,31.4,21,1014.3
2026-01-11T09:00,31.6,21,1013.1
2026-01-11T10:00,30.2,35,1012.7
2026-01-11T11:00,28.9,45,1012.3
2026-01-11T12:00,27.2,55,1012.7
2026-01-11T13:00,25.4,60,1013.4
2026-01-11T14:00,24.6,63,1014.0
2026-01-11T15:00,24.2,66,1014.7
2026-01-11T16:00,23.9,61,1015.0
2026-01-11T17:00,23.5,59,1014.8
2026-01-11T18:00,22.8,60,1015.1
2026-01-11T19:00,21.8,64,1014.6
2026-01-11T20:00,21.6,63,1014.2
2026-01-11T21:00,21.3,57,1013.9
2026-01-11T22:00,21.2,50,1013.6
2026-01-11T23:00,20.8,47,1013.5
2026-01-12T00:00,21.0,45,1013.4
2026-01-12T01:00,20.6,45,1014.0
2026-01-12T02:00,20.1,47,1014.6
2026-01-12T03:00,21.3,44,1015.7
2026-01-12T04:00,23.8,39,1016.2
2026-01-12T05:00,27.1,32,1016.4
2026-01-12T06:00,29.6,28,1016.2
2026-01-12T07:00,31.5,26,1015.3
2026-01-12T08:00,32.2,25,1014.3
2026-01-12T09:00,32.0,25,1013.4
2026-01-12T10:00,31.1,27,1013.1
2026-01-12T11:00,30.4,30,1012.9
2026-01-12T12:00,28.4,40,1013.5
2026-01-12T13:00,26.5,56,1014.3
2026-01-12T14:00,25.9,56,1015.0
2026-01-12T15:00,25.5,58,1016.1
2026-01-12T16:00,25.1,57,1016.7
2026-01-12T17:00,25.1,50,1017.0
2026-01-12T18:00,24.5,50,1016.4
2026-01-12T19:00,23.9,53,1015.8
2026-01-12T20:00,23.6,52,1015.6
2026-01-12T21:00,23.2,54,1014.8
2026-01-12T22:00,22.9,55,1014.5
2026-01-12T23:00,22.5,56,1014.6
2026-01-13T00:00,22.7,54,1014.3
2026-01-13T01:00,22.4,56,1014.9
2026-01-13T02:00,22.0,58,1015.5
2026-01-13T03:00,23.1,54,1016.2
2026-01-13T04:00,26.0,46,1016.8
2026-01-13T05:00,29.1,38,1016.8
2026-01-13T06:00,30.4,37,1016.6
2026-01-13T07:00,31.3,37,1015.9
2026-01-13T08:00,31.4,36,1014.7
2026-01-13T09:00,31.1,37,1013.8
2026-01-13T10:00,30.5,40,1013.3
2026-01-13T11:00,29.7,41,1013.2
2026-01-13T12:00,29.4,43,1013.1
2026-01-13T13:00,28.3,46,1013.6
2026-01-13T14:00,27.6,50,1014.4
2026-01-13T15:00,26.7,55,1015.1
2026-01-13T16:00,25.9,61,1015.2
2026-01-13T17:00,25.5,62,1015.2
2026-01-13T18:00,25.4,59,1014.8
2026-01-13T19:00,24.9,61,1014.2
2026-01-13T20:00,24.5,62,1013.9
2026-01-13T21:00,24.0,65,1013.4
2026-01-13T22:00,23.4,69,1013.2
2026-01-13T23:00,23.1,72,1013.0
2026-01-14T00:00,23.1,71,1013.1
2026-01-14T01:00,22.8,75,1013.8
2026-01-14T02:00,22.3,76,1014.7
2026-01-14T03:00,23.1,72,1015.4
2026-01-14T04:00,25.3,61,1016.2
2026-01-14T05:00,27.7,53,1016.0
2026-01-14T06:00,29.7,46,1015.5
2026-01-14T07:00,31.0,41,1014.4
2026-01-14T08:00,31.1,40,1013.0
2026-01-14T09:00,30.4,44,1012.2
2026-01-14T10:00,29.9,46,1011.8
2026-01-14T11:00,29.3,47,1011.7
2026-01-14T12:00,27.9,51,1011.5
2026-01-14T13:00,26.0,61,1012.2
2026-01-14T14:00,25.3,62,1013.0
2026-01-14T15:00,24.9,57,1013.8
2026-01-14T16:00,24.4,54,1014.3
2026-01-14T17:00,24.0,50,1014.6
2026-01-14T18:00,23.3,50,1014.7
2026-01-14T19:00,22.7,50,1014.2
2026-01-14T20:00,22.2,52,1013.8
2026-01-14T21:00,21.5,56,1013.1
2026-01-14T22:00,21.0,58,1012.7
2026-01-14T23:00,21.0,56,1012.5
2026-01-15T00:00,20.3,60,1012.4
2026-01-15T01:00,19.4,63,1013.0
2026-01-15T02:00,18.9,65,1013.5
2026-01-15T03:00,20.7,56,1014.3
2026-01-15T04:00,23.5,46,1014.8
2026-01-15T05:00,26.3,37,1015.1
2026-01-15T06:00,28.1,34,1014.9
2026-01-15T07:00,29.6,33,1014.0
2026-01-15T08:00,29.8,36,1012.7
2026-01-15T09:00,29.5,39,1011.6
2026-01-15T10:00,28.9,40,1011.1
2026-01-15T11:00,28.0,41,1010.8
2026-01-15T12:00,26.9,49,1010.9
2026-01-15T13:00,24.9,62,1011.4
2026-01-15T14:00,24.1,69,1012.0
2026-01-15T15:00,23.8,65,1012.7
2026-01-15T16:00,23.1,68,1013.3
2026-01-15T17:00,22.5,65,1013.3
2026-01-15T18:00,21.9,70,1013.3
2026-01-15T19:00,21.2,73,1012.8
2026-01-15T20:00,21.2,74,1012.3
2026-01-15T21:00,21.0,76,1011.9
2026-01-15T22:00,20.8,77,1011.7
2026-01-15T23:00,20.7,79,1012.0
2026-01-16T00:00,20.4,77,1012.1
2026-01-16T01:00,19.8,83,1012.4
2026-01-16T02:00,19.0,82,1013.1
2026-01-16T03:00,20.5,72,1014.0
2026-01-16T04:00,23.2,60,1014.6
2026-01-16T05:00,26.5,48,1014.7
2026-01-16T06:00,28.6,42,1014.0
2026-01-16T07:00,30.1,39,1013.3
2026-01-16T08:00,30.1,41,1012.0
2026-01-16T09:00,29.5,46,1011.2
2026-01-16T10:00,28.5,51,1011.0
2026-01-16T11:00,27.4,56,1010.9
2026-01-16T12:00,26.3,65,1011.0
2026-01-16T13:00,24.8,77,1011.4
2026-01-16T14:00,24.2,83,1012.0
2026-01-16T15:00,23.7,84,1012.7
2026-01-16T16:00,23.4,84,1013.3
2026-01-16T17:00,22.8,85,1013.4
2026-01-16T18:00,22.3,85,1013.2
2026-01-16T19:00,21.7,85,1012.8
2026-01-16T20:00,21.0,88,1012.3
2026-01-16T21:00,20.4,89,1011.7
2026-01-16T22:00,19.9,91,1011.4
2026-01-16T23:00,19.7,90,1011.3
2026-01-17T00:00,19.8,92,1011.5
2026-01-17T01:00,19.4,95,1012.1
2026-01-17T02:00,18.9,98,1012.9
2026-01-17T03:00,19.7,93,1013.8
2026-01-17T04:00,22.0,82,1014.7
2026-01-17T05:00,25.1,65,1014.9
2026-01-17T06:00,27.7,51,1014.3
2026-01-17T07:00,29.2,43,1013.4
2026-01-17T08:00,29.7,38,1012.1
2026-01-17T09:00,29.4,37,1011.2
2026-01-17T10:00,28.4,40,1010.8
2026-01-17T11:00,27.2,47,1010.7
2026-01-17T12:00,26.0,56,1010.4
2026-01-17T13:00,24.6,67,1010.6
2026-01-17T14:00,24.3,69,1011.2
2026-01-17T15:00,24.1,67,1011.6
2026-01-17T16:00,23.6,69,1011.8
2026-01-17T17:00,23.0,74,1011.8
2026-01-17T18:00,22.6,77,1012.1
2026-01-17T19:00,22.1,80,1011.8
2026-01-17T20:00,21.7,84,1011.5
2026-01-17T21:00,21.2,87,1010.7
2026-01-17T22:00,20.9,89,1010.3
2026-01-17T23:00,20.4,92,1010.2
2026-01-18T00:00,19.8,90,1010.1
2026-01-18T01:00,19.7,91,1010.7
2026-01-18T02:00,19.7,91,1011.5
2026-01-18T03:00,20.9,85,1012.5
2026-01-18T04:00,23.3,71,1013.1
2026-01-18T05:00,25.0,62,1013.2
2026-01-18T06:00,25.8,59,1012.8
2026-01-18T07:00,26.6,57,1012.3
2026-01-18T08:00,26.5,56,1011.4
2026-01-18T09:00,26.3,53,1010.6
2026-01-18T10:00,25.9,55,1010.1
2026-01-18T11:00,25.2,58,1010.2
2026-01-18T12:00,24.5,61,1010.3
2026-01-18T13:00,23.3,68,1010.8
2026-01-18T14:00,22.9,72,1011.2
2026-01-18T15:00,22.4,77,1011.9
2026-01-18T16:00,22.0,80,1012.4
2026-01-18T17:00,21.7,82,1012.6
2026-01-18T18:00,21.2,82,1012.6
2026-01-18T19:00,20.9,84,1012.4
2026-01-18T20:00,20.6,86,1012.1
2026-01-18T21:00,20.2,88,1011.6
2026-01-18T22:00,19.8,89,1011.4
2026-01-18T23:00,19.5,86,1011.8
2026-01-19T00:00,19.0,82,1012.1
2026-01-19T01:00,18.6,82,1012.7
2026-01-19T02:00,18.1,85,1013.2
2026-01-19T03:00,19.5,78,1013.9
2026-01-19T04:00,22.3,63,1014.7
2026-01-19T05:00,24.8,50,1014.7
2026-01-19T06:00,26.1,43,1014.3
2026-01-19T07:00,27.5,38,1013.5
2026-01-19T08:00,27.7,39,1012.2
2026-01-19T09:00,26.8,45,1011.4
2026-01-19T10:00,26.2,45,1011.2
2026-01-19T11:00,25.7,45,1011.1
2026-01-19T12:00,24.7,54,1011.2
2026-01-19T13:00,23.6,60,1011.6
2026-01-19T14:00,23.2,64,1012.2
2026-01-19T15:00,22.8,65,1012.8
2026-01-19T16:00,22.5,63,1013.0
2026-01-19T17:00,22.0,64,1013.2
2026-01-19T18:00,21.5,67,1012.9
2026-01-19T19:00,21.1,62,1012.5
2026-01-19T20:00,20.6,62,1012.1
2026-01-19T21:00,20.1,64,1011.7
2026-01-19T22:00,19.7,65,1011.4
2026-01-19T23:00,19.4,66,1011.5
2026-01-20T00:00,18.7,71,1011.6
2026-01-20T01:00,18.1,75,1012.1
2026-01-20T02:00,17.8,76,1012.6
2026-01-20T03:00,19.2,69,1013.6
2026-01-20T04:00,21.6,58,1014.3
2026-01-20T05:00,24.4,48,1014.5
2026-01-20T06:00,26.0,44,1013.6
2026-01-20T07:00,27.7,40,1013.0
2026-01-20T08:00,28.2,41,1011.6
2026-01-20T09:00,28.0,43,1010.7
2026-01-20T10:00,27.6,44,1010.1
2026-01-20T11:00,26.9,47,1010.0
2026-01-20T12:00,25.9,51,1009.9
2026-01-20T13:00,24.5,59,1010.5
2026-01-20T14:00,23.8,67,1011.0
2026-01-20T15:00,23.5,68,1012.1
2026-01-20T16:00,23.1,69,1012.6
2026-01-20T17:00,22.7,69,1012.7
2026-01-20T18:00,22.5,71,1012.4
2026-01-20T19:00,22.2,70,1012.1
2026-01-20T20:00,21.9,70,1011.8
2026-01-20T21:00,21.1,74,1011.2
2026-01-20T22:00,20.5,77,1011.0
2026-01-20T23:00,20.2,79,1010.9
2026-01-21T00:00,20.0,81,1011.0
2026-01-21T01:00,19.5,83,1011.7
2026-01-21T02:00,19.3,83,1012.5
2026-01-21T03:00,20.8,75,1013.3
2026-01-21T04:00,23.4,65,1014.3
2026-01-21T05:00,26.2,53,1014.6
2026-01-21T06:00,28.6,41,1014.1
2026-01-21T07:00,30.6,32,1013.4
2026-01-21T08:00,31.0,32,1012.2
2026-01-21T09:00,30.6,32,1011.2
2026-01-21T10:00,29.8,35,1010.7
2026-01-21T11:00,28.9,39,1010.4
2026-01-21T12:00,27.5,45,1010.9
2026-01-21T13:00,26.3,52,1011.6
2026-01-21T14:00,25.5,62,1012.1
2026-01-21T15:00,24.9,68,1012.9
2026-01-21T16:00,24.1,74,1013.5
2026-01-21T17:00,23.8,74,1013.7
2026-01-21T18:00,23.6,71,1013.7
2026-01-21T19:00,23.2,70,1013.5
2026-01-21T20:00,22.4,71,1013.1
2026-01-21T21:00,21.9,72,1012.6
2026-01-21T22:00,21.4,73,1012.8
2026-01-21T23:00,21.0,73,1012.5
2026-01-22T00:00,20.9,70,1012.2
2026-01-22T01:00,20.8,69,1012.9
2026-01-22T02:00,20.5,69,1013.1
2026-01-22T03:00,21.9,62,1013.7
2026-01-22T04:00,24.8,51,1014.4
2026-01-22T05:00,28.0,38,1014.5
2026-01-22T06:00,29.8,33,1014.3
2026-01-22T07:00,30.2,33,1013.7
2026-01-22T08:00,29.8,36,1012.9
2026-01-22T09:00,29.2,40,1012.1
2026-01-22T10:00,28.8,43,1011.6
2026-01-22T11:00,27.7,55,1011.4
2026-01-22T12:00,26.9,54,1011.4
2026-01-22T13:00,25.6,62,1011.5
2026-01-22T14:00,24.6,76,1012.1
2026-01-22T15:00,24.1,87,1013.2
2026-01-22T16:00,23.8,89,1014.0
2026-01-22T17:00,23.4,90,1014.3
2026-01-22T18:00,23.1,92,1014.7
2026-01-22T19:00,22.9,92,1014.6
2026-01-22T20:00,22.7,92,1014.4
2026-01-22T21:00,22.3,93,1013.8
2026-01-22T22:00,21.9,94,1013.4
2026-01-22T23:00,21.3,95,1013.3
2026-01-23T00:00,20.8,96,1013.3
2026-01-23T01:00,20.4,97,1013.9
2026-01-23T02:00,20.4,96,1014.7
2026-01-23T03:00,21.5,89,1015.4
2026-01-23T04:00,24.2,74,1016.4
2026-01-23T05:00,26.1,58,1016.3
2026-01-23T06:00,27.1,54,1015.8
2026-01-23T07:00,28.1,51,1015.0
2026-01-23T08:00,27.9,53,1013.8
2026-01-23T09:00,27.4,51,1012.9
2026-01-23T10:00,26.8,54,1012.8
2026-01-23T11:00,25.8,62,1012.7
2026-01-23T12:00,25.0,66,1012.8
2026-01-23T13:00,23.8,69,1013.5
2026-01-23T14:00,23.4,70,1014.4
2026-01-23T15:00,23.1,72,1015.6
2026-01-23T16:00,22.6,70,1016.1
2026-01-23T17:00,22.2,68,1016.2
2026-01-23T18:00,21.9,65,1016.3
2026-01-23T19:00,21.4,65,1016.2
2026-01-23T20:00,20.8,68,1015.8
2026-01-23T21:00,20.5,70,1015.2
2026-01-23T22:00,20.4,68,1014.9
2026-01-23T23:00,19.9,71,1015.1
2026-01-24T00:00,19.3,77,1015.0
2026-01-24T01:00,19.0,79,1015.6
2026-01-24T02:00,18.8,79,1016.2
2026-01-24T03:00,20.4,71,1017.1
2026-01-24T04:00,23.1,57,1017.7
2026-01-24T05:00,25.7,49,1017.8
2026-01-24T06:00,27.1,45,1017.1
2026-01-24T07:00,28.8,40,1016.2
2026-01-24T08:00,28.8,44,1015.2
2026-01-24T09:00,28.2,48,1014.2
2026-01-24T10:00,27.5,48,1013.7
2026-01-24T11:00,26.6,51,1013.3
2026-01-24T12:00,25.2,57,1013.3
2026-01-24T13:00,23.9,66,1014.0
2026-01-24T14:00,23.1,73,1014.9
2026-01-24T15:00,22.8,76,1015.8
2026-01-24T16:00,22.3,73,1016.3
2026-01-24T17:00,22.0,68,1016.2
2026-01-24T18:00,21.6,68,1015.8
2026-01-24T19:00,21.3,70,1015.1
2026-01-24T20:00,20.9,73,1014.6
2026-01-24T21:00,20.4,76,1013.6
2026-01-24T22:00,20.1,78,1013.1
2026-01-24T23:00,19.7,81,1012.8
2026-01-25T00:00,19.6,82,1013.0
2026-01-25T01:00,19.3,82,1013.4
2026-01-25T02:00,19.0,82,1014.1
2026-01-25T03:00,20.2,76,1015.2
2026-01-25T04:00,22.8,65,1015.6
2026-01-25T05:00,25.6,55,1015.8
2026-01-25T06:00,27.5,47,1015.4
2026-01-25T07:00,29.4,39,1014.5
2026-01-25T08:00,30.1,37,1013.2
2026-01-25T09:00,29.7,43,1012.3
2026-01-25T10:00,28.9,48,1011.9
2026-01-25T11:00,28.0,51,1011.9
2026-01-25T12:00,26.9,53,1011.9
2026-01-25T13:00,25.3,61,1012.3
2026-01-25T14:00,24.3,70,1013.0
2026-01-25T15:00,23.7,75,1013.7
2026-01-25T16:00,23.2,73,1014.2
2026-01-25T17:00,22.6,73,1014.4
2026-01-25T18:00,22.4,72,1014.3
2026-01-25T19:00,22.1,72,1014.0
2026-01-25T20:00,21.6,74,1013.2
2026-01-25T21:00,21.1,76,1012.6
2026-01-25T22:00,20.6,79,1012.5
2026-01-25T23:00,20.1,81,1012.3
2026-01-26T00:00,20.1,84,1012.3
2026-01-26T01:00,19.8,86,1013.0
2026-01-26T02:00,19.8,86,1013.6
2026-01-26T03:00,21.7,77,1014.5
2026-01-26T04:00,24.5,66,1015.2
2026-01-26T05:00,27.6,51,1015.4
2026-01-26T06:00,29.3,44,1015.0
2026-01-26T07:00,30.8,38,1014.4
2026-01-26T08:00,31.0,37,1013.2
2026-01-26T09:00,30.6,39,1012.6
2026-01-26T10:00,30.0,42,1012.6
2026-01-26T11:00,29.1,46,1012.5
2026-01-26T12:00,28.2,54,1012.5
2026-01-26T13:00,26.4,66,1013.3
2026-01-26T14:00,25.6,74,1013.9
2026-01-26T15:00,24.9,81,1014.8
2026-01-26T16:00,24.3,86,1015.1
2026-01-26T17:00,23.8,89,1015.3
2026-01-26T18:00,23.7,89,1015.3
2026-01-26T19:00,23.2,91,1015.1
2026-01-26T20:00,22.9,92,1015.1
2026-01-26T21:00,22.5,93,1014.6
2026-01-26T22:00,22.4,92,1014.4
2026-01-26T23:00,22.3,92,1014.2
2026-01-27T00:00,22.1,88,1014.6
2026-01-27T01:00,22.0,88,1015.4
2026-01-27T02:00,22.1,88,1016.0
2026-01-27T03:00,23.2,82,1016.7
2026-01-27T04:00,24.5,76,1017.8
2026-01-27T05:00,26.1,65,1018.0
2026-01-27T06:00,26.9,62,1017.8
2026-01-27T07:00,27.6,58,1017.0
2026-01-27T08:00,26.7,64,1016.0
2026-01-27T09:00,26.5,60,1015.0
2026-01-27T10:00,26.2,59,1014.7
2026-01-27T11:00,25.5,61,1014.6
2026-01-27T12:00,25.0,64,1014.4
2026-01-27T13:00,23.8,70,1015.1
2026-01-27T14:00,23.3,72,1015.5
2026-01-27T15:00,23.0,74,1016.6
2026-01-27T16:00,22.6,76,1017.0
2026-01-27T17:00,22.2,78,1017.0
2026-01-27T18:00,21.8,80,1017.0
2026-01-27T19:00,21.4,80,1016.7
2026-01-27T20:00,21.2,79,1016.2
2026-01-27T21:00,20.9,80,1015.9
2026-01-27T22:00,20.5,82,1015.5
2026-01-27T23:00,20.2,83,1015.3
2026-01-28T00:00,20.2,83,1015.1
2026-01-28T01:00,20.0,83,1015.8
2026-01-28T02:00,19.8,80,1016.3
2026-01-28T03:00,20.8,71,1017.2
2026-01-28T04:00,23.0,57,1017.8
2026-01-28T05:00,25.4,49,1017.7
2026-01-28T06:00,27.3,43,1016.7
2026-01-28T07:00,29.1,36,1015.6
2026-01-28T08:00,29.8,34,1014.3
2026-01-28T09:00,29.5,38,1013.5
2026-01-28T10:00,28.4,47,1013.1
2026-01-28T11:00,27.2,52,1012.8
2026-01-28T12:00,26.0,58,1012.5
2026-01-28T13:00,24.6,65,1012.9
2026-01-28T14:00,24.0,70,1013.2
2026-01-28T15:00,23.7,65,1014.0
2026-01-28T16:00,23.4,58,1014.5
2026-01-28T17:00,23.0,55,1014.5
2026-01-28T18:00,22.5,53,1014.1
2026-01-28T19:00,22.1,49,1013.8
2026-01-28T20:00,21.5,47,1013.2
2026-01-28T21:00,20.9,48,1012.6
2026-01-28T22:00,20.4,50,1012.0
2026-01-28T23:00,19.7,53,1011.8
2026-01-29T00:00,20.4,53,1011.7
2026-01-29T01:00,20.0,57,1012.4
2026-01-29T02:00,20.1,57,1013.0
2026-01-29T03:00,21.4,53,1014.1
2026-01-29T04:00,24.3,46,1014.8
2026-01-29T05:00,27.8,40,1015.0
2026-01-29T06:00,29.7,39,1014.4
2026-01-29T07:00,31.9,35,1013.4
2026-01-29T08:00,32.5,35,1012.1
2026-01-29T09:00,31.2,40,1011.4
2026-01-29T10:00,30.3,43,1011.2
2026-01-29T11:00,29.6,45,1011.2
2026-01-29T12:00,27.9,52,1011.5
2026-01-29T13:00,26.4,56,1012.3
2026-01-29T14:00,25.7,60,1012.7
2026-01-29T15:00,25.2,62,1013.7
2026-01-29T16:00,24.9,61,1014.3
2026-01-29T17:00,24.8,60,1014.6
2026-01-29T18:00,24.3,63,1014.4
2026-01-29T19:00,24.0,63,1013.7
2026-01-29T20:00,23.7,63,1013.2
2026-01-29T21:00,23.3,67,1012.6
2026-01-29T22:00,23.4,68,1011.8
2026-01-29T23:00,23.7,70,1011.8
2026-01-30T00:00,23.6,68,1012.1
2026-01-30T01:00,23.0,68,1012.7
2026-01-30T02:00,23.0,68,1013.3
2026-01-30T03:00,24.5,62,1014.2
2026-01-30T04:00,26.4,57,1014.9
2026-01-30T05:00,28.3,50,1015.3
2026-01-30T06:00,30.4,41,1014.9
2026-01-30T07:00,31.6,39,1014.1
2026-01-30T08:00,31.2,42,1013.1
2026-01-30T09:00,29.7,54,1012.2
2026-01-30T10:00,29.0,56,1012.1
2026-01-30T11:00,28.4,61,1011.9
2026-01-30T12:00,27.2,71,1012.2
2026-01-30T13:00,25.9,78,1012.8
2026-01-30T14:00,25.4,81,1013.2
2026-01-30T15:00,25.2,83,1014.2
2026-01-30T16:00,25.0,84,1014.9
2026-01-30T17:00,24.6,87,1015.0
2026-01-30T18:00,24.6,86,1014.9
2026-01-30T19:00,24.6,85,1014.5
2026-01-30T20:00,24.1,88,1014.0
2026-01-30T21:00,24.0,89,1013.5
2026-01-30T22:00,23.6,92,1013.2
2026-01-30T23:00,23.0,95,1013.1
2026-01-31T00:00,22.5,97,1013.2
2026-01-31T01:00,22.3,97,1013.8
2026-01-31T02:00,22.1,97,1014.3
2026-01-31T03:00,23.1,92,1015.0
2026-01-31T04:00,25.3,80,1016.0
2026-01-31T05:00,27.1,71,1016.3
2026-01-31T06:00,28.1,67,1016.1
2026-01-31T07:00,28.8,66,1015.1
2026-01-31T08:00,28.8,66,1014.0
2026-01-31T09:00,28.6,65,1013.1
2026-01-31T10:00,27.9,69,1012.5
2026-01-31T11:00,27.1,70,1012.3
2026-01-31T12:00,26.1,72,1012.6
2026-01-31T13:00,24.9,80,1013.2
2026-01-31T14:00,24.3,82,1013.6
2026-01-31T15:00,24.1,84,1014.4
2026-01-31T16:00,23.7,85,1014.9
2026-01-31T17:00,23.3,87,1015.1
2026-01-31T18:00,22.9,90,1015.0
2026-01-31T19:00,22.8,89,1014.8
2026-01-31T20:00,22.4,89,1014.2
2026-01-31T21:00,22.0,91,1013.7
2026-01-31T22:00,21.6,93,1013.4
2026-01-31T23:00,21.4,93,1013.1
2026-02-01T00:00,21.3,94,1013.4
2026-02-01T01:00,21.3,93,1014.0
2026-02-01T02:00,21.3,93,1014.5
2026-02-01T03:00,22.3,88,1015.5
2026-02-01T04:00,24.3,80,1016.2
2026-02-01T05:00,26.9,68,1016.3
2026-02-01T06:00,29.2,53,1015.9
2026-02-01T07:00,31.1,43,1015.0
2026-02-01T08:00,31.8,39,1013.5
2026-02-01T09:00,31.2,46,1012.8
2026-02-01T10:00,29.9,54,1012.4
2026-02-01T11:00,29.2,52,1012.2
2026-02-01T12:00,28.0,53,1012.3
2026-02-01T13:00,26.4,63,1012.6
2026-02-01T14:00,25.9,72,1013.1
2026-02-01T15:00,25.4,74,1014.1
2026-02-01T16:00,25.6,62,1014.7
2026-02-01T17:00,25.5,57,1015.0
2026-02-01T18:00,25.1,61,1015.1
2026-02-01T19:00,24.5,65,1014.7
2026-02-01T20:00,23.7,69,1014.3
2026-02-01T21:00,23.2,73,1013.9
2026-02-01T22:00,22.8,74,1013.6
2026-02-01T23:00,22.4,74,1013.2
2026-02-02T00:00,22.1,72,1013.3
2026-02-02T01:00,21.6,73,1014.0
2026-02-02T02:00,21.5,73,1014.5
2026-02-02T03:00,23.1,65,1015.3
2026-02-02T04:00,25.9,53,1015.9
2026-02-02T05:00,29.1,40,1016.1
2026-02-02T06:00,30.9,33,1015.5
2026-02-02T07:00,32.9,25,1014.4
2026-02-02T08:00,33.2,24,1012.9
2026-02-02T09:00,32.1,35,1012.1
2026-02-02T10:00,31.4,37,1011.7
2026-02-02T11:00,30.9,37,1011.4
2026-02-02T12:00,29.0,43,1011.5
2026-02-02T13:00,27.1,47,1011.9
2026-02-02T14:00,26.1,62,1012.5
2026-02-02T15:00,25.7,62,1013.6
2026-02-02T16:00,25.5,57,1014.1
2026-02-02T17:00,24.9,60,1014.1
2026-02-02T18:00,24.6,61,1014.2
2026-02-02T19:00,24.3,58,1014.1
2026-02-02T20:00,23.9,55,1013.8
2026-02-02T21:00,23.2,57,1013.2
2026-02-02T22:00,22.6,58,1012.8
2026-02-02T23:00,22.2,59,1012.6
2026-02-03T00:00,22.0,62,1012.8
2026-02-03T01:00,21.7,62,1013.5
2026-02-03T02:00,21.7,62,1014.2
2026-02-03T03:00,23.2,58,1014.8
2026-02-03T04:00,26.0,49,1015.6
2026-02-03T05:00,28.7,40,1015.8
2026-02-03T06:00,30.3,36,1015.4
2026-02-03T07:00,32.3,30,1014.2
2026-02-03T08:00,32.1,33,1013.3
2026-02-03T09:00,31.5,36,1012.4
2026-02-03T10:00,30.9,38,1011.9
2026-02-03T11:00,30.3,37,1011.8
2026-02-03T12:00,28.8,42,1011.8
2026-02-03T13:00,27.1,52,1012.2
2026-02-03T14:00,26.1,60,1012.8
2026-02-03T15:00,25.3,69,1013.7
2026-02-03T16:00,25.0,64,1014.7
2026-02-03T17:00,24.8,58,1014.6
2026-02-03T18:00,24.4,57,1014.5
2026-02-03T19:00,24.0,57,1014.1
2026-02-03T20:00,23.7,57,1013.7
2026-02-03T21:00,23.1,60,1013.2
2026-02-03T22:00,22.4,64,1012.7
2026-02-03T23:00,21.9,64,1012.8
2026-02-04T00:00,22.2,65,1012.8
2026-02-04T01:00,22.1,64,1013.5
2026-02-04T02:00,21.9,63,1014.2
2026-02-04T03:00,23.3,56,1015.0
2026-02-04T04:00,26.1,49,1015.8
2026-02-04T05:00,29.7,38,1016.1
2026-02-04T06:00,31.5,34,1015.5
2026-02-04T07:00,33.2,28,1014.3
2026-02-04T08:00,33.8,25,1013.3
2026-02-04T09:00,33.2,28,1012.4
2026-02-04T10:00,32.3,34,1012.0
2026-02-04T11:00,31.5,37,1011.9
2026-02-04T12:00,30.0,43,1011.8
2026-02-04T13:00,28.0,54,1012.6
2026-02-04T14:00,26.8,61,1013.4
2026-02-04T15:00,26.6,59,1014.1
2026-02-04T16:00,26.0,57,1014.5
2026-02-04T17:00,25.4,57,1014.5
2026-02-04T18:00,25.5,54,1014.7
2026-02-04T19:00,25.4,59,1014.2
2026-02-04T20:00,24.9,59,1013.7
2026-02-04T21:00,24.2,57,1013.0
2026-02-04T22:00,23.5,62,1013.0
2026-02-04T23:00,23.2,60,1012.9
2026-02-05T00:00,22.8,61,1013.0
2026-02-05T01:00,22.6,62,1013.9
2026-02-05T02:00,22.6,60,1014.6
2026-02-05T03:00,24.0,53,1015.4
2026-02-05T04:00,26.9,45,1016.1
2026-02-05T05:00,30.2,34,1016.5
2026-02-05T06:00,31.9,29,1016.1
2026-02-05T07:00,33.5,24,1015.0
2026-02-05T08:00,33.9,23,1014.2
2026-02-05T09:00,33.6,25,1013.4
2026-02-05T10:00,32.4,29,1013.1
2026-02-05T11:00,31.5,32,1013.0
2026-02-05T12:00,30.2,35,1013.4
2026-02-05T13:00,28.3,47,1014.0
2026-02-05T14:00,27.1,58,1014.8
2026-02-05T15:00,26.6,61,1015.7
2026-02-05T16:00,26.1,61,1016.3
2026-02-05T17:00,25.5,58,1016.4
2026-02-05T18:00,25.3,56,1016.7
2026-02-05T19:00,24.9,57,1016.3
2026-02-05T20:00,24.0,62,1016.2
2026-02-05T21:00,23.6,63,1015.2
2026-02-05T22:00,23.1,64,1014.7
2026-02-05T23:00,22.5,64,1014.5
2026-02-06T00:00,22.4,67,1014.6
2026-02-06T01:00,22.4,64,1014.9
2026-02-06T02:00,22.2,63,1015.6
2026-02-06T03:00,23.6,58,1016.2
2026-02-06T04:00,26.5,49,1016.7
2026-02-06T05:00,30.0,36,1017.1
2026-02-06T06:00,32.4,25,1016.7
2026-02-06T07:00,33.6,21,1015.6
2026-02-06T08:00,33.6,21,1014.7
2026-02-06T09:00,33.7,23,1013.3
2026-02-06T10:00,32.5,32,1012.8
2026-02-06T11:00,30.8,40,1012.7
2026-02-06T12:00,29.9,41,1012.6
2026-02-06T13:00,27.8,48,1013.1
2026-02-06T14:00,27.2,52,1013.5
2026-02-06T15:00,27.5,40,1014.4
2026-02-06T16:00,26.9,44,1015.4
2026-02-06T17:00,26.5,44,1015.6
2026-02-06T18:00,26.2,45,1015.3
2026-02-06T19:00,25.7,45,1015.3
2026-02-06T20:00,24.7,47,1015.1
2026-02-06T21:00,24.3,48,1014.6
2026-02-06T22:00,23.7,49,1014.3
2026-02-06T23:00,23.0,52,1014.1
2026-02-07T00:00,22.5,58,1014.3
2026-02-07T01:00,21.9,59,1014.8
2026-02-07T02:00,21.7,58,1015.3
2026-02-07T03:00,23.1,53,1015.8
2026-02-07T04:00,25.8,44,1016.4
2026-02-07T05:00,29.3,35,1016.5
2026-02-07T06:00,31.3,28,1015.5
2026-02-07T07:00,33.2,23,1014.7
2026-02-07T08:00,33.3,24,1013.3
2026-02-07T09:00,32.6,29,1012.2
2026-02-07T10:00,31.9,30,1011.7
2026-02-07T11:00,30.9,33,1011.4
2026-02-07T12:00,29.3,39,1011.3
2026-02-07T13:00,27.6,47,1011.5
2026-02-07T14:00,26.5,54,1011.8
2026-02-07T15:00,26.2,54,1012.8
2026-02-07T16:00,26.2,47,1013.1
2026-02-07T17:00,26.1,41,1013.5
2026-02-07T18:00,25.8,40,1013.5
2026-02-07T19:00,25.7,41,1013.0
2026-02-07T20:00,24.9,45,1012.9
2026-02-07T21:00,23.7,51,1012.8
2026-02-07T22:00,23.1,52,1012.5
2026-02-07T23:00,23.0,51,1012.2
2026-02-08T00:00,22.5,54,1012.3
2026-02-08T01:00,22.1,55,1013.0
2026-02-08T02:00,21.9,56,1013.7
2026-02-08T03:00,23.4,52,1014.2
2026-02-08T04:00,26.7,42,1014.8
2026-02-08T05:00,30.3,31,1014.7
2026-02-08T06:00,32.6,24,1013.8
2026-02-08T07:00,33.5,22,1012.8
2026-02-08T08:00,33.5,24,1011.9
2026-02-08T09:00,33.0,25,1010.9
2026-02-08T10:00,32.4,29,1010.2
2026-02-08T11:00,31.3,34,1009.9
2026-02-08T12:00,30.5,37,1009.6
2026-02-08T13:00,28.4,48,1009.8
2026-02-08T14:00,26.9,57,1010.5
2026-02-08T15:00,26.4,61,1011.5
2026-02-08T16:00,26.3,51,1012.1
2026-02-08T17:00,25.7,49,1012.2
2026-02-08T18:00,25.4,50,1012.5
2026-02-08T19:00,24.4,53,1012.1
2026-02-08T20:00,24.2,54,1012.1
2026-02-08T21:00,23.5,57,1011.7
2026-02-08T22:00,23.2,55,1011.2
2026-02-08T23:00,22.2,60,1011.0
2026-02-09T00:00,22.1,65,1010.9
2026-02-09T01:00,21.9,64,1011.6
2026-02-09T02:00,21.6,65,1012.3
2026-02-09T03:00,23.8,57,1013.0
2026-02-09T04:00,27.3,42,1013.7
2026-02-09T05:00,29.7,36,1014.0
2026-02-09T06:00,30.5,39,1013.5
2026-02-09T07:00,31.1,39,1012.6
2026-02-09T08:00,31.1,42,1011.5
2026-02-09T09:00,31.1,40,1010.5
2026-02-09T10:00,30.6,39,1010.0
2026-02-09T11:00,29.7,41,1010.1
2026-02-09T12:00,28.1,51,1010.3
2026-02-09T13:00,26.2,64,1010.8
2026-02-09T14:00,25.3,73,1011.3
2026-02-09T15:00,25.0,70,1012.2
2026-02-09T16:00,24.7,67,1012.7
2026-02-09T17:00,24.2,67,1013.1
2026-02-09T18:00,23.8,68,1013.1
2026-02-09T19:00,23.3,66,1012.9
2026-02-09T20:00,22.7,65,1012.6
2026-02-09T21:00,22.8,62,1011.9
2026-02-09T22:00,22.9,64,1011.6
2026-02-09T23:00,22.6,69,1011.5
2026-02-10T00:00,22.5,66,1011.6
2026-02-10T01:00,21.9,67,1012.4
2026-02-10T02:00,21.8,67,1012.9
2026-02-10T03:00,23.4,60,1013.6
2026-02-10T04:00,25.9,51,1014.2
2026-02-10T05:00,28.2,42,1014.6
2026-02-10T06:00,29.7,39,1014.0
2026-02-10T07:00,30.5,42,1013.3
2026-02-10T08:00,30.3,49,1012.3
2026-02-10T09:00,30.0,48,1011.4
2026-02-10T10:00,30.0,40,1011.1
2026-02-10T11:00,29.4,41,1011.4
2026-02-10T12:00,28.0,47,1011.5
2026-02-10T13:00,26.2,60,1012.2
2026-02-10T14:00,25.3,71,1012.7
2026-02-10T15:00,25.4,60,1013.9
2026-02-10T16:00,25.1,52,1014.6
2026-02-10T17:00,24.9,47,1014.9
2026-02-10T18:00,24.6,49,1015.0
2026-02-10T19:00,24.4,48,1014.6
2026-02-10T20:00,24.3,48,1014.3
2026-02-10T21:00,23.8,51,1013.5
2026-02-10T22:00,23.3,54,1013.1
2026-02-10T23:00,22.9,56,1013.1
2026-02-11T00:00,22.3,61,1013.2
2026-02-11T01:00,22.1,62,1013.8
2026-02-11T02:00,22.0,61,1014.6
2026-02-11T03:00,23.4,55,1015.3
2026-02-11T04:00,26.2,45,1015.9
2026-02-11T05:00,29.4,37,1015.9
2026-02-11T06:00,31.4,32,1015.3
2026-02-11T07:00,33.5,26,1014.1
2026-02-11T08:00,33.9,27,1012.8
2026-02-11T09:00,32.6,38,1012.0
2026-02-11T10:00,31.4,40,1011.6
2026-02-11T11:00,30.6,39,1011.6
2026-02-11T12:00,29.4,48,1011.6
2026-02-11T13:00,27.6,60,1012.0
2026-02-11T14:00,26.4,66,1012.4
2026-02-11T15:00,26.0,65,1013.1
2026-02-11T16:00,26.2,55,1013.6
2026-02-11T17:00,25.7,55,1014.1
2026-02-11T18:00,25.2,60,1014.1
2026-02-11T19:00,24.8,57,1013.7
2026-02-11T20:00,24.5,58,1013.4
2026-02-11T21:00,24.0,61,1013.3
2026-02-11T22:00,23.3,64,1012.7
2026-02-11T23:00,22.6,67,1012.5
2026-02-12T00:00,22.3,69,1012.7
2026-02-12T01:00,22.2,69,1013.2
2026-02-12T02:00,22.0,70,1013.7
2026-02-12T03:00,23.8,63,1014.4
2026-02-12T04:00,27.0,51,1015.0
2026-02-12T05:00,30.4,34,1015.4
2026-02-12T06:00,31.9,28,1014.8
2026-02-12T07:00,32.7,28,1013.9
2026-02-12T08:00,32.7,28,1012.7
2026-02-12T09:00,32.0,32,1012.1
2026-02-12T10:00,31.1,36,1011.6
2026-02-12T11:00,30.2,41,1011.3
2026-02-12T12:00,28.7,48,1011.5
2026-02-12T13:00,27.5,56,1011.8
2026-02-12T14:00,26.7,62,1012.3
2026-02-12T15:00,26.3,62,1013.6
2026-02-12T16:00,25.9,61,1014.2
2026-02-12T17:00,25.5,61,1014.0
2026-02-12T18:00,25.3,61,1014.0
2026-02-12T19:00,24.6,64,1013.3
2026-02-12T20:00,24.1,64,1012.9
2026-02-12T21:00,23.5,65,1012.4
2026-02-12T22:00,23.0,66,1011.9
2026-02-12T23:00,22.6,66,1011.8
2026-02-13T00:00,22.5,65,1011.4
2026-02-13T01:00,22.0,66,1012.3
2026-02-13T02:00,21.9,65,1013.0
2026-02-13T03:00,24.1,56,1013.7
2026-02-13T04:00,27.0,46,1014.2
2026-02-13T05:00,29.8,37,1014.5
2026-02-13T06:00,31.3,33,1013.9
2026-02-13T07:00,33.1,29,1013.0
2026-02-13T08:00,32.7,34,1012.1
2026-02-13T09:00,32.0,36,1011.4
2026-02-13T10:00,31.3,37,1010.9
2026-02-13T11:00,30.5,43,1010.5
2026-02-13T12:00,29.2,47,1010.4
2026-02-13T13:00,27.3,60,1010.7
2026-02-13T14:00,26.3,69,1011.1
2026-02-13T15:00,25.8,73,1012.3
2026-02-13T16:00,25.4,72,1013.1
2026-02-13T17:00,25.0,68,1013.1
2026-02-13T18:00,24.7,69,1013.1
2026-02-13T19:00,24.4,68,1012.7
2026-02-13T20:00,24.1,66,1012.0
2026-02-13T21:00,23.9,65,1011.3
2026-02-13T22:00,23.5,64,1011.0
2026-02-13T23:00,23.1,64,1011.0
2026-02-14T00:00,22.5,67,1010.9
2026-02-14T01:00,22.2,68,1011.7
2026-02-14T02:00,22.1,67,1012.3
2026-02-14T03:00,23.8,60,1013.1
2026-02-14T04:00,26.8,50,1013.5
2026-02-14T05:00,30.0,39,1013.6
2026-02-14T06:00,32.1,31,1013.1
2026-02-14T07:00,34.3,23,1012.2
2026-02-14T08:00,34.6,23,1011.3
2026-02-14T09:00,33.2,37,1010.5
2026-02-14T10:00,32.3,38,1010.0
2026-02-14T11:00,31.1,41,1009.7
2026-02-14T12:00,29.8,48,1009.5
2026-02-14T13:00,28.3,58,1009.8
2026-02-14T14:00,27.4,62,1010.5
2026-02-14T15:00,26.6,70,1011.3
2026-02-14T16:00,27.0,57,1011.9
2026-02-14T17:00,26.6,51,1012.3
2026-02-14T18:00,26.4,51,1012.0
2026-02-14T19:00,25.7,49,1011.9
2026-02-14T20:00,24.7,52,1011.6
2026-02-14T21:00,24.2,52,1011.4
2026-02-14T22:00,23.9,54,1011.1
2026-02-14T23:00,23.5,54,1011.0
2026-02-15T00:00,23.0,61,1011.3
2026-02-15T01:00,23.3,62,1011.9
2026-02-15T02:00,23.2,63,1012.4
2026-02-15T03:00,24.7,55,1013.0
2026-02-15T04:00,27.4,43,1013.6
2026-02-15T05:00,30.4,35,1013.8
2026-02-15T06:00,32.3,30,1013.3
2026-02-15T07:00,34.1,26,1012.6
2026-02-15T08:00,34.5,25,1011.6
2026-02-15T09:00,34.0,30,1010.4
2026-02-15T10:00,33.5,29,1009.8
2026-02-15T11:00,32.6,30,1009.5
2026-02-15T12:00,31.6,32,1009.5
2026-02-15T13:00,29.5,44,1009.8
2026-02-15T14:00,28.2,50,1010.1
2026-02-15T15:00,27.4,52,1010.7
2026-02-15T16:00,27.0,44,1011.4
2026-02-15T17:00,26.6,40,1011.8
2026-02-15T18:00,26.4,38,1011.9
2026-02-15T19:00,25.7,38,1011.5
2026-02-15T20:00,24.8,40,1011.3
2026-02-15T21:00,24.3,41,1010.5
2026-02-15T22:00,24.2,41,1010.0
2026-02-15T23:00,23.7,53,1009.8
2026-02-16T00:00,23.3,57,1009.7
2026-02-16T01:00,23.0,59,1010.3
2026-02-16T02:00,22.8,55,1010.8
2026-02-16T03:00,24.0,47,1011.4
2026-02-16T04:00,26.8,37,1011.7
2026-02-16T05:00,29.5,30,1011.8
2026-02-16T06:00,30.9,31,1011.6
2026-02-16T07:00,32.0,33,1010.8
2026-02-16T08:00,31.8,39,1009.7
2026-02-16T09:00,31.6,40,1008.5
2026-02-16T10:00,30.8,43,1007.8
2026-02-16T11:00,29.7,46,1007.5
2026-02-16T12:00,28.4,51,1007.5
2026-02-16T13:00,26.8,62,1007.8
2026-02-16T14:00,25.9,66,1008.3
2026-02-16T15:00,25.5,68,1009.4
2026-02-16T16:00,25.4,66,1010.3
2026-02-16T17:00,25.0,60,1010.7
2026-02-16T18:00,24.7,57,1010.7
2026-02-16T19:00,24.3,59,1010.3
2026-02-16T20:00,24.1,60,1010.0
2026-02-16T21:00,23.7,65,1009.6
2026-02-16T22:00,23.4,66,1009.0
2026-02-16T23:00,23.2,69,1009.2
2026-02-17T00:00,23.0,73,1009.6
2026-02-17T01:00,22.7,73,1010.2
2026-02-17T02:00,22.6,71,1010.8
2026-02-17T03:00,24.1,65,1011.6
2026-02-17T04:00,26.3,57,1012.2
2026-02-17T05:00,28.5,44,1012.2
2026-02-17T06:00,29.8,39,1012.0
2026-02-17T07:00,30.3,42,1011.3
2026-02-17T08:00,30.2,45,1010.1
2026-02-17T09:00,30.2,41,1009.2
2026-02-17T10:00,29.7,40,1008.7
2026-02-17T11:00,28.6,44,1008.5
2026-02-17T12:00,26.9,56,1008.9
2026-02-17T13:00,25.2,71,1009.0
2026-02-17T14:00,24.5,75,1009.4
2026-02-17T15:00,24.3,75,1010.3
2026-02-17T16:00,24.0,76,1011.0
2026-02-17T17:00,23.6,77,1011.4
2026-02-17T18:00,23.1,78,1011.1
2026-02-17T19:00,22.8,78,1010.7
2026-02-17T20:00,22.7,78,1010.2
2026-02-17T21:00,22.7,78,1009.6
2026-02-17T22:00,22.4,80,1009.2
2026-02-17T23:00,22.2,80,1009.4
2026-02-18T00:00,22.1,81,1009.5
2026-02-18T01:00,21.8,82,1010.2
2026-02-18T02:00,21.6,81,1011.3
2026-02-18T03:00,23.2,73,1012.2
2026-02-18T04:00,25.3,68,1012.5
2026-02-18T05:00,27.1,57,1012.8
2026-02-18T06:00,27.9,57,1012.8
2026-02-18T07:00,28.5,57,1012.0
2026-02-18T08:00,28.3,56,1010.9
2026-02-18T09:00,28.0,52,1010.2
2026-02-18T10:00,27.8,51,1009.5
2026-02-18T11:00,27.4,52,1009.1
2026-02-18T12:00,26.2,57,1009.3
2026-02-18T13:00,25.0,64,1009.6
2026-02-18T14:00,24.4,71,1010.1
2026-02-18T15:00,24.3,70,1011.2
2026-02-18T16:00,24.1,72,1011.8
2026-02-18T17:00,23.8,72,1012.1
2026-02-18T18:00,23.3,74,1012.3
2026-02-18T19:00,22.9,77,1012.1
2026-02-18T20:00,22.2,81,1011.9
2026-02-18T21:00,21.7,83,1011.1
2026-02-18T22:00,21.4,84,1011.1
2026-02-18T23:00,21.6,81,1010.9
2026-02-19T00:00,21.3,79,1010.5
2026-02-19T01:00,21.5,77,1011.1
2026-02-19T02:00,21.5,77,1011.7
2026-02-19T03:00,23.3,70,1012.1
2026-02-19T04:00,25.7,59,1012.6
2026-02-19T05:00,28.2,44,1012.7
2026-02-19T06:00,29.4,42,1012.4
2026-02-19T07:00,30.4,43,1011.6
2026-02-19T08:00,30.3,49,1010.5
2026-02-19T09:00,30.1,50,1009.6
2026-02-19T10:00,29.5,50,1009.0
2026-02-19T11:00,28.8,51,1008.8
2026-02-19T12:00,27.7,54,1008.9
2026-02-19T13:00,26.2,62,1009.6
2026-02-19T14:00,25.4,73,1010.1
2026-02-19T15:00,25.2,74,1011.3
2026-02-19T16:00,25.1,71,1011.7
2026-02-19T17:00,24.7,72,1011.9
2026-02-19T18:00,24.8,69,1011.8
2026-02-19T19:00,24.5,69,1011.5
2026-02-19T20:00,24.0,72,1011.3
2026-02-19T21:00,24.0,72,1010.6
2026-02-19T22:00,23.2,77,1010.6
2026-02-19T23:00,23.0,78,1010.5
2026-02-20T00:00,23.1,82,1010.5
2026-02-20T01:00,23.0,83,1011.2
2026-02-20T02:00,23.0,80,1012.0
2026-02-20T03:00,24.7,70,1012.6
2026-02-20T04:00,27.3,56,1013.3
2026-02-20T05:00,29.9,45,1013.4
2026-02-20T06:00,31.6,41,1013.0
2026-02-20T07:00,32.7,41,1012.3
2026-02-20T08:00,32.5,44,1011.6
2026-02-20T09:00,32.3,43,1010.5
2026-02-20T10:00,31.6,46,1010.0
2026-02-20T11:00,30.5,52,1009.7
2026-02-20T12:00,29.0,58,1009.7
2026-02-20T13:00,27.6,64,1010.1
2026-02-20T14:00,26.7,71,1010.5
2026-02-20T15:00,26.2,76,1011.4
2026-02-20T16:00,26.4,67,1012.0
2026-02-20T17:00,26.4,64,1012.0
2026-02-20T18:00,26.1,65,1011.9
2026-02-20T19:00,25.6,65,1011.4
2026-02-20T20:00,25.2,64,1011.0
2026-02-20T21:00,25.0,64,1010.2
2026-02-20T22:00,24.5,64,1009.9
2026-02-20T23:00,24.3,64,1009.5
2026-02-21T00:00,23.8,67,1009.3
2026-02-21T01:00,23.8,68,1009.7
2026-02-21T02:00,24.0,69,1010.3
2026-02-21T03:00,25.7,63,1010.9
2026-02-21T04:00,28.8,53,1011.4
2026-02-21T05:00,32.6,38,1011.3
2026-02-21T06:00,34.9,25,1010.9
2026-02-21T07:00,35.8,23,1009.9
2026-02-21T08:00,35.8,23,1008.8
2026-02-21T09:00,35.1,25,1008.0
2026-02-21T10:00,34.2,31,1007.0
2026-02-21T11:00,32.7,39,1006.7
2026-02-21T12:00,30.8,48,1006.9
2026-02-21T13:00,29.3,52,1007.3
2026-02-21T14:00,28.7,53,1007.6
2026-02-21T15:00,28.3,56,1008.3
2026-02-21T16:00,27.9,54,1008.9
2026-02-21T17:00,27.7,51,1009.0
2026-02-21T18:00,27.3,53,1009.1
2026-02-21T19:00,26.1,56,1008.8
2026-02-21T20:00,25.6,63,1008.5
2026-02-21T21:00,25.0,62,1007.8
2026-02-21T22:00,24.2,65,1007.8
2026-02-21T23:00,24.1,65,1007.8
2026-02-22T00:00,23.5,72,1007.6
2026-02-22T01:00,23.1,73,1008.1
2026-02-22T02:00,23.4,71,1008.5
2026-02-22T03:00,25.4,61,1009.1
2026-02-22T04:00,27.8,47,1009.6
2026-02-22T05:00,30.6,35,1009.6
2026-02-22T06:00,32.3,31,1009.2
2026-02-22T07:00,34.2,29,1008.1
2026-02-22T08:00,33.9,36,1006.8
2026-02-22T09:00,33.8,38,1005.7
2026-02-22T10:00,33.6,36,1005.1
2026-02-22T11:00,33.0,34,1004.6
2026-02-22T12:00,30.5,44,1004.7
2026-02-22T13:00,28.3,54,1005.3
2026-02-22T14:00,26.9,67,1005.8
2026-02-22T15:00,26.5,69,1006.7
2026-02-22T16:00,26.2,69,1007.2
2026-02-22T17:00,26.4,58,1007.5
2026-02-22T18:00,26.0,54,1007.3
2026-02-22T19:00,25.4,54,1007.2
2026-02-22T20:00,25.3,50,1007.0
2026-02-22T21:00,25.4,50,1006.6
2026-02-22T22:00,25.2,51,1006.8
2026-02-22T23:00,24.8,52,1006.6
2026-02-23T00:00,24.6,56,1006.5
2026-02-23T01:00,24.2,63,1007.2
2026-02-23T02:00,23.9,66,1008.2
2026-02-23T03:00,25.3,59,1009.1
2026-02-23T04:00,27.9,46,1009.6
2026-02-23T05:00,30.6,37,1009.7
2026-02-23T06:00,32.5,32,1008.8
2026-02-23T07:00,34.0,29,1007.8
2026-02-23T08:00,33.8,31,1006.7
2026-02-23T09:00,33.0,36,1006.0
2026-02-23T10:00,32.4,36,1005.6
2026-02-23T11:00,31.7,37,1005.7
2026-02-23T12:00,29.9,57,1005.3
2026-02-23T13:00,28.1,64,1005.8
2026-02-23T14:00,27.2,68,1006.3
2026-02-23T15:00,26.7,72,1007.2
2026-02-23T16:00,26.2,75,1007.8
2026-02-23T17:00,25.9,75,1008.1
2026-02-23T18:00,25.7,75,1008.3
2026-02-23T19:00,25.2,72,1008.0
2026-02-23T20:00,24.9,69,1007.6
2026-02-23T21:00,24.4,70,1007.2
2026-02-23T22:00,24.3,74,1007.0
2026-02-23T23:00,24.1,76,1007.3
2026-02-24T00:00,23.7,69,1007.3
2026-02-24T01:00,23.5,70,1007.9
2026-02-24T02:00,23.4,70,1009.0
2026-02-24T03:00,24.9,63,1009.6
2026-02-24T04:00,27.3,53,1010.0
2026-02-24T05:00,30.2,41,1010.1
2026-02-24T06:00,31.8,40,1009.8
2026-02-24T07:00,32.4,42,1009.1
2026-02-24T08:00,32.5,43,1008.1
2026-02-24T09:00,32.5,40,1007.4
2026-02-24T10:00,32.2,38,1007.0
2026-02-24T11:00,31.3,40,1007.0
2026-02-24T12:00,29.5,55,1006.9
2026-02-24T13:00,27.5,68,1007.5
2026-02-24T14:00,26.6,75,1008.4
2026-02-24T15:00,26.3,74,1009.2
2026-02-24T16:00,26.0,74,1010.2
2026-02-24T17:00,25.4,73,1010.6
2026-02-24T18:00,25.3,71,1010.5
2026-02-24T19:00,24.8,71,1010.2
2026-02-24T20:00,24.3,73,1009.9
2026-02-24T21:00,24.1,73,1009.7
2026-02-24T22:00,23.9,75,1009.3
2026-02-24T23:00,23.8,76,1009.3
2026-02-25T00:00,23.5,78,1009.9
2026-02-25T01:00,23.1,78,1010.7
2026-02-25T02:00,23.2,75,1011.6
2026-02-25T03:00,24.9,68,1012.3
2026-02-25T04:00,27.5,57,1012.8
2026-02-25T05:00,30.2,42,1012.8
2026-02-25T06:00,31.3,39,1012.4
2026-02-25T07:00,31.9,41,1011.5
2026-02-25T08:00,31.9,40,1010.7
2026-02-25T09:00,31.5,41,1009.9
2026-02-25T10:00,30.6,48,1009.8
2026-02-25T11:00,29.8,52,1009.9
2026-02-25T12:00,29.0,54,1009.8
2026-02-25T13:00,27.5,63,1010.1
2026-02-25T14:00,26.7,70,1010.9
2026-02-25T15:00,26.3,74,1011.6
2026-02-25T16:00,25.9,76,1012.2
2026-02-25T17:00,25.4,79,1012.5
2026-02-25T18:00,25.0,82,1012.6
2026-02-25T19:00,24.4,85,1012.3
2026-02-25T20:00,23.8,89,1011.9
2026-02-25T21:00,23.3,92,1011.3
2026-02-25T22:00,22.9,93,1010.8
2026-02-25T23:00,22.4,93,1010.8
2026-02-26T00:00,22.2,90,1010.7
2026-02-26T01:00,22.1,88,1011.1
2026-02-26T02:00,22.3,86,1012.0
2026-02-26T03:00,24.4,74,1012.7
2026-02-26T04:00,26.5,68,1013.1
2026-02-26T05:00,27.9,61,1012.9
2026-02-26T06:00,29.1,55,1012.3
2026-02-26T07:00,29.8,53,1011.4
2026-02-26T08:00,29.5,57,1010.3
2026-02-26T09:00,28.9,60,1009.5
2026-02-26T10:00,28.4,61,1009.1
2026-02-26T11:00,27.7,62,1008.9
2026-02-26T12:00,26.9,62,1008.6
2026-02-26T13:00,25.7,67,1009.0
2026-02-26T14:00,25.2,69,1009.5
2026-02-26T15:00,24.9,70,1010.3
2026-02-26T16:00,24.6,71,1010.8
2026-02-26T17:00,24.0,74,1010.7
2026-02-26T18:00,23.5,77,1010.7
2026-02-26T19:00,23.2,78,1010.1
2026-02-26T20:00,22.9,79,1009.9
2026-02-26T21:00,22.3,82,1009.5
2026-02-26T22:00,22.2,83,1009.2
2026-02-26T23:00,22.2,84,1009.1
2026-02-27T00:00,22.1,89,1009.3
2026-02-27T01:00,22.2,89,1009.9
2026-02-27T02:00,22.4,90,1010.7
2026-02-27T03:00,23.5,84,1011.5
2026-02-27T04:00,25.3,73,1011.8
2026-02-27T05:00,27.1,58,1011.7
2026-02-27T06:00,28.4,49,1011.1
2026-02-27T07:00,29.6,42,1010.0
2026-02-27T08:00,29.8,42,1009.0
2026-02-27T09:00,29.3,44,1008.2
2026-02-27T10:00,28.6,47,1007.5
2026-02-27T11:00,28.1,50,1007.4
2026-02-27T12:00,27.2,51,1007.2
2026-02-27T13:00,26.2,55,1007.6
2026-02-27T14:00,25.7,59,1008.2
2026-02-27T15:00,25.5,61,1008.9
2026-02-27T16:00,25.2,63,1009.4
2026-02-27T17:00,24.7,66,1009.2
2026-02-27T18:00,24.6,67,1009.2
2026-02-27T19:00,24.2,67,1009.0
2026-02-27T20:00,23.9,67,1008.5
2026-02-27T21:00,23.4,68,1008.1
2026-02-27T22:00,23.1,67,1007.8
2026-02-27T23:00,22.6,69,1007.6
2026-02-28T00:00,22.2,81,1007.6
2026-02-28T01:00,21.9,84,1008.1
2026-02-28T02:00,21.9,82,1008.8
2026-02-28T03:00,23.5,72,1010.0
2026-02-28T04:00,25.7,60,1010.5
2026-02-28T05:00,27.6,52,1010.7
2026-02-28T06:00,28.7,46,1010.2
2026-02-28T07:00,29.9,39,1009.3
2026-02-28T08:00,30.2,36,1008.3
2026-02-28T09:00,29.6,41,1007.7
2026-02-28T10:00,28.6,49,1007.3
2026-02-28T11:00,28.0,54,1007.2
2026-02-28T12:00,27.4,51,1006.9
2026-02-28T13:00,26.3,54,1007.5
2026-02-28T14:00,25.7,58,1008.3
2026-02-28T15:00,25.4,61,1009.0
2026-02-28T16:00,25.2,62,1009.9
2026-02-28T17:00,24.8,67,1010.1
2026-02-28T18:00,24.4,70,1010.3
2026-02-28T19:00,23.8,75,1009.9
2026-02-28T20:00,23.5,79,1009.3
2026-02-28T21:00,22.9,83,1008.8
2026-02-28T22:00,22.4,86,1008.4
2026-02-28T23:00,22.0,86,1008.5
2026-03-01T00:00,21.7,85,1008.5
2026-03-01T01:00,21.5,83,1009.2
2026-03-01T02:00,21.6,79,1010.1
2026-03-01T03:00,23.2,73,1011.1
2026-03-01T04:00,25.7,65,1011.7
2026-03-01T05:00,27.8,54,1011.8
2026-03-01T06:00,29.1,48,1010.9
2026-03-01T07:00,30.2,45,1010.0
2026-03-01T08:00,30.3,46,1009.1
2026-03-01T09:00,29.8,47,1008.4
2026-03-01T10:00,29.3,49,1007.9
2026-03-01T11:00,28.9,48,1007.7
2026-03-01T12:00,28.0,50,1007.5
2026-03-01T13:00,26.4,64,1008.1
2026-03-01T14:00,25.6,69,1008.8
2026-03-01T15:00,25.2,71,1009.6
2026-03-01T16:00,24.8,75,1010.5
2026-03-01T17:00,24.4,76,1010.8
2026-03-01T18:00,24.1,79,1010.9
2026-03-01T19:00,23.7,80,1011.0
2026-03-01T20:00,23.3,83,1010.7
2026-03-01T21:00,22.7,87,1009.9
2026-03-01T22:00,22.2,90,1009.8
2026-03-01T23:00,21.9,91,1009.8
2026-03-02T00:00,21.7,92,1009.9
2026-03-02T01:00,21.7,91,1010.6
2026-03-02T02:00,21.9,89,1011.3
2026-03-02T03:00,24.1,77,1012.1
2026-03-02T04:00,26.5,64,1012.7
2026-03-02T05:00,28.6,54,1012.9
2026-03-02T06:00,29.6,51,1012.4
2026-03-02T07:00,30.4,52,1011.6
2026-03-02T08:00,30.2,55,1010.8
2026-03-02T09:00,30.0,54,1009.9
2026-03-02T10:00,29.6,53,1009.2
2026-03-02T11:00,28.7,58,1009.0
2026-03-02T12:00,28.1,58,1008.8
2026-03-02T13:00,26.7,67,1009.2
2026-03-02T14:00,26.1,71,1009.9
2026-03-02T15:00,26.0,69,1010.8
2026-03-02T16:00,25.8,68,1011.8
2026-03-02T17:00,25.4,67,1012.3
2026-03-02T18:00,25.2,64,1012.2
2026-03-02T19:00,24.7,62,1011.8
2026-03-02T20:00,24.8,57,1011.1
2026-03-02T21:00,24.6,57,1010.6
2026-03-02T22:00,24.2,59,1010.1
2026-03-02T23:00,24.0,64,1009.9
2026-03-03T00:00,23.9,75,1010.0
2026-03-03T01:00,23.6,77,1010.7
2026-03-03T02:00,23.6,71,1011.4
2026-03-03T03:00,25.2,58,1012.2
2026-03-03T04:00,28.0,47,1012.6
2026-03-03T05:00,31.2,38,1012.7
2026-03-03T06:00,33.0,36,1012.3
2026-03-03T07:00,34.2,35,1011.4
2026-03-03T08:00,33.6,46,1010.2
2026-03-03T09:00,32.9,47,1009.5
2026-03-03T10:00,32.2,45,1008.7
2026-03-03T11:00,31.4,48,1008.5
2026-03-03T12:00,30.4,52,1008.4
2026-03-03T13:00,29.0,55,1009.0
2026-03-03T14:00,28.4,56,1009.7
2026-03-03T15:00,28.7,51,1010.4
2026-03-03T16:00,29.5,41,1011.1
2026-03-03T17:00,29.4,38,1011.5
2026-03-03T18:00,28.3,43,1011.7
2026-03-03T19:00,27.8,42,1011.3
2026-03-03T20:00,27.8,41,1010.7
2026-03-03T21:00,27.6,42,1010.2
2026-03-03T22:00,26.8,46,1009.9
2026-03-03T23:00,26.3,46,1009.6
2026-03-04T00:00,25.9,49,1010.1
2026-03-04T01:00,25.4,48,1010.7
2026-03-04T02:00,25.4,47,1011.5
2026-03-04T03:00,27.4,42,1012.4
2026-03-04T04:00,30.7,33,1013.1
2026-03-04T05:00,34.1,25,1013.2
2026-03-04T06:00,36.1,20,1012.5
2026-03-04T07:00,37.7,17,1011.6
2026-03-04T08:00,38.1,17,1010.5
2026-03-04T09:00,36.7,28,1009.6
2026-03-04T10:00,36.2,28,1008.8
2026-03-04T11:00,35.2,29,1008.7
2026-03-04T12:00,33.6,33,1008.4
2026-03-04T13:00,31.4,45,1008.9
2026-03-04T14:00,30.7,43,1009.6
2026-03-04T15:00,31.5,32,1010.5
2026-03-04T16:00,30.7,33,1011.2
2026-03-04T17:00,30.6,30,1011.5
2026-03-04T18:00,30.3,31,1011.3
2026-03-04T19:00,29.6,33,1011.1
2026-03-04T20:00,28.8,34,1010.6
2026-03-04T21:00,28.3,34,1010.1
2026-03-04T22:00,27.6,34,1009.7
2026-03-04T23:00,26.9,35,1009.5
2026-03-05T00:00,26.1,37,1009.9
2026-03-05T01:00,25.7,40,1010.7
2026-03-05T02:00,25.7,42,1011.6
2026-03-05T03:00,27.8,35,1012.1
2026-03-05T04:00,31.1,28,1012.5
2026-03-05T05:00,34.3,23,1012.6
2026-03-05T06:00,36.4,19,1012.3
2026-03-05T07:00,37.7,15,1011.1
2026-03-05T08:00,38.0,16,1009.8
2026-03-05T09:00,36.4,29,1008.8
2026-03-05T10:00,35.4,33,1007.9
2026-03-05T11:00,34.2,32,1007.6
2026-03-05T12:00,32.7,33,1007.9
2026-03-05T13:00,31.4,36,1008.1
2026-03-05T14:00,30.6,39,1008.3
2026-03-05T15:00,30.6,33,1009.2
2026-03-05T16:00,30.3,31,1010.0
2026-03-05T17:00,29.9,31,1010.4
2026-03-05T18:00,29.5,30,1010.5
2026-03-05T19:00,28.2,34,1010.3
2026-03-05T20:00,27.0,42,1009.8
2026-03-05T21:00,26.3,43,1009.3
2026-03-05T22:00,25.9,43,1008.5
2026-03-05T23:00,25.5,43,1008.4
2026-03-06T00:00,25.2,49,1008.8
2026-03-06T01:00,25.4,42,1009.2
2026-03-06T02:00,25.6,40,1010.2
2026-03-06T03:00,27.1,37,1011.1
2026-03-06T04:00,29.8,31,1011.8
2026-03-06T05:00,32.4,27,1011.6
2026-03-06T06:00,33.7,26,1011.4
2026-03-06T07:00,34.6,28,1010.3
2026-03-06T08:00,34.1,35,1009.2
2026-03-06T09:00,33.7,32,1008.3
2026-03-06T10:00,32.6,34,1007.7
2026-03-06T11:00,31.1,45,1007.3
2026-03-06T12:00,29.6,55,1007.5
2026-03-06T13:00,28.0,60,1007.7
2026-03-06T14:00,27.4,62,1008.1
2026-03-06T15:00,26.7,68,1009.2
2026-03-06T16:00,26.5,63,1010.1
2026-03-06T17:00,26.3,56,1010.2
2026-03-06T18:00,25.9,60,1010.1
2026-03-06T19:00,25.5,62,1009.7
2026-03-06T20:00,24.9,69,1009.5
2026-03-06T21:00,24.3,74,1009.0
2026-03-06T22:00,24.0,74,1008.6
2026-03-06T23:00,23.7,73,1008.6
2026-03-07T00:00,23.6,83,1008.7
2026-03-07T01:00,23.2,85,1009.6
2026-03-07T02:00,23.2,82,1010.4
2026-03-07T03:00,25.1,72,1011.2
2026-03-07T04:00,27.5,63,1011.6
2026-03-07T05:00,30.4,47,1011.8
2026-03-07T06:00,31.6,48,1011.4
2026-03-07T07:00,32.2,53,1010.6
2026-03-07T08:00,32.2,54,1009.4
2026-03-07T09:00,32.1,46,1008.3
2026-03-07T10:00,31.5,48,1007.7
2026-03-07T11:00,30.4,56,1007.6
2026-03-07T12:00,29.3,62,1007.5
2026-03-07T13:00,27.7,66,1007.8
2026-03-07T14:00,27.0,71,1008.4
2026-03-07T15:00,26.8,69,1009.8
2026-03-07T16:00,26.6,62,1010.8
2026-03-07T17:00,26.6,55,1010.9
2026-03-07T18:00,26.5,54,1010.7
2026-03-07T19:00,25.9,58,1010.5
2026-03-07T20:00,25.6,61,1009.9
2026-03-07T21:00,25.1,66,1009.3
2026-03-07T22:00,24.7,70,1009.0
2026-03-07T23:00,24.3,73,1008.8
2026-03-08T00:00,24.3,74,1009.0
2026-03-08T01:00,24.0,73,1009.5
2026-03-08T02:00,24.0,70,1010.1
2026-03-08T03:00,25.7,61,1010.8
2026-03-08T04:00,28.6,48,1011.3
2026-03-08T05:00,31.8,38,1011.4
2026-03-08T06:00,33.8,34,1011.0
2026-03-08T07:00,35.3,35,1010.1
2026-03-08T08:00,35.5,39,1008.8
2026-03-08T09:00,35.2,39,1007.8
2026-03-08T10:00,34.2,35,1006.8
2026-03-08T11:00,33.0,42,1006.4
2026-03-08T12:00,32.0,48,1006.5
2026-03-08T13:00,30.8,55,1007.0
2026-03-08T14:00,30.9,43,1007.9
2026-03-08T15:00,30.9,36,1008.9
2026-03-08T16:00,30.8,36,1009.5
2026-03-08T17:00,30.0,42,1009.9
2026-03-08T18:00,29.1,48,1009.7
2026-03-08T19:00,28.6,47,1009.7
2026-03-08T20:00,27.3,50,1009.4
2026-03-08T21:00,26.9,48,1008.6
2026-03-08T22:00,26.4,48,1008.1
2026-03-08T23:00,26.1,45,1008.2
2026-03-09T00:00,25.9,45,1008.4
2026-03-09T01:00,25.1,44,1009.0
2026-03-09T02:00,25.7,40,1009.5
2026-03-09T03:00,28.2,33,1010.4
2026-03-09T04:00,31.7,26,1010.9
2026-03-09T05:00,35.3,20,1011.1
2026-03-09T06:00,37.0,17,1010.9
2026-03-09T07:00,38.8,14,1009.8
2026-03-09T08:00,38.5,21,1008.6
2026-03-09T09:00,37.5,26,1007.7
2026-03-09T10:00,36.1,34,1006.9
2026-03-09T11:00,35.8,26,1006.6
2026-03-09T12:00,33.9,31,1006.9
2026-03-09T13:00,32.4,29,1007.3
2026-03-09T14:00,31.6,33,1008.0
2026-03-09T15:00,31.7,30,1008.6
2026-03-09T16:00,31.5,27,1009.3
2026-03-09T17:00,31.1,25,1009.5
2026-03-09T18:00,30.5,26,1009.7
2026-03-09T19:00,30.2,23,1009.6
2026-03-09T20:00,30.3,20,1009.2
2026-03-09T21:00,29.7,20,1008.9
2026-03-09T22:00,29.1,21,1008.9
2026-03-09T23:00,28.5,22,1008.8
2026-03-10T00:00,27.7,23,1009.5
2026-03-10T01:00,27.4,25,1010.1
2026-03-10T02:00,27.7,25,1010.6
2026-03-10T03:00,29.6,24,1011.7
2026-03-10T04:00,32.6,22,1012.3
2026-03-10T05:00,36.0,19,1012.4
2026-03-10T06:00,38.6,14,1012.0
2026-03-10T07:00,39.8,12,1011.1
2026-03-10T08:00,38.5,17,1010.0
2026-03-10T09:00,37.1,23,1009.2
2026-03-10T10:00,35.3,28,1008.6
2026-03-10T11:00,34.1,23,1008.6
2026-03-10T12:00,34.0,24,1008.3
2026-03-10T13:00,32.7,31,1008.8
2026-03-10T14:00,30.7,41,1009.3
2026-03-10T15:00,29.7,51,1010.2
2026-03-10T16:00,29.3,54,1010.7
2026-03-10T17:00,28.5,55,1010.8
2026-03-10T18:00,27.7,60,1011.0
2026-03-10T19:00,27.2,62,1010.7
2026-03-10T20:00,27.1,64,1010.3
2026-03-10T21:00,26.7,63,1009.7
2026-03-10T22:00,25.9,65,1009.8
2026-03-10T23:00,25.2,72,1009.8
2026-03-11T00:00,25.1,72,1010.4
2026-03-11T01:00,25.3,80,1011.2
2026-03-11T02:00,26.0,87,1011.8
2026-03-11T03:00,27.6,82,1012.7
2026-03-11T04:00,29.2,73,1013.3
2026-03-11T05:00,30.8,62,1013.6
2026-03-11T06:00,31.9,54,1013.2
2026-03-11T07:00,32.9,46,1012.5
2026-03-11T08:00,33.2,47,1011.4
2026-03-11T09:00,32.7,52,1010.1
2026-03-11T10:00,32.7,52,1009.1
2026-03-11T11:00,31.4,53,1008.3
2026-03-11T12:00,29.9,65,1008.5
2026-03-11T13:00,28.8,69,1009.3
2026-03-11T14:00,28.2,68,1009.8
2026-03-11T15:00,28.1,70,1010.7
2026-03-11T16:00,27.9,71,1011.2
2026-03-11T17:00,27.5,75,1011.2
2026-03-11T18:00,27.0,84,1011.6
2026-03-11T19:00,26.3,90,1011.1
2026-03-11T20:00,26.1,91,1010.4
2026-03-11T21:00,25.5,94,1010.0
2026-03-11T22:00,25.1,96,1009.7
2026-03-11T23:00,24.6,97,1009.6
2026-03-12T00:00,24.4,97,1009.4
2026-03-12T01:00,24.1,98,1009.8
2026-03-12T02:00,24.1,98,1010.3
2026-03-12T03:00,26.2,85,1010.8
2026-03-12T04:00,29.4,65,1011.1
2026-03-12T05:00,32.4,49,1011.1
2026-03-12T06:00,33.0,49,1010.4
2026-03-12T07:00,34.0,52,1009.4
2026-03-12T08:00,33.6,56,1008.2
2026-03-12T09:00,33.2,51,1007.3
2026-03-12T10:00,32.5,53,1006.6
2026-03-12T11:00,31.8,52,1006.1
2026-03-12T12:00,31.2,49,1006.1
2026-03-12T13:00,29.6,56,1006.2
2026-03-12T14:00,28.8,62,1006.9
2026-03-12T15:00,28.5,66,1007.9
2026-03-12T16:00,28.0,67,1008.6
2026-03-12T17:00,27.7,65,1008.6
2026-03-12T18:00,27.5,71,1009.0
2026-03-12T19:00,27.1,73,1008.8
2026-03-12T20:00,27.0,68,1008.4
2026-03-12T21:00,26.7,63,1007.9
2026-03-12T22:00,26.3,58,1007.5
2026-03-12T23:00,26.0,54,1007.3
2026-03-13T00:00,25.8,60,1007.3
2026-03-13T01:00,25.2,58,1007.7
2026-03-13T02:00,25.1,56,1008.4
2026-03-13T03:00,27.2,51,1009.1
2026-03-13T04:00,30.8,36,1009.6
2026-03-13T05:00,34.2,26,1009.4
2026-03-13T06:00,36.2,22,1008.8
2026-03-13T07:00,37.7,20,1007.9
2026-03-13T08:00,36.4,30,1007.0
2026-03-13T09:00,36.1,29,1006.0
2026-03-13T10:00,35.7,28,1005.2
2026-03-13T11:00,34.3,34,1005.0
2026-03-13T12:00,33.2,37,1005.1
2026-03-13T13:00,31.5,38,1005.5
2026-03-13T14:00,30.8,40,1006.2
2026-03-13T15:00,30.8,34,1007.1
2026-03-13T16:00,30.0,38,1008.3
2026-03-13T17:00,29.1,41,1008.8
2026-03-13T18:00,28.8,37,1009.2
2026-03-13T19:00,28.3,37,1008.8
2026-03-13T20:00,27.7,39,1008.7
2026-03-13T21:00,27.2,40,1008.0
2026-03-13T22:00,26.9,41,1007.8
2026-03-13T23:00,26.2,45,1008.0
2026-03-14T00:00,25.4,62,1008.5
2026-03-14T01:00,25.2,64,1009.0
2026-03-14T02:00,25.8,62,1009.8
2026-03-14T03:00,27.8,56,1010.6
2026-03-14T04:00,30.2,49,1011.2
2026-03-14T05:00,32.2,43,1011.4
2026-03-14T06:00,33.2,42,1011.0
2026-03-14T07:00,33.7,45,1010.3
2026-03-14T08:00,33.4,45,1009.3
2026-03-14T09:00,33.3,40,1008.7
2026-03-14T10:00,32.7,39,1008.3
2026-03-14T11:00,31.7,42,1007.8
2026-03-14T12:00,30.4,48,1007.8
2026-03-14T13:00,28.8,57,1008.2
2026-03-14T14:00,27.8,67,1008.9
2026-03-14T15:00,27.4,72,1009.8
2026-03-14T16:00,26.8,77,1010.3
2026-03-14T17:00,26.5,78,1011.1
2026-03-14T18:00,26.3,80,1011.1
2026-03-14T19:00,25.7,83,1010.5
2026-03-14T20:00,25.3,86,1009.9
2026-03-14T21:00,24.6,90,1009.4
2026-03-14T22:00,24.1,92,1009.6
2026-03-14T23:00,23.7,94,1009.5
2026-03-15T00:00,23.6,94,1010.0
2026-03-15T01:00,23.6,94,1010.6
2026-03-15T02:00,24.1,90,1011.2
2026-03-15T03:00,26.1,77,1012.0
2026-03-15T04:00,28.5,65,1012.7
2026-03-15T05:00,30.7,53,1012.7
2026-03-15T06:00,31.4,51,1012.3
2026-03-15T07:00,31.8,51,1011.5
2026-03-15T08:00,31.8,46,1010.6
2026-03-15T09:00,31.6,44,1009.8
2026-03-15T10:00,31.1,45,1009.2
2026-03-15T11:00,30.1,51,1009.0
2026-03-15T12:00,29.0,61,1009.0
2026-03-15T13:00,27.9,67,1009.1
2026-03-15T14:00,27.3,72,1009.8
2026-03-15T15:00,26.9,75,1010.4
2026-03-15T16:00,26.6,77,1011.1
2026-03-15T17:00,26.1,81,1011.1
2026-03-15T18:00,25.7,85,1010.8
2026-03-15T19:00,25.4,85,1010.3
2026-03-15T20:00,25.1,87,1009.6
2026-03-15T21:00,24.7,89,1009.1
2026-03-15T22:00,24.4,90,1009.0
2026-03-15T23:00,23.9,93,1008.9
2026-03-16T00:00,24.0,94,1009.0
2026-03-16T01:00,24.1,94,1009.7
2026-03-16T02:00,24.1,93,1010.3
2026-03-16T03:00,25.7,84,1011.3
2026-03-16T04:00,27.6,72,1012.0
2026-03-16T05:00,29.3,62,1011.9
2026-03-16T06:00,30.3,56,1011.6
2026-03-16T07:00,31.4,52,1010.6
2026-03-16T08:00,31.5,51,1009.3
2026-03-16T09:00,31.1,50,1008.3
2026-03-16T10:00,30.7,50,1007.6
2026-03-16T11:00,29.7,57,1007.3
2026-03-16T12:00,28.9,61,1007.3
2026-03-16T13:00,27.4,70,1007.8
2026-03-16T14:00,26.7,76,1008.4
2026-03-16T15:00,26.4,78,1009.1
2026-03-16T16:00,26.1,80,1009.8
2026-03-16T17:00,25.8,83,1010.0
2026-03-16T18:00,25.5,85,1010.0
2026-03-16T19:00,25.3,87,1009.8
2026-03-16T20:00,24.7,91,1009.4
2026-03-16T21:00,24.5,92,1008.9
2026-03-16T22:00,24.1,94,1008.7
2026-03-16T23:00,23.7,96,1008.5
2026-03-17T00:00,24.2,93,1008.3
2026-03-17T01:00,24.2,94,1008.9
2026-03-17T02:00,24.4,92,1009.6
2026-03-17T03:00,25.9,80,1010.3
2026-03-17T04:00,27.6,70,1011.0
2026-03-17T05:00,29.3,60,1011.3
2026-03-17T06:00,30.2,54,1011.1
2026-03-17T07:00,31.1,53,1010.0
2026-03-17T08:00,30.3,59,1009.1
2026-03-17T09:00,30.3,51,1008.1
2026-03-17T10:00,30.0,50,1007.7
2026-03-17T11:00,29.5,50,1007.3
2026-03-17T12:00,28.8,52,1007.3
2026-03-17T13:00,27.4,64,1007.9
2026-03-17T14:00,26.8,69,1008.6
2026-03-17T15:00,26.4,75,1008.8
2026-03-17T16:00,26.1,78,1009.8
2026-03-17T17:00,25.7,79,1010.2
2026-03-17T18:00,25.5,80,1009.6
2026-03-17T19:00,25.1,84,1009.2
2026-03-17T20:00,24.4,89,1008.7
2026-03-17T21:00,23.9,91,1008.6
2026-03-17T22:00,23.7,92,1008.9
2026-03-17T23:00,23.3,93,1009.1
2026-03-18T00:00,22.9,95,1008.8
2026-03-18T01:00,22.8,94,1009.4
2026-03-18T02:00,23.5,91,1010.2
2026-03-18T03:00,25.8,71,1010.6
2026-03-18T04:00,28.1,57,1011.4
2026-03-18T05:00,30.1,46,1011.5
2026-03-18T06:00,30.8,48,1011.6
2026-03-18T07:00,30.8,54,1011.0
2026-03-18T08:00,30.7,50,1010.0
2026-03-18T09:00,30.6,50,1009.4
2026-03-18T10:00,29.9,56,1008.6
2026-03-18T11:00,29.5,57,1008.1
2026-03-18T12:00,28.7,55,1008.0
2026-03-18T13:00,27.7,56,1008.6
2026-03-18T14:00,27.1,61,1009.2
2026-03-18T15:00,26.9,62,1010.2
2026-03-18T16:00,26.3,66,1011.1
2026-03-18T17:00,25.9,68,1011.4
2026-03-18T18:00,25.5,71,1011.4
2026-03-18T19:00,25.0,74,1011.3
2026-03-18T20:00,24.6,76,1010.8
2026-03-18T21:00,24.4,78,1010.4
2026-03-18T22:00,23.8,82,1010.1
2026-03-18T23:00,23.3,87,1010.5
2026-03-19T00:00,23.3,86,1011.1
2026-03-19T01:00,23.4,84,1011.7
2026-03-19T02:00,23.8,78,1012.5
2026-03-19T03:00,25.8,68,1013.4
2026-03-19T04:00,27.6,62,1013.8
2026-03-19T05:00,29.4,53,1013.8
2026-03-19T06:00,29.9,57,1013.3
2026-03-19T07:00,30.4,56,1012.4
2026-03-19T08:00,30.3,55,1011.3
2026-03-19T09:00,30.2,56,1010.9
2026-03-19T10:00,30.3,50,1009.6
2026-03-19T11:00,29.2,56,1008.9
2026-03-19T12:00,28.4,63,1009.1
2026-03-19T13:00,27.3,69,1009.1
2026-03-19T14:00,27.0,68,1010.9
2026-03-19T15:00,26.9,67,1012.4
2026-03-19T16:00,26.9,67,1013.0
2026-03-19T17:00,26.9,65,1013.3
2026-03-19T18:00,26.6,66,1012.3
2026-03-19T19:00,26.0,68,1011.6
2026-03-19T20:00,25.4,71,1010.4
2026-03-19T21:00,24.5,76,1009.9
2026-03-19T22:00,24.3,76,1009.4
2026-03-19T23:00,23.8,80,1009.4
2026-03-20T00:00,23.5,81,1009.5
2026-03-20T01:00,23.2,84,1010.0
2026-03-20T02:00,23.8,81,1010.7
2026-03-20T03:00,25.6,71,1011.9
2026-03-20T04:00,27.7,60,1012.7
2026-03-20T05:00,29.2,53,1012.6
2026-03-20T06:00,30.1,48,1011.7
2026-03-20T07:00,31.0,48,1010.6
2026-03-20T08:00,30.3,52,1009.8
2026-03-20T09:00,30.2,51,1008.8
2026-03-20T10:00,29.8,54,1008.1
2026-03-20T11:00,29.1,56,1007.8
2026-03-20T12:00,28.6,59,1008.1
2026-03-20T13:00,27.4,66,1008.7
2026-03-20T14:00,26.9,69,1009.0
2026-03-20T15:00,26.6,69,1009.9
2026-03-20T16:00,26.2,71,1010.4
2026-03-20T17:00,25.8,71,1010.7
2026-03-20T18:00,25.4,73,1010.5
2026-03-20T19:00,24.8,74,1010.0
2026-03-20T20:00,24.5,72,1009.9
2026-03-20T21:00,24.3,69,1009.7
2026-03-20T22:00,24.0,67,1009.7
2026-03-20T23:00,23.8,65,1009.4
2026-03-21T00:00,23.8,64,1009.5
2026-03-21T01:00,24.1,61,1010.3
2026-03-21T02:00,24.7,57,1011.0
2026-03-21T03:00,26.9,47,1011.6
2026-03-21T04:00,29.5,38,1012.1
2026-03-21T05:00,31.8,30,1012.1
2026-03-21T06:00,33.0,27,1011.7
2026-03-21T07:00,33.9,25,1010.5
2026-03-21T08:00,33.6,32,1009.4
2026-03-21T09:00,32.3,40,1008.7
2026-03-21T10:00,31.3,42,1008.2
2026-03-21T11:00,30.8,44,1007.7
2026-03-21T12:00,30.3,45,1008.1
2026-03-21T13:00,29.1,46,1008.4
2026-03-21T14:00,28.1,53,1009.0
2026-03-21T15:00,27.7,54,1009.6
2026-03-21T16:00,27.3,56,1010.2
2026-03-21T17:00,26.8,55,1011.0
2026-03-21T18:00,26.4,50,1011.1
2026-03-21T19:00,25.9,49,1010.9
2026-03-21T20:00,24.9,52,1010.2
2026-03-21T21:00,25.0,50,1009.4
2026-03-21T22:00,24.9,49,1009.1
2026-03-21T23:00,24.9,47,1009.2
2026-03-22T00:00,24.6,47,1009.4
2026-03-22T01:00,24.3,47,1010.3
2026-03-22T02:00,24.7,44,1010.8
2026-03-22T03:00,26.9,39,1011.6
2026-03-22T04:00,30.2,30,1012.1
2026-03-22T05:00,33.2,25,1012.1
2026-03-22T06:00,34.6,21,1011.4
2026-03-22T07:00,35.9,19,1010.4
2026-03-22T08:00,35.1,29,1009.6
2026-03-22T09:00,34.4,29,1008.7
2026-03-22T10:00,33.8,30,1008.2
2026-03-22T11:00,32.6,39,1008.2
2026-03-22T12:00,31.6,44,1008.4
2026-03-22T13:00,30.2,45,1008.7
2026-03-22T14:00,29.3,47,1009.3
2026-03-22T15:00,29.5,38,1009.8
2026-03-22T16:00,29.3,36,1010.5
2026-03-22T17:00,29.1,34,1010.9
2026-03-22T18:00,28.7,34,1010.8
2026-03-22T19:00,28.2,36,1010.5
2026-03-22T20:00,27.2,38,1009.8
2026-03-22T21:00,26.4,42,1009.2
2026-03-22T22:00,26.4,40,1008.9
2026-03-22T23:00,26.3,40,1008.4
2026-03-23T00:00,25.7,42,1008.5
2026-03-23T01:00,25.0,44,1009.2
2026-03-23T02:00,26.0,41,1009.8
2026-03-23T03:00,28.2,35,1010.3
2026-03-23T04:00,31.2,29,1010.7
2026-03-23T05:00,34.1,24,1010.6
2026-03-23T06:00,35.1,22,1010.4
2026-03-23T07:00,36.3,22,1009.6
2026-03-23T08:00,36.1,26,1008.8
2026-03-23T09:00,35.8,26,1008.0
2026-03-23T10:00,35.2,26,1007.6
2026-03-23T11:00,34.1,31,1007.3
2026-03-23T12:00,32.5,42,1007.5
2026-03-23T13:00,31.1,47,1007.5
2026-03-23T14:00,29.7,56,1008.2
2026-03-23T15:00,29.3,56,1009.0
2026-03-23T16:00,29.6,45,1009.5
2026-03-23T17:00,29.4,41,1009.7
2026-03-23T18:00,29.0,38,1009.6
2026-03-23T19:00,27.9,40,1009.5
2026-03-23T20:00,27.7,42,1009.2
2026-03-23T21:00,27.0,48,1008.6
2026-03-23T22:00,26.6,53,1008.4
2026-03-23T23:00,26.3,58,1008.2
2026-03-24T00:00,26.2,64,1008.5
2026-03-24T01:00,26.3,60,1009.0
2026-03-24T02:00,26.8,56,1009.6
2026-03-24T03:00,28.9,48,1010.4
2026-03-24T04:00,31.8,36,1010.7
2026-03-24T05:00,34.3,26,1010.5
2026-03-24T06:00,35.3,23,1009.9
2026-03-24T07:00,35.8,27,1009.3
2026-03-24T08:00,34.3,39,1008.2
2026-03-24T09:00,33.9,37,1007.6
2026-03-24T10:00,33.8,36,1006.8
2026-03-24T11:00,33.4,39,1006.4
2026-03-24T12:00,32.6,42,1006.1
2026-03-24T13:00,30.8,52,1006.5
2026-03-24T14:00,29.6,58,1006.9
2026-03-24T15:00,28.9,60,1007.4
2026-03-24T16:00,29.0,52,1008.1
2026-03-24T17:00,28.3,58,1008.5
2026-03-24T18:00,27.5,72,1008.9
2026-03-24T19:00,27.1,74,1009.0
2026-03-24T20:00,26.5,75,1008.6
2026-03-24T21:00,26.3,77,1008.5
2026-03-24T22:00,25.9,78,1008.5
2026-03-24T23:00,25.6,76,1008.3
2026-03-25T00:00,25.4,80,1008.6
2026-03-25T01:00,25.5,76,1009.7
2026-03-25T02:00,26.0,72,1010.3
2026-03-25T03:00,28.2,62,1011.0
2026-03-25T04:00,30.3,56,1011.3
2026-03-25T05:00,32.5,48,1011.1
2026-03-25T06:00,33.5,45,1010.8
2026-03-25T07:00,33.9,48,1009.9
2026-03-25T08:00,33.5,53,1008.5
2026-03-25T09:00,33.1,49,1007.8
2026-03-25T10:00,34.1,42,1006.8
2026-03-25T11:00,34.0,43,1006.4
2026-03-25T12:00,33.0,46,1006.5
2026-03-25T13:00,30.6,60,1007.0
2026-03-25T14:00,29.2,69,1007.6
2026-03-25T15:00,28.8,72,1008.3
2026-03-25T16:00,29.2,62,1008.9
2026-03-25T17:00,28.9,60,1009.3
2026-03-25T18:00,28.8,58,1009.6
2026-03-25T19:00,27.9,65,1009.7
2026-03-25T20:00,27.2,72,1009.4
2026-03-25T21:00,26.9,72,1009.0
2026-03-25T22:00,26.6,72,1008.9
2026-03-25T23:00,26.4,66,1009.2
2026-03-26T00:00,26.4,71,1009.2
2026-03-26T01:00,26.4,66,1010.1
2026-03-26T02:00,27.1,60,1010.7
2026-03-26T03:00,29.4,49,1011.3
2026-03-26T04:00,32.2,39,1011.7
2026-03-26T05:00,34.9,31,1011.6
2026-03-26T06:00,35.5,32,1011.3
2026-03-26T07:00,34.7,43,1010.5
2026-03-26T08:00,34.6,47,1009.4
2026-03-26T09:00,34.1,46,1008.7
2026-03-26T10:00,34.9,42,1007.8
2026-03-26T11:00,34.0,46,1007.4
2026-03-26T12:00,32.9,46,1006.9
2026-03-26T13:00,31.9,47,1007.5
2026-03-26T14:00,30.8,51,1008.3
2026-03-26T15:00,31.1,45,1009.1
2026-03-26T16:00,31.4,38,1009.7
2026-03-26T17:00,31.1,35,1010.1
2026-03-26T18:00,30.4,38,1010.0
2026-03-26T19:00,30.0,38,1010.1
2026-03-26T20:00,29.0,47,1009.8
2026-03-26T21:00,28.3,53,1009.4
2026-03-26T22:00,27.7,56,1009.0
2026-03-26T23:00,27.5,57,1008.6
2026-03-27T00:00,27.6,54,1008.2
2026-03-27T01:00,27.5,50,1008.9
2026-03-27T02:00,28.1,47,1009.4
2026-03-27T03:00,30.3,40,1009.8
2026-03-27T04:00,33.5,31,1010.3
2026-03-27T05:00,36.2,24,1010.2
2026-03-27T06:00,36.8,23,1010.0
2026-03-27T07:00,35.7,33,1009.6
2026-03-27T08:00,36.2,31,1008.7
2026-03-27T09:00,36.2,33,1007.8
2026-03-27T10:00,35.7,32,1007.2
2026-03-27T11:00,34.4,37,1006.8
2026-03-27T12:00,33.3,44,1006.1
2026-03-27T13:00,31.7,50,1006.8
2026-03-27T14:00,30.5,54,1007.5
2026-03-27T15:00,30.0,54,1008.3
2026-03-27T16:00,29.1,60,1009.0
2026-03-27T17:00,28.2,70,1009.4
2026-03-27T18:00,27.8,79,1009.7
2026-03-27T19:00,27.5,79,1009.3
2026-03-27T20:00,27.3,78,1008.6
2026-03-27T21:00,26.8,82,1008.2
2026-03-27T22:00,26.6,84,1007.6
2026-03-27T23:00,26.1,87,1007.4
2026-03-28T00:00,26.0,88,1007.3
2026-03-28T01:00,26.1,88,1007.9
2026-03-28T02:00,26.8,84,1008.4
2026-03-28T03:00,28.5,77,1008.9
2026-03-28T04:00,30.1,68,1009.0
2026-03-28T05:00,31.6,61,1009.0
2026-03-28T06:00,31.7,63,1009.0
2026-03-28T07:00,31.6,65,1008.6
2026-03-28T08:00,31.9,58,1007.6
2026-03-28T09:00,31.5,57,1006.8
2026-03-28T10:00,31.0,57,1006.3
2026-03-28T11:00,30.3,59,1005.9
2026-03-28T12:00,29.1,69,1006.0
2026-03-28T13:00,27.9,75,1006.7
2026-03-28T14:00,27.4,80,1007.2
2026-03-28T15:00,27.1,81,1007.9
2026-03-28T16:00,26.8,83,1008.5
2026-03-28T17:00,26.6,85,1008.8
2026-03-28T18:00,26.6,86,1008.8
2026-03-28T19:00,26.5,87,1008.4
2026-03-28T20:00,26.2,89,1008.2
2026-03-28T21:00,25.6,92,1007.5
2026-03-28T22:00,25.4,93,1007.1
2026-03-28T23:00,25.4,93,1007.0
2026-03-29T00:00,25.5,93,1007.3
2026-03-29T01:00,25.6,92,1008.1
2026-03-29T02:00,25.8,90,1009.1
2026-03-29T03:00,27.1,82,1010.2
2026-03-29T04:00,28.9,71,1010.9
2026-03-29T05:00,30.3,62,1010.9
2026-03-29T06:00,30.9,59,1010.8
2026-03-29T07:00,31.3,58,1010.1
2026-03-29T08:00,31.1,60,1009.1
2026-03-29T09:00,31.1,60,1008.2
2026-03-29T10:00,30.8,60,1007.5
2026-03-29T11:00,30.0,64,1006.7
2026-03-29T12:00,29.3,67,1006.7
2026-03-29T13:00,28.2,72,1007.1
2026-03-29T14:00,27.7,74,1007.6
2026-03-29T15:00,27.4,76,1007.9
2026-03-29T16:00,27.3,77,1008.5
2026-03-29T17:00,27.0,79,1008.6
2026-03-29T18:00,26.9,83,1009.0
2026-03-29T19:00,26.7,86,1008.5
2026-03-29T20:00,26.4,87,1007.8
2026-03-29T21:00,26.1,89,1007.1
2026-03-29T22:00,25.7,91,1006.5
2026-03-29T23:00,25.2,93,1006.9
2026-03-30T00:00,25.0,94,1006.8
2026-03-30T01:00,25.2,92,1007.7
2026-03-30T02:00,25.7,89,1008.2
2026-03-30T03:00,27.6,78,1009.2
2026-03-30T04:00,29.6,67,1009.8
2026-03-30T05:00,31.4,59,1010.0
2026-03-30T06:00,32.7,55,1009.7
2026-03-30T07:00,32.3,61,1008.9
2026-03-30T08:00,32.3,60,1008.1
2026-03-30T09:00,32.1,58,1007.3
2026-03-30T10:00,31.9,60,1006.8
2026-03-30T11:00,31.5,62,1006.3
2026-03-30T12:00,30.8,64,1005.8
2026-03-30T13:00,29.3,68,1006.5
2026-03-30T14:00,28.4,77,1007.5
2026-03-30T15:00,28.0,81,1008.6
2026-03-30T16:00,27.8,84,1009.5
2026-03-30T17:00,27.5,84,1009.7
2026-03-30T18:00,27.3,84,1009.9
2026-03-30T19:00,26.9,87,1009.2
2026-03-30T20:00,26.6,87,1008.4
2026-03-30T21:00,26.3,89,1008.4
2026-03-30T22:00,26.2,89,1008.3
2026-03-30T23:00,26.1,90,1008.5
2026-03-31T00:00,25.7,94,1008.7
2026-03-31T01:00,25.8,92,1009.3
2026-03-31T02:00,26.3,89,1009.9
2026-03-31T03:00,27.8,78,1011.0
2026-03-31T04:00,29.7,64,1011.5
2026-03-31T05:00,31.3,55,1011.3
2026-03-31T06:00,32.2,51,1011.0
2026-03-31T07:00,32.5,54,1010.0
2026-03-31T08:00,31.8,57,1009.1
2026-03-31T09:00,31.9,56,1008.1
2026-03-31T10:00,31.5,56,1007.0
2026-03-31T11:00,30.4,57,1006.4
2026-03-31T12:00,29.5,64,1006.1
2026-03-31T13:00,28.2,73,1006.7
2026-03-31T14:00,27.5,77,1007.4
2026-03-31T15:00,27.4,77,1008.3
2026-03-31T16:00,27.3,78,1009.5
2026-03-31T17:00,27.0,79,1010.2
2026-03-31T18:00,27.0,80,1010.0
2026-03-31T19:00,26.8,82,1009.6
2026-03-31T20:00,26.4,84,1009.0
2026-03-31T21:00,26.2,86,1008.7
2026-03-31T22:00,25.9,88,1008.5
2026-03-31T23:00,25.8,89,1008.6
2026-04-01T00:00,25.6,93,1008.4
2026-04-01T01:00,25.7,92,1009.1
2026-04-01T02:00,26.3,87,1009.9
2026-04-01T03:00,27.8,77,1010.7
2026-04-01T04:00,29.1,68,1011.1
2026-04-01T05:00,30.6,60,1010.9
2026-04-01T06:00,30.9,58,1010.8
2026-04-01T07:00,31.1,58,1010.1
2026-04-01T08:00,31.0,56,1009.1
2026-04-01T09:00,30.8,56,1008.1
2026-04-01T10:00,30.3,56,1007.3
2026-04-01T11:00,29.7,57,1007.0
2026-04-01T12:00,29.0,59,1007.0
2026-04-01T13:00,27.8,64,1007.7
2026-04-01T14:00,27.2,65,1008.5
2026-04-01T15:00,27.0,66,1009.4
2026-04-01T16:00,26.8,67,1010.2
2026-04-01T17:00,26.4,69,1010.7
2026-04-01T18:00,26.3,74,1010.3
2026-04-01T19:00,25.9,77,1010.3
2026-04-01T20:00,25.5,80,1009.5
2026-04-01T21:00,25.1,84,1009.3
2026-04-01T22:00,24.7,87,1008.7
2026-04-01T23:00,24.3,90,1008.5
2026-04-02T00:00,24.4,88,1008.6
2026-04-02T01:00,24.5,88,1009.3
2026-04-02T02:00,25.5,84,1010.3
2026-04-02T03:00,27.2,73,1011.1
2026-04-02T04:00,28.8,64,1011.6
2026-04-02T05:00,30.3,58,1011.6
2026-04-02T06:00,31.5,54,1011.4
2026-04-02T07:00,31.6,56,1010.9
2026-04-02T08:00,31.0,58,1010.2
2026-04-02T09:00,30.7,57,1009.6
2026-04-02T10:00,30.8,55,1009.2
2026-04-02T11:00,29.1,62,1009.5
2026-04-02T12:00,28.7,61,1009.5
2026-04-02T13:00,27.8,64,1010.6
2026-04-02T14:00,27.2,66,1011.2
2026-04-02T15:00,26.9,67,1011.7
2026-04-02T16:00,26.8,69,1012.3
2026-04-02T17:00,26.4,70,1012.3
2026-04-02T18:00,26.4,68,1011.9
2026-04-02T19:00,26.0,70,1011.0
2026-04-02T20:00,25.5,72,1010.2
2026-04-02T21:00,24.7,76,1009.4
2026-04-02T22:00,24.5,77,1009.2
2026-04-02T23:00,24.4,78,1009.2
2026-04-03T00:00,24.5,82,1009.2
2026-04-03T01:00,24.4,83,1009.8
2026-04-03T02:00,25.2,77,1010.5
2026-04-03T03:00,27.6,58,1011.4
2026-04-03T04:00,30.2,40,1011.8
2026-04-03T05:00,32.4,31,1011.5
2026-04-03T06:00,32.5,37,1011.5
2026-04-03T07:00,32.5,46,1010.6
2026-04-03T08:00,31.7,51,1009.8
2026-04-03T09:00,31.6,47,1009.0
2026-04-03T10:00,30.9,51,1008.5
2026-04-03T11:00,30.1,54,1008.3
2026-04-03T12:00,29.7,56,1008.1
2026-04-03T13:00,28.8,61,1008.8
2026-04-03T14:00,28.3,63,1009.4
2026-04-03T15:00,28.1,63,1010.2
2026-04-03T16:00,27.6,65,1011.0
2026-04-03T17:00,27.3,69,1011.4
2026-04-03T18:00,27.1,72,1011.4
2026-04-03T19:00,26.6,76,1010.8
2026-04-03T20:00,26.2,79,1010.2
2026-04-03T21:00,25.7,81,1009.8
2026-04-03T22:00,25.3,82,1009.6
2026-04-03T23:00,24.9,83,1009.3
2026-04-04T00:00,25.0,81,1009.2
2026-04-04T01:00,25.0,80,1009.9
2026-04-04T02:00,25.7,76,1010.5
2026-04-04T03:00,27.2,72,1011.4
2026-04-04T04:00,28.8,65,1012.3
2026-04-04T05:00,30.1,57,1012.2
2026-04-04T06:00,31.1,50,1011.6
2026-04-04T07:00,32.1,48,1010.8
2026-04-04T08:00,31.8,50,1009.9
2026-04-04T09:00,31.1,53,1008.9
2026-04-04T10:00,30.5,56,1007.8
2026-04-04T11:00,29.8,60,1007.5
2026-04-04T12:00,28.8,65,1008.1
2026-04-04T13:00,27.7,72,1008.5
2026-04-04T14:00,27.2,75,1009.0
2026-04-04T15:00,27.0,76,1009.6
2026-04-04T16:00,26.8,78,1010.4
2026-04-04T17:00,26.5,79,1010.8
2026-04-04T18:00,26.6,77,1010.5
2026-04-04T19:00,26.5,77,1010.4
2026-04-04T20:00,26.2,78,1010.1
2026-04-04T21:00,26.0,78,1010.0
2026-04-04T22:00,25.8,79,1009.8
2026-04-04T23:00,25.7,79,1010.0
2026-04-05T00:00,25.5,81,1009.9
2026-04-05T01:00,25.7,80,1010.4
2026-04-05T02:00,26.4,76,1011.0
2026-04-05T03:00,27.6,68,1011.7
2026-04-05T04:00,28.6,62,1012.2
2026-04-05T05:00,29.4,58,1012.2
2026-04-05T06:00,29.6,57,1011.7
2026-04-05T07:00,30.0,55,1011.2
2026-04-05T08:00,30.2,50,1010.2
2026-04-05T09:00,30.2,47,1009.3
2026-04-05T10:00,29.7,48,1008.5
2026-04-05T11:00,28.9,54,1008.2
2026-04-05T12:00,28.0,57,1007.9
2026-04-05T13:00,27.1,59,1008.6
2026-04-05T14:00,26.7,59,1009.2
2026-04-05T15:00,26.5,60,1009.8
2026-04-05T16:00,26.3,62,1010.2
2026-04-05T17:00,26.1,65,1010.8
2026-04-05T18:00,25.7,66,1010.8
2026-04-05T19:00,25.6,68,1010.7
2026-04-05T20:00,25.3,69,1010.4
2026-04-05T21:00,25.3,68,1010.3
2026-04-05T22:00,24.9,69,1009.9
2026-04-05T23:00,24.4,72,1009.8
2026-04-06T00:00,24.3,75,1010.0
2026-04-06T01:00,24.6,74,1010.7
2026-04-06T02:00,25.5,71,1011.4
2026-04-06T03:00,26.7,64,1012.3
2026-04-06T04:00,28.3,56,1013.1
2026-04-06T05:00,29.6,49,1013.1
2026-04-06T06:00,30.2,46,1013.0
2026-04-06T07:00,30.7,44,1012.2
2026-04-06T08:00,29.8,49,1011.5
2026-04-06T09:00,29.9,48,1010.5
2026-04-06T10:00,29.6,50,1009.8
2026-04-06T11:00,29.3,51,1009.5
2026-04-06T12:00,28.4,55,1009.3
2026-04-06T13:00,27.5,60,1009.8
2026-04-06T14:00,27.2,62,1010.2
2026-04-06T15:00,27.1,63,1010.6
2026-04-06T16:00,26.9,65,1011.3
2026-04-06T17:00,26.7,68,1011.8
2026-04-06T18:00,26.8,67,1011.8
2026-04-06T19:00,26.4,69,1011.6
2026-04-06T20:00,25.8,73,1011.2
2026-04-06T21:00,25.5,73,1011.0
2026-04-06T22:00,25.1,75,1010.5
2026-04-06T23:00,24.9,75,1010.2
2026-04-07T00:00,24.9,78,1010.6
2026-04-07T01:00,25.1,77,1010.9
2026-04-07T02:00,26.1,68,1011.6
2026-04-07T03:00,27.4,61,1012.1
2026-04-07T04:00,28.7,56,1012.7
2026-04-07T05:00,29.9,50,1012.6
2026-04-07T06:00,30.2,49,1012.5
2026-04-07T07:00,31.3,43,1011.8
2026-04-07T08:00,31.4,43,1010.9
2026-04-07T09:00,30.5,52,1010.2
2026-04-07T10:00,30.1,56,1009.7
2026-04-07T11:00,29.6,60,1009.0
2026-04-07T12:00,29.1,62,1009.0
2026-04-07T13:00,28.2,68,1009.2
2026-04-07T14:00,27.7,72,1009.9
2026-04-07T15:00,27.7,72,1010.4
2026-04-07T16:00,27.8,71,1010.6
2026-04-07T17:00,27.7,71,1011.1
2026-04-07T18:00,27.6,71,1011.1
2026-04-07T19:00,27.7,70,1010.5
2026-04-07T20:00,27.7,69,1009.9
2026-04-07T21:00,27.6,69,1009.4
2026-04-07T22:00,27.5,69,1009.1
2026-04-07T23:00,27.3,70,1008.8
2026-04-08T00:00,26.9,72,1009.0
2026-04-08T01:00,26.9,71,1009.5
2026-04-08T02:00,27.7,66,1010.0
2026-04-08T03:00,29.1,59,1010.7
2026-04-08T04:00,30.4,53,1011.1
2026-04-08T05:00,31.1,52,1011.3
2026-04-08T06:00,31.1,54,1011.0
2026-04-08T07:00,31.6,52,1010.5
2026-04-08T08:00,31.7,53,1009.7
2026-04-08T09:00,31.3,55,1009.1
2026-04-08T10:00,31.0,56,1008.3
2026-04-08T11:00,30.5,60,1008.0
2026-04-08T12:00,29.6,66,1008.0
2026-04-08T13:00,28.7,70,1008.2
2026-04-08T14:00,28.3,72,1009.0
2026-04-08T15:00,28.3,72,1009.4
2026-04-08T16:00,28.1,73,1009.8
2026-04-08T17:00,28.0,74,1010.2
2026-04-08T18:00,27.7,76,1010.4
2026-04-08T19:00,27.5,76,1010.0
2026-04-08T20:00,27.2,78,1009.5
2026-04-08T21:00,26.9,77,1009.2
2026-04-08T22:00,26.8,75,1009.1
2026-04-08T23:00,25.7,77,1009.3
2026-04-09T00:00,25.8,87,1009.8
2026-04-09T01:00,25.2,90,1010.7
2026-04-09T02:00,25.7,87,1011.5
2026-04-09T03:00,27.1,77,1012.5
2026-04-09T04:00,28.6,69,1012.9
2026-04-09T05:00,29.8,62,1012.8
2026-04-09T06:00,31.3,51,1012.5
2026-04-09T07:00,31.9,49,1011.8
2026-04-09T08:00,31.8,48,1011.2
2026-04-09T09:00,31.8,46,1010.3
2026-04-09T10:00,31.6,46,1009.6
2026-04-09T11:00,30.9,48,1009.6
2026-04-09T12:00,30.3,52,1009.4
2026-04-09T13:00,29.2,55,1009.9
2026-04-09T14:00,28.4,59,1010.5
2026-04-09T15:00,28.1,61,1010.9
2026-04-09T16:00,27.7,63,1011.1
2026-04-09T17:00,27.3,63,1011.3
2026-04-09T18:00,27.2,61,1011.6
2026-04-09T19:00,26.5,65,1011.3
2026-04-09T20:00,26.1,66,1010.8
2026-04-09T21:00,26.1,66,1010.6
2026-04-09T22:00,26.0,69,1010.5
2026-04-09T23:00,25.6,75,1010.4
2026-04-10T00:00,25.4,75,1010.9
2026-04-10T01:00,25.4,77,1011.5
2026-04-10T02:00,26.0,75,1012.5
2026-04-10T03:00,27.8,65,1013.3
2026-04-10T04:00,30.2,48,1013.5
2026-04-10T05:00,32.1,41,1012.9
2026-04-10T06:00,32.9,41,1012.3
2026-04-10T07:00,33.4,44,1011.3
2026-04-10T08:00,32.8,50,1010.3
2026-04-10T09:00,32.4,50,1009.4
2026-04-10T10:00,32.0,51,1008.5
2026-04-10T11:00,31.5,48,1008.4
2026-04-10T12:00,30.6,52,1008.3
2026-04-10T13:00,29.4,63,1008.4
2026-04-10T14:00,28.5,71,1009.2
2026-04-10T15:00,28.1,77,1009.8
2026-04-10T16:00,28.0,76,1010.6
2026-04-10T17:00,27.7,75,1011.0
2026-04-10T18:00,27.8,75,1011.2
2026-04-10T19:00,27.7,74,1010.8
2026-04-10T20:00,27.1,78,1010.2
2026-04-10T21:00,26.8,81,1010.0
2026-04-10T22:00,26.6,85,1009.7
2026-04-10T23:00,26.4,86,1009.7
2026-04-11T00:00,26.3,85,1010.0
2026-04-11T01:00,26.4,85,1010.4
2026-04-11T02:00,27.4,80,1011.1
2026-04-11T03:00,29.2,70,1011.8
2026-04-11T04:00,31.3,56,1011.8
2026-04-11T05:00,33.0,48,1011.2
2026-04-11T06:00,33.2,53,1010.8
2026-04-11T07:00,33.2,53,1010.1
2026-04-11T08:00,33.4,48,1009.1
2026-04-11T09:00,33.5,45,1008.2
2026-04-11T10:00,33.1,47,1007.5
2026-04-11T11:00,32.4,49,1007.4
2026-04-11T12:00,31.2,54,1007.3
2026-04-11T13:00,29.8,62,1007.5
2026-04-11T14:00,28.8,70,1008.2
2026-04-11T15:00,28.5,73,1009.0
2026-04-11T16:00,28.0,74,1009.4
2026-04-11T17:00,27.9,76,1009.9
2026-04-11T18:00,27.6,79,1009.9
2026-04-11T19:00,27.2,81,1009.4
2026-04-11T20:00,26.7,81,1008.8
2026-04-11T21:00,26.3,81,1008.3
2026-04-11T22:00,25.7,82,1007.8
2026-04-11T23:00,25.4,82,1007.6
2026-04-12T00:00,25.0,85,1007.5
2026-04-12T01:00,25.1,83,1007.8
2026-04-12T02:00,26.5,75,1008.2
2026-04-12T03:00,29.5,56,1009.0
2026-04-12T04:00,32.0,45,1008.9
2026-04-12T05:00,34.2,39,1008.4
2026-04-12T06:00,34.4,47,1008.0
2026-04-12T07:00,34.5,50,1007.0
2026-04-12T08:00,34.7,47,1006.0
2026-04-12T09:00,34.6,43,1005.1
2026-04-12T10:00,34.0,45,1004.5
2026-04-12T11:00,32.7,53,1004.6
2026-04-12T12:00,31.6,59,1004.7
2026-04-12T13:00,30.0,68,1005.1
2026-04-12T14:00,28.8,76,1005.9
2026-04-12T15:00,28.2,80,1006.9
2026-04-12T16:00,27.9,83,1007.5
2026-04-12T17:00,27.6,83,1008.1
2026-04-12T18:00,27.4,85,1008.4
2026-04-12T19:00,27.3,82,1008.2
2026-04-12T20:00,26.8,85,1008.0
2026-04-12T21:00,26.5,88,1008.0
2026-04-12T22:00,26.1,91,1007.7
2026-04-12T23:00,25.9,91,1007.8
2026-04-13T00:00,25.5,93,1008.2
2026-04-13T01:00,25.5,93,1008.6
2026-04-13T02:00,26.9,86,1009.2
2026-04-13T03:00,28.5,76,1009.9
2026-04-13T04:00,30.1,67,1010.3
2026-04-13T05:00,31.3,61,1010.2
2026-04-13T06:00,31.7,62,1010.1
2026-04-13T07:00,32.2,60,1009.7
2026-04-13T08:00,32.2,59,1009.0
2026-04-13T09:00,32.0,60,1008.2
2026-04-13T10:00,31.4,65,1007.7
2026-04-13T11:00,30.8,67,1007.6
2026-04-13T12:00,29.8,73,1007.7
2026-04-13T13:00,28.9,77,1008.0
2026-04-13T14:00,28.2,80,1008.4
2026-04-13T15:00,27.9,82,1009.1
2026-04-13T16:00,27.6,84,1010.0
2026-04-13T17:00,27.5,85,1010.5
2026-04-13T18:00,27.3,86,1010.6
2026-04-13T19:00,27.1,86,1010.0
2026-04-13T20:00,26.7,88,1009.4
2026-04-13T21:00,26.4,90,1008.9
2026-04-13T22:00,26.0,92,1008.4
2026-04-13T23:00,25.6,95,1008.3
2026-04-14T00:00,25.5,97,1008.8
2026-04-14T01:00,25.4,96,1009.2
2026-04-14T02:00,25.9,89,1009.9
2026-04-14T03:00,28.3,72,1010.5
2026-04-14T04:00,31.0,57,1010.4
2026-04-14T05:00,33.6,46,1010.2
2026-04-14T06:00,34.1,50,1009.9
2026-04-14T07:00,34.2,51,1009.2
2026-04-14T08:00,34.5,47,1008.1
2026-04-14T09:00,34.8,41,1007.1
2026-04-14T10:00,34.4,41,1006.4
2026-04-14T11:00,33.9,42,1006.0
2026-04-14T12:00,32.8,47,1006.1
2026-04-14T13:00,31.4,50,1006.2
2026-04-14T14:00,29.8,62,1006.9
2026-04-14T15:00,28.8,74,1007.5
2026-04-14T16:00,28.5,71,1008.0
2026-04-14T17:00,28.2,72,1008.4
2026-04-14T18:00,27.9,76,1008.3
2026-04-14T19:00,27.5,79,1007.7
2026-04-14T20:00,27.2,80,1007.1
2026-04-14T21:00,26.3,84,1006.8
2026-04-14T22:00,25.9,87,1006.3
2026-04-14T23:00,25.8,88,1006.2
2026-04-15T00:00,25.2,91,1006.5
2026-04-15T01:00,25.2,90,1007.1
2026-04-15T02:00,26.6,81,1007.5
2026-04-15T03:00,28.8,71,1008.1
2026-04-15T04:00,30.9,62,1008.2
2026-04-15T05:00,32.9,52,1008.0
2026-04-15T06:00,33.5,52,1007.7
2026-04-15T07:00,33.9,50,1007.3
2026-04-15T08:00,34.0,43,1006.7
2026-04-15T09:00,33.6,42,1005.7
2026-04-15T10:00,32.9,46,1005.1
2026-04-15T11:00,32.0,49,1004.9
2026-04-15T12:00,30.7,57,1004.8
2026-04-15T13:00,29.1,71,1005.0
2026-04-15T14:00,27.8,86,1005.9
2026-04-15T15:00,27.5,87,1006.8
2026-04-15T16:00,27.3,86,1007.6
2026-04-15T17:00,26.9,87,1007.8
2026-04-15T18:00,26.8,88,1007.9
2026-04-15T19:00,26.5,89,1007.4
2026-04-15T20:00,26.3,90,1007.0
2026-04-15T21:00,26.0,92,1006.8
2026-04-15T22:00,25.6,94,1006.5
2026-04-15T23:00,25.6,93,1006.2
2026-04-16T00:00,25.2,95,1006.4
2026-04-16T01:00,25.2,95,1006.9
2026-04-16T02:00,26.1,90,1007.4
2026-04-16T03:00,27.7,78,1008.2
2026-04-16T04:00,29.2,69,1008.7
2026-04-16T05:00,30.9,59,1008.7
2026-04-16T06:00,31.5,57,1008.5
2026-04-16T07:00,32.1,53,1008.1
2026-04-16T08:00,32.5,46,1007.3
2026-04-16T09:00,32.5,46,1006.3
2026-04-16T10:00,31.8,53,1005.5
2026-04-16T11:00,31.1,56,1005.2
2026-04-16T12:00,30.2,63,1004.8
2026-04-16T13:00,28.7,71,1005.3
2026-04-16T14:00,27.7,79,1006.3
2026-04-16T15:00,27.4,81,1007.3
2026-04-16T16:00,27.0,84,1008.0
2026-04-16T17:00,26.6,86,1008.7
2026-04-16T18:00,26.5,87,1009.0
2026-04-16T19:00,26.1,89,1008.6
2026-04-16T20:00,25.9,89,1008.4
2026-04-16T21:00,25.6,90,1007.9
2026-04-16T22:00,25.2,91,1007.4
2026-04-16T23:00,25.1,91,1007.3
2026-04-17T00:00,24.8,94,1007.5
2026-04-17T01:00,24.8,91,1007.8
2026-04-17T02:00,25.9,76,1008.4
2026-04-17T03:00,27.9,65,1009.3
2026-04-17T04:00,30.2,57,1010.0
2026-04-17T05:00,31.8,52,1010.1
2026-04-17T06:00,32.4,53,1009.8
2026-04-17T07:00,32.6,57,1009.2
2026-04-17T08:00,32.2,58,1008.6
2026-04-17T09:00,31.7,61,1007.8
2026-04-17T10:00,31.3,62,1007.1
2026-04-17T11:00,31.1,62,1006.5
2026-04-17T12:00,30.4,67,1006.4
2026-04-17T13:00,29.6,73,1006.4
2026-04-17T14:00,28.8,78,1007.0
2026-04-17T15:00,28.6,80,1007.6
2026-04-17T16:00,28.2,85,1008.0
2026-04-17T17:00,28.0,85,1008.6
2026-04-17T18:00,27.8,87,1008.6
2026-04-17T19:00,27.5,87,1007.9
2026-04-17T20:00,27.2,88,1007.4
2026-04-17T21:00,26.8,90,1007.2
2026-04-17T22:00,26.3,92,1006.9
2026-04-17T23:00,25.9,93,1006.8
2026-04-18T00:00,25.7,94,1006.9
2026-04-18T01:00,25.8,91,1007.4
2026-04-18T02:00,27.0,80,1008.0
2026-04-18T03:00,29.4,66,1008.7
2026-04-18T04:00,31.9,53,1009.0
2026-04-18T05:00,34.3,41,1008.7
2026-04-18T06:00,33.1,55,1008.5
2026-04-18T07:00,33.4,61,1008.2
2026-04-18T08:00,33.9,54,1007.4
2026-04-18T09:00,32.9,54,1006.8
2026-04-18T10:00,33.2,56,1006.1
2026-04-18T11:00,32.1,63,1005.7
2026-04-18T12:00,31.6,61,1005.4
2026-04-18T13:00,30.7,64,1005.6
2026-04-18T14:00,30.0,66,1006.1
2026-04-18T15:00,30.2,58,1006.9
2026-04-18T16:00,29.8,60,1007.5
2026-04-18T17:00,28.9,73,1008.1
2026-04-18T18:00,28.4,76,1008.0
2026-04-18T19:00,28.3,70,1007.5
2026-04-18T20:00,28.3,60,1006.8
2026-04-18T21:00,28.1,55,1006.4
2026-04-18T22:00,27.9,53,1005.9
2026-04-18T23:00,27.5,54,1006.0
2026-04-19T00:00,27.5,60,1006.2
2026-04-19T01:00,27.2,60,1006.5
2026-04-19T02:00,28.4,57,1007.2
2026-04-19T03:00,30.2,53,1008.1
2026-04-19T04:00,32.1,47,1008.8
2026-04-19T05:00,34.0,41,1008.6
2026-04-19T06:00,34.2,46,1008.4
2026-04-19T07:00,34.3,50,1007.9
2026-04-19T08:00,34.2,46,1007.3
2026-04-19T09:00,33.7,47,1006.4
2026-04-19T10:00,33.6,46,1006.0
2026-04-19T11:00,33.3,46,1005.5
2026-04-19T12:00,32.2,47,1005.1
2026-04-19T13:00,30.9,53,1005.7
2026-04-19T14:00,30.3,57,1006.6
2026-04-19T15:00,29.9,59,1007.4
2026-04-19T16:00,29.3,66,1008.1
2026-04-19T17:00,28.7,70,1008.6
2026-04-19T18:00,28.3,72,1008.3
2026-04-19T19:00,28.0,73,1008.2
2026-04-19T20:00,28.2,71,1008.5
2026-04-19T21:00,28.0,71,1008.2
2026-04-19T22:00,27.7,70,1007.6
2026-04-19T23:00,27.0,74,1007.7
2026-04-20T00:00,26.9,79,1007.7
2026-04-20T01:00,26.8,79,1008.0
2026-04-20T02:00,28.0,74,1008.5
2026-04-20T03:00,29.4,68,1009.2
2026-04-20T04:00,31.2,60,1009.3
2026-04-20T05:00,33.3,50,1009.2
2026-04-20T06:00,34.2,50,1008.4
2026-04-20T07:00,34.0,46,1007.7
2026-04-20T08:00,35.1,38,1007.3
2026-04-20T09:00,34.4,45,1006.7
2026-04-20T10:00,34.0,46,1005.3
2026-04-20T11:00,32.7,51,1005.0
2026-04-20T12:00,30.9,62,1004.9
2026-04-20T13:00,29.6,70,1005.2
2026-04-20T14:00,28.9,74,1006.1
2026-04-20T15:00,28.7,72,1006.8
2026-04-20T16:00,28.5,71,1007.3
2026-04-20T17:00,28.2,75,1008.0
2026-04-20T18:00,28.1,78,1007.9
2026-04-20T19:00,27.7,81,1007.4
2026-04-20T20:00,27.4,83,1007.0
2026-04-20T21:00,27.1,84,1006.7
2026-04-20T22:00,27.1,84,1006.4
2026-04-20T23:00,26.6,86,1006.3
2026-04-21T00:00,26.4,87,1006.9
2026-04-21T01:00,26.5,86,1007.1
2026-04-21T02:00,27.8,75,1007.5
2026-04-21T03:00,29.9,59,1008.5
2026-04-21T04:00,32.1,48,1008.7
2026-04-21T05:00,33.4,48,1008.6
2026-04-21T06:00,33.9,49,1008.5
2026-04-21T07:00,35.4,46,1007.5
2026-04-21T08:00,35.3,50,1006.4
2026-04-21T09:00,34.6,50,1005.3
2026-04-21T10:00,33.8,50,1004.9
2026-04-21T11:00,33.3,50,1004.4
2026-04-21T12:00,32.4,47,1003.8
2026-04-21T13:00,31.1,56,1004.2
2026-04-21T14:00,30.4,58,1005.0
2026-04-21T15:00,30.1,60,1005.5
2026-04-21T16:00,30.0,57,1006.8
2026-04-21T17:00,29.4,62,1007.5
2026-04-21T18:00,28.9,67,1007.6
2026-04-21T19:00,28.6,67,1007.2
2026-04-21T20:00,28.1,68,1006.9
2026-04-21T21:00,27.8,66,1007.2
2026-04-21T22:00,27.0,68,1006.6
2026-04-21T23:00,26.7,71,1006.6
2026-04-22T00:00,27.3,68,1007.4
2026-04-22T01:00,27.4,69,1008.0
2026-04-22T02:00,28.6,67,1008.8
2026-04-22T03:00,30.3,62,1009.3
2026-04-22T04:00,32.0,53,1009.6
2026-04-22T05:00,33.7,48,1009.2
2026-04-22T06:00,33.8,51,1008.7
2026-04-22T07:00,33.9,56,1007.9
2026-04-22T08:00,33.5,55,1006.7
2026-04-22T09:00,33.3,54,1006.6
2026-04-22T10:00,32.9,55,1005.5
2026-04-22T11:00,32.3,55,1005.2
2026-04-22T12:00,31.5,57,1004.5
2026-04-22T13:00,30.3,63,1005.0
2026-04-22T14:00,29.7,66,1006.0
2026-04-22T15:00,29.3,69,1006.7
2026-04-22T16:00,29.1,69,1007.3
2026-04-22T17:00,28.7,69,1007.9
2026-04-22T18:00,28.6,68,1007.9
2026-04-22T19:00,28.1,68,1007.3
2026-04-22T20:00,27.7,67,1006.9
2026-04-22T21:00,27.4,64,1006.7
2026-04-22T22:00,26.8,64,1006.3
2026-04-22T23:00,26.8,61,1006.3
2026-04-23T00:00,26.4,66,1006.4
2026-04-23T01:00,27.2,61,1006.6
2026-04-23T02:00,28.4,57,1007.3
2026-04-23T03:00,30.5,48,1007.9
2026-04-23T04:00,33.1,36,1008.1
2026-04-23T05:00,35.2,32,1008.0
2026-04-23T06:00,36.1,35,1007.2
2026-04-23T07:00,36.0,45,1006.4
2026-04-23T08:00,35.4,51,1005.6
2026-04-23T09:00,34.8,50,1004.9
2026-04-23T10:00,34.1,49,1004.4
2026-04-23T11:00,34.1,48,1004.1
2026-04-23T12:00,33.4,48,1003.2
2026-04-23T13:00,32.9,43,1004.2
2026-04-23T14:00,32.2,45,1004.7
2026-04-23T15:00,32.0,44,1005.7
2026-04-23T16:00,30.6,54,1006.2
2026-04-23T17:00,30.2,54,1006.6
2026-04-23T18:00,30.0,55,1006.9
2026-04-23T19:00,29.7,55,1006.2
2026-04-23T20:00,29.4,56,1005.7
2026-04-23T21:00,29.1,58,1005.6
2026-04-23T22:00,28.5,65,1005.1
2026-04-23T23:00,27.9,68,1005.7
2026-04-24T00:00,27.7,67,1006.2
2026-04-24T01:00,28.2,62,1006.9
2026-04-24T02:00,29.1,58,1007.8
2026-04-24T03:00,30.6,52,1008.7
2026-04-24T04:00,32.6,48,1008.6
2026-04-24T05:00,34.6,44,1007.9
2026-04-24T06:00,35.0,50,1007.6
2026-04-24T07:00,34.6,53,1006.9
2026-04-24T08:00,36.0,46,1006.3
2026-04-24T09:00,36.1,48,1005.4
2026-04-24T10:00,37.3,37,1004.7
2026-04-24T11:00,35.1,52,1004.3
2026-04-24T12:00,33.6,48,1003.7
2026-04-24T13:00,31.9,57,1004.1
2026-04-24T14:00,30.9,62,1004.7
2026-04-24T15:00,30.8,57,1005.5
2026-04-24T16:00,30.0,65,1006.5
2026-04-24T17:00,29.4,67,1006.9
2026-04-24T18:00,28.9,71,1006.9
2026-04-24T19:00,29.0,63,1006.9
2026-04-24T20:00,29.0,57,1006.5
2026-04-24T21:00,28.9,59,1006.2
2026-04-24T22:00,28.5,58,1005.9
2026-04-24T23:00,27.9,57,1006.4
2026-04-25T00:00,28.0,56,1006.2
2026-04-25T01:00,28.0,55,1006.9
2026-04-25T02:00,29.0,52,1007.2
2026-04-25T03:00,31.7,42,1008.0
2026-04-25T04:00,34.7,32,1008.4
2026-04-25T05:00,37.3,27,1008.3
2026-04-25T06:00,37.0,34,1008.1
2026-04-25T07:00,36.5,46,1007.4
2026-04-25T08:00,35.8,48,1006.5
2026-04-25T09:00,36.4,40,1005.6
2026-04-25T10:00,36.8,42,1004.7
2026-04-25T11:00,35.6,39,1004.6
2026-04-25T12:00,33.8,46,1004.5
2026-04-25T13:00,32.0,53,1004.9
2026-04-25T14:00,30.9,61,1005.6
2026-04-25T15:00,30.8,60,1006.4
2026-04-25T16:00,30.2,64,1007.1
2026-04-25T17:00,30.1,60,1007.9
2026-04-25T18:00,30.4,51,1007.6
2026-04-25T19:00,29.9,49,1006.9
2026-04-25T20:00,29.1,50,1006.3
2026-04-25T21:00,29.1,52,1005.9
2026-04-25T22:00,28.2,59,1005.8
2026-04-25T23:00,27.8,64,1005.8
2026-04-26T00:00,28.1,61,1006.1
2026-04-26T01:00,28.4,64,1006.5
2026-04-26T02:00,29.7,62,1007.3
2026-04-26T03:00,31.3,59,1007.9
2026-04-26T04:00,33.2,53,1008.2
2026-04-26T05:00,34.6,50,1008.0
2026-04-26T06:00,34.3,55,1007.7
2026-04-26T07:00,34.7,56,1007.2
2026-04-26T08:00,34.5,55,1006.2
2026-04-26T09:00,34.1,53,1005.0
2026-04-26T10:00,34.4,52,1004.7
2026-04-26T11:00,33.5,55,1004.2
2026-04-26T12:00,32.5,59,1003.7
2026-04-26T13:00,30.8,71,1004.1
2026-04-26T14:00,29.8,78,1005.1
2026-04-26T15:00,29.4,81,1005.7
2026-04-26T16:00,29.1,84,1006.4
2026-04-26T17:00,28.8,86,1007.0
2026-04-26T18:00,28.7,86,1007.0
2026-04-26T19:00,28.6,86,1006.5
2026-04-26T20:00,28.4,86,1006.2
2026-04-26T21:00,28.3,87,1005.9
2026-04-26T22:00,28.1,87,1005.5
2026-04-26T23:00,27.9,88,1005.3
2026-04-27T00:00,27.6,92,1005.3
2026-04-27T01:00,27.7,91,1006.2
2026-04-27T02:00,28.5,86,1006.7
2026-04-27T03:00,30.0,76,1007.3
2026-04-27T04:00,31.2,68,1007.8
2026-04-27T05:00,32.1,64,1008.0
2026-04-27T06:00,32.1,64,1007.4
2026-04-27T07:00,32.8,59,1006.9
2026-04-27T08:00,32.8,61,1006.2
2026-04-27T09:00,32.7,62,1005.1
2026-04-27T10:00,32.4,63,1004.9
2026-04-27T11:00,32.0,65,1004.2
2026-04-27T12:00,31.1,71,1003.7
2026-04-27T13:00,30.0,78,1004.2
2026-04-27T14:00,29.3,80,1004.6
2026-04-27T15:00,29.0,80,1005.2
2026-04-27T16:00,28.7,82,1005.8
2026-04-27T17:00,28.5,83,1006.0
2026-04-27T18:00,28.4,85,1005.5
2026-04-27T19:00,28.1,86,1005.1
2026-04-27T20:00,27.8,88,1005.2
2026-04-27T21:00,27.7,89,1005.2
2026-04-27T22:00,27.4,91,1005.2
2026-04-27T23:00,27.2,91,1005.6
2026-04-28T00:00,27.4,91,1005.6
2026-04-28T01:00,27.5,90,1006.1
2026-04-28T02:00,28.2,87,1006.9
2026-04-28T03:00,29.5,78,1007.4
2026-04-28T04:00,31.0,68,1007.9
2026-04-28T05:00,32.3,62,1007.8
2026-04-28T06:00,32.6,60,1007.7
2026-04-28T07:00,33.2,55,1007.1
2026-04-28T08:00,33.3,54,1006.3
2026-04-28T09:00,33.3,54,1005.6
2026-04-28T10:00,32.5,59,1004.9
2026-04-28T11:00,31.8,62,1004.6
2026-04-28T12:00,31.1,64,1004.2
2026-04-28T13:00,30.0,70,1004.4
2026-04-28T14:00,29.2,76,1005.0
2026-04-28T15:00,28.9,79,1005.7
2026-04-28T16:00,28.6,81,1006.4
2026-04-28T17:00,28.4,83,1006.8
2026-04-28T18:00,28.4,85,1006.8
2026-04-28T19:00,28.1,87,1006.1
2026-04-28T20:00,27.8,89,1005.6
2026-04-28T21:00,27.6,90,1005.5
2026-04-28T22:00,27.2,91,1005.4
2026-04-28T23:00,26.9,92,1005.5
2026-04-29T00:00,26.8,93,1005.5
2026-04-29T01:00,26.8,93,1006.1
2026-04-29T02:00,27.5,88,1006.8
2026-04-29T03:00,29.4,74,1007.7
2026-04-29T04:00,31.1,64,1008.1
2026-04-29T05:00,32.1,60,1008.1
2026-04-29T06:00,32.5,55,1007.9
2026-04-29T07:00,33.1,49,1007.4
2026-04-29T08:00,33.1,53,1006.8
2026-04-29T09:00,32.9,54,1006.1
2026-04-29T10:00,32.5,56,1005.7
2026-04-29T11:00,31.8,61,1005.3
2026-04-29T12:00,31.1,63,1004.7
2026-04-29T13:00,29.9,72,1005.0
2026-04-29T14:00,29.2,79,1005.4
2026-04-29T15:00,28.9,82,1006.3
2026-04-29T16:00,28.6,84,1006.7
2026-04-29T17:00,28.7,82,1007.2
2026-04-29T18:00,28.6,82,1007.1
2026-04-29T19:00,28.6,81,1007.0
2026-04-29T20:00,28.2,83,1006.6
2026-04-29T21:00,27.9,85,1006.4
2026-04-29T22:00,27.5,88,1006.0
2026-04-29T23:00,27.1,92,1006.3
2026-04-30T00:00,27.0,93,1006.2
2026-04-30T01:00,27.2,92,1006.9
2026-04-30T02:00,28.3,85,1007.6
2026-04-30T03:00,29.9,74,1008.5
2026-04-30T04:00,31.1,66,1009.3
2026-04-30T05:00,31.9,62,1009.4
2026-04-30T06:00,32.1,61,1009.2
2026-04-30T07:00,32.7,58,1008.9
2026-04-30T08:00,32.7,59,1008.1
2026-04-30T09:00,32.4,61,1007.2
2026-04-30T10:00,32.1,63,1006.6
2026-04-30T11:00,31.4,66,1006.3
2026-04-30T12:00,30.8,71,1006.4
2026-04-30T13:00,29.9,75,1006.5
2026-04-30T14:00,29.3,79,1006.7
2026-04-30T15:00,29.2,80,1007.3
2026-04-30T16:00,29.0,81,1007.8
2026-04-30T17:00,28.9,81,1008.3
2026-04-30T18:00,28.7,82,1008.0
2026-04-30T19:00,28.5,82,1007.5
2026-04-30T20:00,28.5,82,1007.2
2026-04-30T21:00,28.3,83,1007.1
2026-04-30T22:00,28.3,82,1007.0
2026-04-30T23:00,28.2,81,1007.0
2026-05-01T00:00,28.3,80,1007.1
2026-05-01T01:00,28.5,79,1007.6
2026-05-01T02:00,29.3,73,1008.3
2026-05-01T03:00,30.3,67,1009.0
2026-05-01T04:00,31.3,61,1009.8
2026-05-01T05:00,31.8,60,1009.9
2026-05-01T06:00,32.1,61,1009.6
2026-05-01T07:00,32.5,60,1009.2
2026-05-01T08:00,32.4,60,1008.7
2026-05-01T09:00,32.5,60,1007.5
2026-05-01T10:00,32.0,63,1006.9
2026-05-01T11:00,31.5,65,1006.1
2026-05-01T12:00,30.6,69,1006.5
2026-05-01T13:00,29.8,72,1006.6
2026-05-01T14:00,29.5,73,1007.0
2026-05-01T15:00,29.3,73,1007.3
2026-05-01T16:00,29.0,75,1007.5
2026-05-01T17:00,28.9,75,1008.1
2026-05-01T18:00,29.1,77,1008.1
2026-05-01T19:00,28.9,78,1007.3
2026-05-01T20:00,28.6,80,1006.6
2026-05-01T21:00,28.2,82,1006.2
2026-05-01T22:00,28.0,82,1005.8
2026-05-01T23:00,27.8,84,1005.9
2026-05-02T00:00,27.7,84,1005.9
2026-05-02T01:00,27.8,85,1006.3
2026-05-02T02:00,28.6,81,1007.0
2026-05-02T03:00,30.0,72,1007.7
2026-05-02T04:00,31.1,65,1008.2
2026-05-02T05:00,31.9,60,1008.4
2026-05-02T06:00,32.2,59,1008.1
2026-05-02T07:00,32.5,59,1007.7
2026-05-02T08:00,32.6,59,1007.1
2026-05-02T09:00,32.7,59,1006.3
2026-05-02T10:00,32.2,61,1005.5
2026-05-02T11:00,31.8,62,1005.2
2026-05-02T12:00,30.8,68,1004.8
2026-05-02T13:00,30.1,71,1004.9
2026-05-02T14:00,29.7,73,1005.4
2026-05-02T15:00,29.7,72,1005.9
2026-05-02T16:00,29.6,72,1006.4
2026-05-02T17:00,29.4,73,1007.0
2026-05-02T18:00,29.2,76,1006.6
2026-05-02T19:00,29.1,76,1006.3
2026-05-02T20:00,29.0,77,1006.1
2026-05-02T21:00,28.8,79,1006.0
2026-05-02T22:00,28.7,79,1005.8
2026-05-02T23:00,28.5,80,1005.9
2026-05-03T00:00,28.6,79,1006.0
2026-05-03T01:00,28.7,78,1006.4
2026-05-03T02:00,29.4,74,1007.1
2026-05-03T03:00,30.6,67,1007.6
2026-05-03T04:00,31.4,63,1008.2
2026-05-03T05:00,32.1,61,1008.4
2026-05-03T06:00,32.3,60,1007.9
2026-05-03T07:00,32.8,58,1007.3
2026-05-03T08:00,32.9,59,1006.7
2026-05-03T09:00,32.7,60,1005.9
2026-05-03T10:00,32.2,64,1005.4
2026-05-03T11:00,31.5,67,1005.1
2026-05-03T12:00,30.6,71,1004.9
2026-05-03T13:00,29.6,77,1005.2
2026-05-03T14:00,29.0,80,1005.4
2026-05-03T15:00,28.9,80,1006.0
2026-05-03T16:00,28.9,79,1006.7
2026-05-03T17:00,28.9,78,1007.4
2026-05-03T18:00,29.1,78,1007.2
2026-05-03T19:00,29.0,78,1006.8
2026-05-03T20:00,28.9,78,1006.1
2026-05-03T21:00,28.8,77,1005.8
2026-05-03T22:00,28.6,78,1005.5
2026-05-03T23:00,28.4,78,1005.7
2026-05-04T00:00,28.4,78,1005.5
2026-05-04T01:00,28.8,76,1005.9
2026-05-04T02:00,29.5,71,1006.6
2026-05-04T03:00,30.5,66,1007.3
2026-05-04T04:00,31.4,61,1007.7
2026-05-04T05:00,32.0,60,1007.9
2026-05-04T06:00,32.5,60,1007.5
2026-05-04T07:00,32.9,59,1007.3
2026-05-04T08:00,32.9,59,1006.9
2026-05-04T09:00,32.8,59,1006.2
2026-05-04T10:00,32.3,60,1005.5
2026-05-04T11:00,31.8,62,1005.0
2026-05-04T12:00,31.1,65,1004.6
2026-05-04T13:00,30.2,69,1004.8
2026-05-04T14:00,29.7,72,1005.1
2026-05-04T15:00,29.6,72,1005.7
2026-05-04T16:00,29.6,72,1006.4
2026-05-04T17:00,29.4,73,1007.2
2026-05-04T18:00,29.4,73,1006.9
2026-05-04T19:00,29.3,73,1006.6
2026-05-04T20:00,29.2,74,1006.7
2026-05-04T21:00,29.2,74,1006.8
2026-05-04T22:00,28.8,76,1006.7
2026-05-04T23:00,28.6,77,1006.9
2026-05-05T00:00,28.6,81,1007.4
2026-05-05T01:00,28.9,77,1007.8
2026-05-05T02:00,29.8,70,1008.5
2026-05-05T03:00,31.0,65,1008.9
2026-05-05T04:00,32.0,60,1009.0
2026-05-05T05:00,32.7,58,1009.1
2026-05-05T06:00,32.8,59,1008.9
2026-05-05T07:00,33.0,58,1008.6
2026-05-05T08:00,32.9,59,1007.9
2026-05-05T09:00,32.8,60,1007.3
2026-05-05T10:00,32.2,63,1006.6
2026-05-05T11:00,31.5,65,1006.6
2026-05-05T12:00,31.0,65,1006.3
2026-05-05T13:00,30.0,69,1006.6
2026-05-05T14:00,29.4,72,1007.2
2026-05-05T15:00,29.1,72,1007.7
2026-05-05T16:00,28.8,73,1008.1
2026-05-05T17:00,28.6,74,1008.6
2026-05-05T18:00,28.6,77,1008.6
2026-05-05T19:00,28.5,78,1008.3
2026-05-05T20:00,28.2,78,1007.9
2026-05-05T21:00,28.0,79,1007.6
2026-05-05T22:00,27.7,79,1007.6
2026-05-05T23:00,27.5,80,1007.7
2026-05-06T00:00,27.3,82,1007.9
2026-05-06T01:00,27.7,78,1008.4
2026-05-06T02:00,28.6,70,1008.8
2026-05-06T03:00,29.8,64,1008.9
2026-05-06T04:00,31.3,54,1008.9
2026-05-06T05:00,32.9,46,1008.6
2026-05-06T06:00,33.0,51,1008.3
2026-05-06T07:00,32.9,56,1007.4
2026-05-06T08:00,32.8,57,1006.7
2026-05-06T09:00,32.7,56,1005.7
2026-05-06T10:00,32.2,61,1004.9
2026-05-06T11:00,31.6,62,1004.4
2026-05-06T12:00,30.9,66,1004.0
2026-05-06T13:00,29.8,73,1004.0
2026-05-06T14:00,29.2,78,1004.4
2026-05-06T15:00,28.9,80,1004.7
2026-05-06T16:00,28.7,82,1005.3
2026-05-06T17:00,28.5,83,1005.9
2026-05-06T18:00,28.5,85,1005.7
2026-05-06T19:00,28.4,86,1005.2
2026-05-06T20:00,28.1,88,1005.1
2026-05-06T21:00,27.9,89,1004.9
2026-05-06T22:00,27.6,90,1004.7
2026-05-06T23:00,27.6,90,1005.0
2026-05-07T00:00,27.0,95,1005.1
2026-05-07T01:00,27.2,93,1005.7
2026-05-07T02:00,28.4,83,1006.3
2026-05-07T03:00,30.5,67,1006.8
2026-05-07T04:00,32.6,57,1007.1
2026-05-07T05:00,33.7,57,1007.3
2026-05-07T06:00,33.6,63,1007.1
2026-05-07T07:00,33.8,59,1007.2
2026-05-07T08:00,33.8,61,1006.5
2026-05-07T09:00,33.7,62,1005.3
2026-05-07T10:00,33.3,62,1005.0
2026-05-07T11:00,33.4,62,1004.6
2026-05-07T12:00,32.5,60,1004.1
2026-05-07T13:00,30.9,68,1004.4
2026-05-07T14:00,29.8,75,1005.1
2026-05-07T15:00,29.4,79,1005.7
2026-05-07T16:00,29.2,81,1006.1
2026-05-07T17:00,29.1,82,1006.6
2026-05-07T18:00,28.8,83,1007.1
2026-05-07T19:00,28.6,85,1007.0
2026-05-07T20:00,28.4,87,1006.7
2026-05-07T21:00,28.1,90,1006.3
2026-05-07T22:00,27.8,91,1006.3
2026-05-07T23:00,27.6,92,1006.5
2026-05-08T00:00,28.1,89,1006.7
2026-05-08T01:00,28.1,89,1007.1
2026-05-08T02:00,28.9,82,1007.5
2026-05-08T03:00,30.8,68,1008.0
2026-05-08T04:00,33.1,53,1008.2
2026-05-08T05:00,35.1,43,1008.2
2026-05-08T06:00,35.1,52,1007.4
2026-05-08T07:00,34.4,59,1007.0
2026-05-08T08:00,34.7,57,1006.2
2026-05-08T09:00,33.8,58,1005.6
2026-05-08T10:00,33.7,59,1004.9
2026-05-08T11:00,33.2,58,1004.7
2026-05-08T12:00,32.5,62,1004.2
2026-05-08T13:00,30.9,73,1004.3
2026-05-08T14:00,30.0,80,1004.6
2026-05-08T15:00,29.7,83,1005.9
2026-05-08T16:00,29.7,82,1006.7
2026-05-08T17:00,29.6,78,1007.2
2026-05-08T18:00,29.6,78,1006.8
2026-05-08T19:00,29.2,79,1006.6
2026-05-08T20:00,29.1,80,1006.3
2026-05-08T21:00,28.8,83,1006.1
2026-05-08T22:00,28.4,86,1006.3
2026-05-08T23:00,27.9,89,1006.4
2026-05-09T00:00,27.9,93,1006.5
2026-05-09T01:00,28.4,90,1007.0
2026-05-09T02:00,29.6,80,1007.7
2026-05-09T03:00,31.6,64,1008.2
2026-05-09T04:00,34.3,48,1008.6
2026-05-09T05:00,36.3,39,1008.4
2026-05-09T06:00,35.8,51,1007.7
2026-05-09T07:00,36.2,55,1007.0
2026-05-09T08:00,36.1,54,1006.3
2026-05-09T09:00,35.4,49,1005.4
2026-05-09T10:00,35.0,48,1004.7
2026-05-09T11:00,34.5,49,1004.5
2026-05-09T12:00,33.1,53,1004.8
2026-05-09T13:00,31.9,60,1005.3
2026-05-09T14:00,30.9,66,1005.7
2026-05-09T15:00,30.6,69,1006.4
2026-05-09T16:00,30.4,68,1006.7
2026-05-09T17:00,30.1,68,1007.1
2026-05-09T18:00,29.6,73,1007.4
2026-05-09T19:00,29.3,77,1007.2
2026-05-09T20:00,28.8,81,1006.6
2026-05-09T21:00,28.4,84,1006.2
2026-05-09T22:00,27.7,89,1006.0
2026-05-09T23:00,27.3,90,1005.8
2026-05-10T00:00,27.3,89,1005.9
2026-05-10T01:00,28.1,85,1006.2
2026-05-10T02:00,29.6,75,1006.7
2026-05-10T03:00,31.8,57,1007.1
2026-05-10T04:00,34.1,46,1007.2
2026-05-10T05:00,35.9,41,1006.7
2026-05-10T06:00,36.2,46,1006.2
2026-05-10T07:00,36.2,53,1005.4
2026-05-10T08:00,35.7,52,1004.8
2026-05-10T09:00,34.9,48,1004.2
2026-05-10T10:00,35.3,46,1003.1
2026-05-10T11:00,34.7,47,1002.4
2026-05-10T12:00,33.4,52,1002.3
2026-05-10T13:00,32.3,58,1002.6
2026-05-10T14:00,31.5,65,1003.1
2026-05-10T15:00,31.3,65,1003.8
2026-05-10T16:00,30.8,70,1004.4
2026-05-10T17:00,30.6,68,1004.8
2026-05-10T18:00,30.3,71,1005.0
2026-05-10T19:00,30.1,72,1004.2
2026-05-10T20:00,29.5,73,1004.0
2026-05-10T21:00,29.2,73,1004.0
2026-05-10T22:00,29.3,73,1004.1
2026-05-10T23:00,29.0,76,1004.1
2026-05-11T00:00,28.9,80,1004.6
2026-05-11T01:00,29.2,81,1005.3
2026-05-11T02:00,30.3,77,1006.2
2026-05-11T03:00,32.7,58,1006.6
2026-05-11T04:00,35.4,43,1006.7
2026-05-11T05:00,37.3,36,1006.5
2026-05-11T06:00,37.9,37,1006.3
2026-05-11T07:00,37.2,42,1005.8
2026-05-11T08:00,35.7,47,1005.3
2026-05-11T09:00,35.7,46,1004.6
2026-05-11T10:00,34.3,49,1003.7
2026-05-11T11:00,33.4,55,1003.4
2026-05-11T12:00,33.2,51,1003.1
2026-05-11T13:00,31.7,58,1003.4
2026-05-11T14:00,30.7,71,1003.6
2026-05-11T15:00,30.3,76,1004.6
2026-05-11T16:00,30.2,76,1005.4
2026-05-11T17:00,30.1,75,1005.7
2026-05-11T18:00,29.7,78,1005.6
2026-05-11T19:00,29.4,78,1005.2
2026-05-11T20:00,29.1,77,1004.8
2026-05-11T21:00,28.8,79,1004.6
2026-05-11T22:00,28.5,80,1004.6
2026-05-11T23:00,28.5,80,1004.5
2026-05-12T00:00,28.4,85,1004.8
2026-05-12T01:00,28.5,87,1005.2
2026-05-12T02:00,29.6,82,1005.9
2026-05-12T03:00,31.4,70,1006.3
2026-05-12T04:00,33.2,60,1006.7
2026-05-12T05:00,34.4,54,1006.4
2026-05-12T06:00,34.5,56,1005.6
2026-05-12T07:00,34.3,55,1005.0
2026-05-12T08:00,33.9,58,1004.2
2026-05-12T09:00,33.4,61,1003.3
2026-05-12T10:00,33.1,61,1002.4
2026-05-12T11:00,32.4,66,1001.8
2026-05-12T12:00,32.3,64,1001.2
2026-05-12T13:00,31.5,66,1001.9
2026-05-12T14:00,30.7,72,1002.1
2026-05-12T15:00,30.4,75,1003.0
2026-05-12T16:00,30.0,81,1003.7
2026-05-12T17:00,29.8,82,1004.3
2026-05-12T18:00,29.7,83,1003.9
2026-05-12T19:00,29.6,83,1003.4
2026-05-12T20:00,29.6,83,1003.1
2026-05-12T21:00,29.6,82,1003.1
2026-05-12T22:00,29.5,83,1003.2
2026-05-12T23:00,29.6,82,1003.8
2026-05-13T00:00,29.7,78,1003.9
2026-05-13T01:00,29.6,77,1004.3
2026-05-13T02:00,30.2,74,1005.1
2026-05-13T03:00,31.0,70,1005.6
2026-05-13T04:00,31.4,68,1006.2
2026-05-13T05:00,32.6,63,1006.3
2026-05-13T06:00,32.2,65,1005.7
2026-05-13T07:00,32.3,65,1005.0
2026-05-13T08:00,33.2,63,1003.9
2026-05-13T09:00,32.6,66,1003.6
2026-05-13T10:00,32.1,67,1003.2
2026-05-13T11:00,32.1,68,1002.7
2026-05-13T12:00,31.7,71,1001.9
2026-05-13T13:00,30.6,73,1002.0
2026-05-13T14:00,29.9,79,1002.5
2026-05-13T15:00,29.9,79,1003.6
2026-05-13T16:00,30.0,77,1004.5
2026-05-13T17:00,30.0,76,1005.0
2026-05-13T18:00,29.7,75,1005.0
2026-05-13T19:00,29.6,75,1004.5
2026-05-13T20:00,29.5,76,1003.6
2026-05-13T21:00,29.4,77,1003.1
2026-05-13T22:00,29.4,76,1002.8
2026-05-13T23:00,29.4,76,1002.8
2026-05-14T00:00,29.2,79,1003.1
2026-05-14T01:00,29.3,78,1003.7
2026-05-14T02:00,29.9,76,1004.3
2026-05-14T03:00,31.3,69,1004.7
2026-05-14T04:00,32.5,63,1005.1
2026-05-14T05:00,33.1,61,1005.2
2026-05-14T06:00,33.2,63,1004.9
2026-05-14T07:00,33.3,62,1004.2
2026-05-14T08:00,33.6,58,1003.6
2026-05-14T09:00,33.3,59,1002.9
2026-05-14T10:00,32.9,61,1002.3
2026-05-14T11:00,32.3,63,1001.8
2026-05-14T12:00,31.8,64,1002.1
2026-05-14T13:00,30.9,68,1002.4
2026-05-14T14:00,30.2,74,1002.9
2026-05-14T15:00,30.0,76,1003.5
2026-05-14T16:00,29.8,78,1004.2
2026-05-14T17:00,29.8,78,1004.9
2026-05-14T18:00,29.6,76,1004.6
2026-05-14T19:00,29.5,77,1004.1
2026-05-14T20:00,29.3,79,1003.6
2026-05-14T21:00,29.2,80,1003.2
2026-05-14T22:00,29.1,80,1003.3
2026-05-14T23:00,29.1,80,1003.6
2026-05-15T00:00,29.3,79,1004.0
2026-05-15T01:00,29.2,80,1004.9
2026-05-15T02:00,30.0,75,1005.7
2026-05-15T03:00,30.9,70,1006.2
2026-05-15T04:00,31.5,67,1006.8
2026-05-15T05:00,32.2,64,1007.3
2026-05-15T06:00,32.1,64,1007.3
2026-05-15T07:00,32.7,60,1006.7
2026-05-15T08:00,33.0,59,1005.5
2026-05-15T09:00,32.7,62,1004.7
2026-05-15T10:00,32.4,63,1004.1
2026-05-15T11:00,32.1,64,1003.6
2026-05-15T12:00,31.6,66,1003.7
2026-05-15T13:00,30.6,71,1004.0
2026-05-15T14:00,30.1,74,1004.1
2026-05-15T15:00,29.8,75,1004.8
2026-05-15T16:00,29.7,77,1005.3
2026-05-15T17:00,29.5,77,1005.6
2026-05-15T18:00,29.1,77,1005.1
2026-05-15T19:00,28.9,76,1004.8
2026-05-15T20:00,29.1,74,1004.4
2026-05-15T21:00,29.0,74,1004.1
2026-05-15T22:00,28.9,75,1003.6
2026-05-15T23:00,28.9,76,1004.0
2026-05-16T00:00,28.8,79,1004.3
2026-05-16T01:00,28.8,80,1004.6
2026-05-16T02:00,29.9,73,1005.3
2026-05-16T03:00,31.4,64,1005.6
2026-05-16T04:00,32.8,57,1005.7
2026-05-16T05:00,33.9,52,1005.7
2026-05-16T06:00,33.5,57,1005.3
2026-05-16T07:00,33.2,60,1004.9
2026-05-16T08:00,33.4,59,1004.3
2026-05-16T09:00,33.2,59,1003.4
2026-05-16T10:00,32.6,62,1002.9
2026-05-16T11:00,31.8,67,1002.6
2026-05-16T12:00,31.6,69,1002.3
2026-05-16T13:00,30.5,74,1002.5
2026-05-16T14:00,29.9,76,1002.9
2026-05-16T15:00,29.8,78,1003.6
2026-05-16T16:00,29.6,79,1004.5
2026-05-16T17:00,29.5,81,1005.2
2026-05-16T18:00,29.3,81,1005.4
2026-05-16T19:00,29.2,82,1005.1
2026-05-16T20:00,29.1,82,1004.8
2026-05-16T21:00,29.0,82,1004.5
2026-05-16T22:00,28.9,82,1004.4
2026-05-16T23:00,28.6,85,1004.6
2026-05-17T00:00,28.7,83,1005.0
2026-05-17T01:00,28.9,81,1005.4
2026-05-17T02:00,29.8,75,1006.0
2026-05-17T03:00,31.3,66,1006.3
2026-05-17T04:00,32.4,61,1006.7
2026-05-17T05:00,33.3,59,1006.6
2026-05-17T06:00,33.4,62,1006.5
2026-05-17T07:00,33.0,65,1005.9
2026-05-17T08:00,33.3,62,1005.1
2026-05-17T09:00,33.4,62,1004.1
2026-05-17T10:00,32.8,64,1003.2
2026-05-17T11:00,32.2,67,1002.7
2026-05-17T12:00,31.7,70,1002.6
2026-05-17T13:00,30.9,74,1002.8
2026-05-17T14:00,30.4,77,1003.3
2026-05-17T15:00,30.0,80,1004.1
2026-05-17T16:00,29.9,82,1005.1
2026-05-17T17:00,29.6,82,1005.5
2026-05-17T18:00,29.5,80,1005.2
2026-05-17T19:00,29.2,81,1004.7
2026-05-17T20:00,28.8,82,1004.0
2026-05-17T21:00,28.4,85,1003.3
2026-05-17T22:00,28.2,86,1003.4
2026-05-17T23:00,28.2,86,1003.9
2026-05-18T00:00,28.6,82,1004.2
2026-05-18T01:00,29.0,80,1004.8
2026-05-18T02:00,30.0,76,1005.5
2026-05-18T03:00,31.4,69,1006.0
2026-05-18T04:00,32.7,62,1006.2
2026-05-18T05:00,33.4,60,1006.3
2026-05-18T06:00,33.4,61,1006.0
2026-05-18T07:00,33.3,64,1005.4
2026-05-18T08:00,33.1,66,1004.6
2026-05-18T09:00,32.9,65,1003.8
2026-05-18T10:00,32.7,65,1003.5
2026-05-18T11:00,32.2,67,1003.1
2026-05-18T12:00,31.7,68,1002.7
2026-05-18T13:00,30.9,71,1003.1
2026-05-18T14:00,30.3,74,1003.8
2026-05-18T15:00,30.0,76,1004.1
2026-05-18T16:00,29.7,79,1004.8
2026-05-18T17:00,29.4,82,1005.5
2026-05-18T18:00,29.2,82,1005.2
2026-05-18T19:00,29.0,83,1004.8
2026-05-18T20:00,28.9,82,1004.8
2026-05-18T21:00,28.7,82,1004.4
2026-05-18T22:00,28.5,82,1004.0
2026-05-18T23:00,28.4,81,1004.1
2026-05-19T00:00,28.3,84,1004.1
2026-05-19T01:00,28.5,83,1004.9
2026-05-19T02:00,29.4,76,1005.8
2026-05-19T03:00,30.5,69,1006.6
2026-05-19T04:00,31.5,63,1007.1
2026-05-19T05:00,32.2,60,1007.5
2026-05-19T06:00,32.0,63,1007.5
2026-05-19T07:00,32.6,60,1006.9
2026-05-19T08:00,32.4,60,1006.4
2026-05-19T09:00,32.5,58,1005.6
2026-05-19T10:00,32.1,61,1004.9
2026-05-19T11:00,31.7,61,1004.5
2026-05-19T12:00,31.0,65,1004.6
2026-05-19T13:00,30.3,69,1004.8
2026-05-19T14:00,29.9,71,1005.4
2026-05-19T15:00,29.7,73,1006.1
2026-05-19T16:00,29.5,73,1006.6
2026-05-19T17:00,29.4,73,1007.1
2026-05-19T18:00,29.3,74,1006.8
2026-05-19T19:00,29.1,74,1006.0
2026-05-19T20:00,29.0,74,1005.4
2026-05-19T21:00,29.0,74,1004.7
2026-05-19T22:00,28.9,73,1004.7
2026-05-19T23:00,28.8,74,1005.2
2026-05-20T00:00,28.6,76,1005.4
2026-05-20T01:00,28.8,75,1005.9
2026-05-20T02:00,29.6,71,1006.7
2026-05-20T03:00,30.5,67,1007.0
2026-05-20T04:00,31.4,63,1007.6
2026-05-20T05:00,32.1,60,1007.5
2026-05-20T06:00,32.6,59,1007.4
2026-05-20T07:00,33.1,58,1006.8
2026-05-20T08:00,32.9,59,1006.4
2026-05-20T09:00,32.5,61,1005.6
2026-05-20T10:00,32.3,60,1005.2
2026-05-20T11:00,31.7,62,1005.7
2026-05-20T12:00,31.9,63,1004.9
2026-05-20T13:00,31.1,66,1005.3
2026-05-20T14:00,30.6,70,1005.9
2026-05-20T15:00,30.6,70,1006.2
2026-05-20T16:00,30.5,71,1006.5
2026-05-20T17:00,30.5,70,1006.6
2026-05-20T18:00,30.4,68,1005.9
2026-05-20T19:00,30.2,69,1005.2
2026-05-20T20:00,30.1,69,1004.9
2026-05-20T21:00,30.0,70,1004.7
2026-05-20T22:00,29.8,71,1004.6
2026-05-20T23:00,29.8,71,1005.3
2026-05-21T00:00,29.5,74,1005.5
2026-05-21T01:00,29.6,73,1006.0
2026-05-21T02:00,30.5,69,1006.7
2026-05-21T03:00,31.4,65,1007.2
2026-05-21T04:00,32.4,61,1007.5
2026-05-21T05:00,33.2,57,1007.6
2026-05-21T06:00,33.8,52,1007.3
2026-05-21T07:00,33.9,51,1006.8
2026-05-21T08:00,33.6,54,1006.1
2026-05-21T09:00,33.2,57,1005.4
2026-05-21T10:00,32.7,60,1004.7
2026-05-21T11:00,32.3,62,1004.3
2026-05-21T12:00,32.3,64,1004.2
2026-05-21T13:00,31.3,67,1004.7
2026-05-21T14:00,30.9,69,1005.5
2026-05-21T15:00,30.7,71,1006.1
2026-05-21T16:00,30.5,74,1006.6
2026-05-21T17:00,30.3,75,1007.0
2026-05-21T18:00,30.4,76,1006.7
2026-05-21T19:00,30.2,77,1006.6
2026-05-21T20:00,30.0,77,1006.4
2026-05-21T21:00,29.9,78,1006.3
2026-05-21T22:00,29.9,78,1006.5
2026-05-21T23:00,29.9,77,1006.9
2026-05-22T00:00,29.5,80,1007.1
2026-05-22T01:00,29.6,80,1007.5
2026-05-22T02:00,30.4,75,1008.4
2026-05-22T03:00,31.4,70,1008.9
2026-05-22T04:00,32.1,66,1009.4
2026-05-22T05:00,32.2,65,1009.7
2026-05-22T06:00,32.7,63,1009.4
2026-05-22T07:00,32.9,63,1009.0
2026-05-22T08:00,33.5,60,1008.7
2026-05-22T09:00,32.9,63,1007.7
2026-05-22T10:00,32.5,65,1007.5
2026-05-22T11:00,32.0,67,1007.2
2026-05-22T12:00,32.4,63,1007.6
2026-05-22T13:00,31.5,69,1008.1
2026-05-22T14:00,31.0,71,1008.5
2026-05-22T15:00,30.8,72,1009.0
2026-05-22T16:00,30.7,73,1009.4
2026-05-22T17:00,30.5,75,1009.6
2026-05-22T18:00,30.5,75,1009.0
2026-05-22T19:00,30.3,75,1008.7
2026-05-22T20:00,30.3,74,1008.3
2026-05-22T21:00,30.2,74,1008.0
2026-05-22T22:00,30.0,75,1008.1
2026-05-22T23:00,30.0,76,1008.3
2026-05-23T00:00,29.6,82,1008.3
2026-05-23T01:00,29.7,82,1008.9
2026-05-23T02:00,30.3,78,1009.8
2026-05-23T03:00,31.2,72,1010.2
2026-05-23T04:00,32.0,67,1010.6
2026-05-23T05:00,32.5,64,1010.7
2026-05-23T06:00,33.2,60,1010.2
2026-05-23T07:00,33.5,59,1009.8
2026-05-23T08:00,33.3,60,1009.2
2026-05-23T09:00,33.4,60,1008.6
2026-05-23T10:00,33.0,62,1008.0
2026-05-23T11:00,32.6,64,1007.6
2026-05-23T12:00,33.1,61,1007.2
2026-05-23T13:00,32.3,65,1007.5
2026-05-23T14:00,31.7,67,1007.7
2026-05-23T15:00,31.5,68,1008.1
2026-05-23T16:00,31.3,69,1008.6
2026-05-23T17:00,31.2,71,1009.2
2026-05-23T18:00,31.1,72,1009.0
2026-05-23T19:00,31.0,73,1008.8
2026-05-23T20:00,30.9,72,1008.7
2026-05-23T21:00,30.4,74,1008.4
2026-05-23T22:00,30.1,76,1008.3
2026-05-23T23:00,29.7,78,1008.5
2026-05-24T00:00,29.9,77,1008.6
2026-05-24T01:00,30.0,76,1009.1
2026-05-24T02:00,30.6,73,1009.7
2026-05-24T03:00,31.1,69,1010.5
2026-05-24T04:00,32.0,64,1011.3
2026-05-24T05:00,33.0,62,1011.5
2026-05-24T06:00,34.0,51,1011.3
2026-05-24T07:00,33.8,58,1010.5
2026-05-24T08:00,33.4,60,1009.7
2026-05-24T09:00,33.1,61,1008.8
2026-05-24T10:00,33.0,61,1008.2
2026-05-24T11:00,32.5,62,1007.7
2026-05-24T12:00,31.8,68,1007.9
2026-05-24T13:00,31.5,68,1008.1
2026-05-24T14:00,31.0,72,1008.6
2026-05-24T15:00,30.8,73,1008.9
2026-05-24T16:00,30.6,74,1009.4
2026-05-24T17:00,30.4,75,1009.6
2026-05-24T18:00,30.6,75,1008.9
2026-05-24T19:00,30.3,77,1008.3
2026-05-24T20:00,30.1,78,1008.0
2026-05-24T21:00,29.9,79,1007.6
2026-05-24T22:00,29.6,81,1007.6
2026-05-24T23:00,29.4,82,1007.7
2026-05-25T00:00,29.0,85,1007.8
2026-05-25T01:00,28.8,86,1008.1
2026-05-25T02:00,29.7,80,1008.9
2026-05-25T03:00,31.0,72,1009.3
2026-05-25T04:00,32.1,67,1009.9
2026-05-25T05:00,32.8,64,1010.0
2026-05-25T06:00,33.9,59,1009.4
2026-05-25T07:00,33.6,60,1008.6
2026-05-25T08:00,33.3,63,1007.9
2026-05-25T09:00,32.9,66,1007.0
2026-05-25T10:00,32.4,67,1006.7
2026-05-25T11:00,32.1,67,1006.4
2026-05-25T12:00,32.1,69,1006.1
2026-05-25T13:00,31.5,72,1006.4
2026-05-25T14:00,31.1,73,1007.1
2026-05-25T15:00,31.1,72,1007.7
2026-05-25T16:00,31.0,70,1008.1
2026-05-25T17:00,31.2,69,1008.7
2026-05-25T18:00,31.2,68,1008.6
2026-05-25T19:00,31.0,68,1008.2
2026-05-25T20:00,30.6,70,1007.8
2026-05-25T21:00,30.2,71,1007.4
2026-05-25T22:00,29.5,75,1007.4
2026-05-25T23:00,28.8,80,1007.7
2026-05-26T00:00,29.0,81,1007.9
2026-05-26T01:00,29.2,80,1008.3
2026-05-26T02:00,30.3,74,1008.8
2026-05-26T03:00,31.7,67,1009.4
2026-05-26T04:00,33.0,60,1009.6
2026-05-26T05:00,33.8,57,1009.7
2026-05-26T06:00,33.8,58,1009.2
2026-05-26T07:00,33.6,60,1008.5
2026-05-26T08:00,33.8,59,1007.8
2026-05-26T09:00,33.6,59,1006.8
2026-05-26T10:00,33.2,61,1006.3
2026-05-26T11:00,32.7,62,1006.1
2026-05-26T12:00,32.6,63,1005.9
2026-05-26T13:00,32.0,64,1006.5
2026-05-26T14:00,31.5,66,1007.0
2026-05-26T15:00,31.2,68,1007.9
2026-05-26T16:00,31.0,69,1008.6
2026-05-26T17:00,30.8,70,1009.3
2026-05-26T18:00,30.5,74,1008.8
2026-05-26T19:00,30.4,74,1008.7
2026-05-26T20:00,30.5,72,1008.4
2026-05-26T21:00,30.5,72,1008.1
2026-05-26T22:00,30.1,74,1008.0
2026-05-26T23:00,30.1,74,1008.1
2026-05-27T00:00,29.1,84,1007.9
2026-05-27T01:00,29.3,82,1008.4
2026-05-27T02:00,30.4,75,1009.5
2026-05-27T03:00,31.8,66,1010.1
2026-05-27T04:00,33.2,59,1010.5
2026-05-27T05:00,34.0,56,1010.7
2026-05-27T06:00,34.4,55,1010.5
2026-05-27T07:00,34.1,56,1009.9
2026-05-27T08:00,34.2,54,1009.1
2026-05-27T09:00,33.9,55,1008.2
2026-05-27T10:00,33.6,57,1007.9
2026-05-27T11:00,33.1,59,1007.5
2026-05-27T12:00,32.8,61,1007.4
2026-05-27T13:00,31.8,66,1007.6
2026-05-27T14:00,31.3,68,1008.2
2026-05-27T15:00,31.1,68,1008.6
2026-05-27T16:00,30.9,69,1008.9
2026-05-27T17:00,30.7,70,1009.1
2026-05-27T18:00,30.7,70,1008.9
2026-05-27T19:00,30.6,70,1008.6
2026-05-27T20:00,30.4,71,1008.4
2026-05-27T21:00,30.1,72,1008.1
2026-05-27T22:00,29.9,74,1008.1
2026-05-27T23:00,30.0,73,1008.2
2026-05-28T00:00,29.9,75,1008.5
2026-05-28T01:00,29.9,75,1008.9
2026-05-28T02:00,30.7,70,1009.7
2026-05-28T03:00,31.7,65,1010.2
2026-05-28T04:00,32.8,59,1010.7
2026-05-28T05:00,33.5,56,1010.5
2026-05-28T06:00,34.3,54,1009.9
2026-05-28T07:00,34.4,54,1009.4
2026-05-28T08:00,34.3,55,1008.6
2026-05-28T09:00,34.0,56,1007.8
2026-05-28T10:00,33.5,60,1007.1
2026-05-28T11:00,32.9,63,1006.8
2026-05-28T12:00,32.5,63,1006.7
2026-05-28T13:00,31.7,66,1006.9
2026-05-28T14:00,31.3,68,1007.3
2026-05-28T15:00,30.9,69,1007.9
2026-05-28T16:00,30.6,70,1008.7
2026-05-28T17:00,30.6,70,1009.2
2026-05-28T18:00,30.7,70,1009.1
2026-05-28T19:00,30.5,70,1008.6
2026-05-28T20:00,30.2,72,1008.1
2026-05-28T21:00,30.0,72,1007.9
2026-05-28T22:00,30.0,74,1008.0
2026-05-28T23:00,30.0,74,1008.3
2026-05-29T00:00,30.4,71,1007.9
2026-05-29T01:00,30.3,72,1008.4
2026-05-29T02:00,31.1,67,1009.2
2026-05-29T03:00,32.1,63,1009.5
2026-05-29T04:00,32.6,61,1009.9
2026-05-29T05:00,33.1,58,1010.1
2026-05-29T06:00,34.0,56,1009.5
2026-05-29T07:00,34.2,55,1008.7
2026-05-29T08:00,34.2,56,1007.8
2026-05-29T09:00,34.2,55,1007.2
2026-05-29T10:00,33.7,57,1006.4
2026-05-29T11:00,33.2,59,1006.0
2026-05-29T12:00,32.9,62,1006.0
2026-05-29T13:00,32.1,65,1006.3
2026-05-29T14:00,31.6,66,1006.7
2026-05-29T15:00,31.2,69,1007.2
2026-05-29T16:00,30.9,70,1007.7
2026-05-29T17:00,30.9,70,1008.0
2026-05-29T18:00,30.8,71,1007.6
2026-05-29T19:00,30.4,74,1007.4
2026-05-29T20:00,29.8,80,1007.2
2026-05-29T21:00,29.9,79,1006.8
2026-05-29T22:00,30.3,74,1006.6
2026-05-29T23:00,30.5,73,1006.5
2026-05-30T00:00,30.4,72,1006.9
2026-05-30T01:00,30.6,71,1007.5
2026-05-30T02:00,31.3,68,1008.1
2026-05-30T03:00,32.1,64,1008.5
2026-05-30T04:00,32.6,61,1008.8
2026-05-30T05:00,33.2,60,1008.9
2026-05-30T06:00,33.5,60,1008.6
2026-05-30T07:00,34.3,56,1008.1
2026-05-30T08:00,34.6,55,1007.5
2026-05-30T09:00,34.4,55,1006.6
2026-05-30T10:00,34.1,57,1006.0
2026-05-30T11:00,33.4,60,1005.4
2026-05-30T12:00,33.2,61,1005.3
2026-05-30T13:00,32.2,66,1005.3
2026-05-30T14:00,31.6,69,1005.6
2026-05-30T15:00,31.5,68,1006.2
2026-05-30T16:00,31.4,68,1007.1
2026-05-30T17:00,31.2,69,1007.8
2026-05-30T18:00,31.0,72,1007.8
2026-05-30T19:00,30.3,74,1007.8
2026-05-30T20:00,30.2,75,1007.4
2026-05-30T21:00,30.0,75,1007.2
2026-05-30T22:00,29.3,78,1007.3
2026-05-30T23:00,28.5,83,1007.3
2026-05-31T00:00,28.9,84,1007.6
2026-05-31T01:00,29.4,82,1008.3
2026-05-31T02:00,29.7,73,1008.9
2026-05-31T03:00,31.1,68,1009.5
2026-05-31T04:00,30.9,70,1010.0
2026-05-31T05:00,31.5,65,1010.1
2026-05-31T06:00,32.7,63,1009.5
2026-05-31T07:00,33.7,59,1008.9
2026-05-31T08:00,34.2,55,1008.6
2026-05-31T09:00,34.2,54,1007.6
2026-05-31T10:00,33.8,54,1007.1
2026-05-31T11:00,33.0,61,1006.8
2026-05-31T12:00,33.2,58,1006.3
2026-05-31T13:00,32.1,64,1006.7
2026-05-31T14:00,31.6,67,1007.3
2026-05-31T15:00,31.4,68,1008.3
2026-05-31T16:00,31.3,68,1009.1
2026-05-31T17:00,31.1,69,1009.5
2026-05-31T18:00,30.8,70,1009.1
2026-05-31T19:00,30.6,70,1008.7
2026-05-31T20:00,30.5,71,1008.0
2026-05-31T21:00,30.4,71,1007.9
2026-05-31T22:00,30.1,72,1007.6
2026-05-31T23:00,29.9,73,1007.8
2026-06-01T00:00,29.7,76,1008.0
2026-06-01T01:00,29.8,74,1008.4
2026-06-01T02:00,30.6,70,1008.8
2026-06-01T03:00,31.6,64,1009.2
2026-06-01T04:00,32.6,60,1009.7
2026-06-01T05:00,33.3,56,1009.8
2026-06-01T06:00,34.1,54,1009.4
2026-06-01T07:00,33.7,57,1008.7
2026-06-01T08:00,33.9,58,1008.4
2026-06-01T09:00,33.7,59,1007.5
2026-06-01T10:00,33.1,61,1007.0
2026-06-01T11:00,32.5,64,1006.8
2026-06-01T12:00,32.9,56,1006.4
2026-06-01T13:00,32.0,61,1006.4
2026-06-01T14:00,31.6,63,1006.8
2026-06-01T15:00,31.8,62,1007.7
2026-06-01T16:00,31.2,67,1008.7
2026-06-01T17:00,30.8,70,1009.0
2026-06-01T18:00,31.0,66,1009.1
2026-06-01T19:00,30.8,67,1008.7
2026-06-01T20:00,30.2,71,1008.3
2026-06-01T21:00,29.8,73,1007.9
2026-06-01T22:00,29.7,74,1008.3
2026-06-01T23:00,29.6,75,1008.5
2026-06-02T00:00,25.0,91,1009.5
2026-06-02T01:00,25.2,88,1008.6
2026-06-02T02:00,27.2,78,1008.6
2026-06-02T03:00,29.7,67,1008.3
2026-06-02T04:00,31.4,61,1007.7
2026-06-02T05:00,32.5,59,1007.5
2026-06-02T06:00,33.9,54,1007.2
2026-06-02T07:00,34.1,53,1006.9
2026-06-02T08:00,34.2,52,1006.8
2026-06-02T09:00,33.7,55,1005.9
2026-06-02T10:00,33.1,56,1005.8
2026-06-02T11:00,32.4,59,1005.4
2026-06-02T12:00,30.5,65,1005.4
2026-06-02T13:00,29.5,73,1005.9
2026-06-02T14:00,29.1,75,1006.2
2026-06-02T15:00,29.2,77,1006.8
2026-06-02T16:00,29.3,77,1007.2
2026-06-02T17:00,29.6,76,1007.5
2026-06-02T18:00,28.6,74,1007.3
2026-06-02T19:00,28.7,74,1006.8
2026-06-02T20:00,28.8,75,1006.1
2026-06-02T21:00,28.7,76,1005.6
2026-06-02T22:00,28.7,76,1005.5
2026-06-02T23:00,28.6,77,1005.6
2026-06-03T00:00,28.7,79,1006.2
2026-06-03T01:00,25.2,88,1007.2
2026-06-03T02:00,25.8,86,1007.8
2026-06-03T03:00,27.7,77,1007.3
2026-06-03T04:00,29.6,69,1006.8
2026-06-03T05:00,31.0,65,1007.0
2026-06-03T06:00,32.3,62,1006.1
2026-06-03T07:00,32.5,62,1005.8
2026-06-03T08:00,32.2,63,1005.1
2026-06-03T09:00,31.9,63,1004.0
2026-06-03T10:00,31.8,64,1003.3
2026-06-03T11:00,31.3,68,1003.2
2026-06-03T12:00,31.2,67,1003.6
2026-06-03T13:00,30.5,70,1004.2
2026-06-03T14:00,30.0,72,1004.7
2026-06-03T15:00,29.8,73,1005.2
2026-06-03T16:00,29.8,73,1005.7
2026-06-03T17:00,29.7,73,1006.0
2026-06-03T18:00,29.8,71,1006.1
2026-06-03T19:00,29.6,72,1005.3
2026-06-03T20:00,29.4,72,1004.4
2026-06-03T21:00,29.5,71,1003.5
2026-06-03T22:00,29.4,71,1003.5
2026-06-03T23:00,28.9,75,1004.1
2026-06-04T00:00,28.4,80,1004.3
2026-06-04T01:00,28.1,81,1004.9
2026-06-04T02:00,29.0,76,1005.4
2026-06-04T03:00,30.5,69,1005.6
2026-06-04T04:00,31.9,61,1005.6
2026-06-04T05:00,32.5,59,1006.0
2026-06-04T06:00,32.9,61,1005.9
2026-06-04T07:00,32.6,63,1005.2
2026-06-04T08:00,32.9,61,1004.5
2026-06-04T09:00,32.9,61,1003.9
2026-06-04T10:00,32.7,62,1003.4
2026-06-04T11:00,32.4,62,1002.9
2026-06-04T12:00,32.6,61,1003.0
2026-06-04T13:00,31.9,64,1003.5
2026-06-04T14:00,31.5,65,1003.9
2026-06-04T15:00,31.2,67,1004.5
2026-06-04T16:00,30.9,70,1005.0
2026-06-04T17:00,30.7,71,1005.4
2026-06-04T18:00,30.3,74,1004.7
2026-06-04T19:00,30.2,75,1004.1
2026-06-04T20:00,30.1,75,1003.8
2026-06-04T21:00,30.0,75,1003.5
2026-06-04T22:00,29.4,78,1003.5
2026-06-04T23:00,28.6,83,1003.9
2026-06-05T00:00,28.9,83,1004.0
2026-06-05T01:00,28.7,85,1004.8
2026-06-05T02:00,28.8,84,1005.5
2026-06-05T03:00,30.3,74,1005.9
2026-06-05T04:00,31.3,69,1006.1
2026-06-05T05:00,32.4,65,1006.0
2026-06-05T06:00,33.1,64,1005.8
2026-06-05T07:00,33.3,63,1005.2
2026-06-05T08:00,33.4,63,1004.5
2026-06-05T09:00,33.0,66,1003.9
2026-06-05T10:00,32.7,66,1003.4
2026-06-05T11:00,32.4,66,1002.9
2026-06-05T12:00,32.6,65,1002.3
2026-06-05T13:00,31.9,70,1003.0
2026-06-05T14:00,31.6,70,1003.8
2026-06-05T15:00,31.6,68,1004.3
2026-06-05T16:00,31.3,69,1004.9
2026-06-05T17:00,30.9,72,1005.1
2026-06-05T18:00,30.3,74,1005.1
2026-06-05T19:00,30.0,76,1004.9
2026-06-05T20:00,29.5,78,1004.6
2026-06-05T21:00,28.8,82,1004.4
2026-06-05T22:00,28.6,85,1004.3
2026-06-05T23:00,28.1,87,1004.6
2026-06-06T00:00,27.7,94,1004.8
2026-06-06T01:00,27.8,93,1005.3
2026-06-06T02:00,28.6,86,1006.0
2026-06-06T03:00,30.4,75,1006.4
2026-06-06T04:00,32.0,67,1006.6
2026-06-06T05:00,33.3,61,1006.4
2026-06-06T06:00,33.7,60,1006.6
2026-06-06T07:00,33.7,61,1006.1
2026-06-06T08:00,34.0,58,1005.4
2026-06-06T09:00,33.6,61,1004.6
2026-06-06T10:00,33.5,60,1004.3
2026-06-06T11:00,33.1,60,1004.0
2026-06-06T12:00,33.2,62,1003.8
2026-06-06T13:00,32.4,65,1004.2
2026-06-06T14:00,31.9,66,1004.9
2026-06-06T15:00,31.7,67,1005.8
2026-06-06T16:00,31.5,68,1006.7
2026-06-06T17:00,31.3,68,1007.1
2026-06-06T18:00,31.4,66,1007.2
2026-06-06T19:00,31.0,66,1006.6
2026-06-06T20:00,31.0,67,1006.4
2026-06-06T21:00,30.8,68,1006.0
2026-06-06T22:00,30.6,69,1005.7
2026-06-06T23:00,30.5,70,1005.8
2026-06-07T00:00,29.8,79,1005.5
2026-06-07T01:00,29.8,80,1005.8
2026-06-07T02:00,30.3,76,1007.0
2026-06-07T03:00,31.1,71,1007.7
2026-06-07T04:00,31.7,67,1007.7
2026-06-07T05:00,32.0,65,1007.8
2026-06-07T06:00,33.3,59,1007.3
2026-06-07T07:00,33.7,57,1006.7
2026-06-07T08:00,33.8,57,1006.2
2026-06-07T09:00,33.7,58,1005.5
2026-06-07T10:00,33.4,60,1005.2
2026-06-07T11:00,32.8,63,1004.8
2026-06-07T12:00,32.6,64,1004.7
2026-06-07T13:00,32.1,66,1004.9
2026-06-07T14:00,31.5,69,1005.9
2026-06-07T15:00,30.8,73,1006.4
2026-06-07T16:00,30.6,75,1007.1
2026-06-07T17:00,30.5,75,1007.5
2026-06-07T18:00,30.4,73,1007.3
2026-06-07T19:00,29.5,77,1007.0
2026-06-07T20:00,28.8,79,1006.5
2026-06-07T21:00,28.5,82,1006.2
2026-06-07T22:00,27.6,88,1006.1
2026-06-07T23:00,27.0,89,1006.3
2026-06-08T00:00,26.8,88,1005.8
2026-06-08T01:00,26.8,84,1006.3
2026-06-08T02:00,28.5,76,1007.2
2026-06-08T03:00,30.2,70,1007.7
2026-06-08T04:00,31.7,63,1007.8
2026-06-08T05:00,32.8,57,1007.6
2026-06-08T06:00,33.3,57,1007.4
2026-06-08T07:00,33.6,55,1006.7
2026-06-08T08:00,33.7,54,1005.9
2026-06-08T09:00,33.5,55,1005.3
2026-06-08T10:00,33.4,55,1004.8
2026-06-08T11:00,32.7,58,1004.7
2026-06-08T12:00,31.8,68,1004.4
2026-06-08T13:00,31.6,66,1004.9
2026-06-08T14:00,31.2,69,1005.4
2026-06-08T15:00,30.9,70,1006.0
2026-06-08T16:00,30.7,71,1006.7
2026-06-08T17:00,30.3,74,1007.1
2026-06-08T18:00,28.5,85,1006.9
2026-06-08T19:00,28.0,87,1006.5
2026-06-08T20:00,29.1,83,1005.9
2026-06-08T21:00,28.1,86,1005.8
2026-06-08T22:00,28.1,88,1005.5
2026-06-08T23:00,28.0,89,1005.5
2026-06-09T00:00,29.2,76,1004.9
2026-06-09T01:00,29.7,74,1005.5
2026-06-09T02:00,30.3,70,1006.1
2026-06-09T03:00,31.0,67,1006.9
2026-06-09T04:00,32.0,63,1006.9
2026-06-09T05:00,32.5,61,1006.9
2026-06-09T06:00,33.5,58,1006.7
2026-06-09T07:00,33.3,59,1006.1
2026-06-09T08:00,33.1,61,1005.4
2026-06-09T09:00,32.9,63,1004.7
2026-06-09T10:00,32.5,65,1004.2
2026-06-09T11:00,32.0,67,1003.9
2026-06-09T12:00,32.1,65,1004.0
2026-06-09T13:00,31.1,70,1004.4
2026-06-09T14:00,30.7,71,1005.1
2026-06-09T15:00,30.2,75,1005.8
2026-06-09T16:00,30.6,72,1006.6
2026-06-09T17:00,30.4,72,1006.9
2026-06-09T18:00,29.7,74,1006.7
2026-06-09T19:00,30.6,67,1006.3
2026-06-09T20:00,30.1,68,1005.8
2026-06-09T21:00,29.9,69,1005.3
2026-06-09T22:00,28.9,74,1005.2
2026-06-09T23:00,28.0,83,1005.6
2026-06-10T00:00,28.7,83,1005.5
2026-06-10T01:00,29.2,80,1005.8
2026-06-10T02:00,30.0,74,1006.4
2026-06-10T03:00,30.6,70,1006.9
2026-06-10T04:00,31.9,64,1007.0
2026-06-10T05:00,32.5,63,1007.2
2026-06-10T06:00,33.3,58,1006.5
2026-06-10T07:00,33.1,60,1005.9
2026-06-10T08:00,32.2,66,1005.4
2026-06-10T09:00,32.3,66,1004.5
2026-06-10T10:00,32.1,68,1004.3
2026-06-10T11:00,31.2,72,1004.2
2026-06-10T12:00,31.1,69,1004.4
2026-06-10T13:00,30.9,70,1004.9
2026-06-10T14:00,29.6,77,1005.1
2026-06-10T15:00,30.6,73,1005.6
2026-06-10T16:00,30.7,72,1006.3
2026-06-10T17:00,30.6,70,1006.7
2026-06-10T18:00,30.4,70,1006.6
2026-06-10T19:00,30.2,71,1006.2
2026-06-10T20:00,29.7,74,1005.5
2026-06-10T21:00,29.8,75,1004.9
2026-06-10T22:00,30.0,73,1004.8
2026-06-10T23:00,29.9,73,1004.8
2026-06-11T00:00,30.1,72,1004.4
2026-06-11T01:00,30.5,70,1005.0
2026-06-11T02:00,30.6,71,1005.7
2026-06-11T03:00,31.2,68,1006.0
2026-06-11T04:00,32.4,62,1006.3
2026-06-11T05:00,33.1,59,1006.5
2026-06-11T06:00,33.6,59,1006.1
2026-06-11T07:00,32.8,62,1005.6
2026-06-11T08:00,32.9,62,1005.3
2026-06-11T09:00,32.9,63,1004.6
2026-06-11T10:00,32.7,63,1004.4
2026-06-11T11:00,32.3,64,1004.2
2026-06-11T12:00,32.8,61,1003.9
2026-06-11T13:00,31.8,65,1004.2
2026-06-11T14:00,31.3,66,1004.5
2026-06-11T15:00,31.1,68,1004.9
2026-06-11T16:00,31.1,68,1005.5
2026-06-11T17:00,30.7,71,1006.1
2026-06-11T18:00,30.7,71,1005.8
2026-06-11T19:00,30.4,72,1005.4
2026-06-11T20:00,30.6,71,1005.1
2026-06-11T21:00,30.5,71,1004.9
2026-06-11T22:00,30.4,72,1004.8
2026-06-11T23:00,30.1,74,1004.8
2026-06-12T00:00,30.0,76,1004.8
2026-06-12T01:00,30.2,75,1005.2
2026-06-12T02:00,31.3,66,1006.0
2026-06-12T03:00,32.0,62,1006.7
2026-06-12T04:00,32.6,59,1007.1
2026-06-12T05:00,33.2,57,1007.5
2026-06-12T06:00,33.9,55,1007.2
2026-06-12T07:00,33.7,55,1007.0
2026-06-12T08:00,33.9,54,1006.7
2026-06-12T09:00,33.7,55,1006.2
2026-06-12T10:00,33.5,55,1005.9
2026-06-12T11:00,33.2,56,1005.6
2026-06-12T12:00,32.3,63,1005.6
2026-06-12T13:00,31.5,67,1005.8
2026-06-12T14:00,30.9,70,1006.1
2026-06-12T15:00,30.8,70,1006.6
2026-06-12T16:00,30.7,71,1007.5
2026-06-12T17:00,30.7,71,1007.8
2026-06-12T18:00,30.4,73,1007.3
2026-06-12T19:00,30.2,73,1007.0
2026-06-12T20:00,30.1,73,1006.6
2026-06-12T21:00,30.1,74,1006.1
2026-06-12T22:00,29.8,75,1006.3
2026-06-12T23:00,29.8,76,1006.5
2026-06-13T00:00,30.3,73,1006.3
2026-06-13T01:00,30.4,72,1007.0
2026-06-13T02:00,30.9,70,1008.1
2026-06-13T03:00,31.0,69,1008.5
2026-06-13T04:00,32.8,57,1008.8
2026-06-13T05:00,32.7,57,1008.9
2026-06-13T06:00,33.6,54,1009.0
2026-06-13T07:00,33.6,54,1008.5
2026-06-13T08:00,33.8,54,1007.9
2026-06-13T09:00,33.8,54,1007.4
2026-06-13T10:00,33.5,55,1007.1
2026-06-13T11:00,33.0,58,1006.5
2026-06-13T12:00,32.2,62,1006.3
2026-06-13T13:00,31.5,65,1006.5
2026-06-13T14:00,31.0,67,1006.7
2026-06-13T15:00,31.0,68,1007.3
2026-06-13T16:00,30.7,70,1008.1
2026-06-13T17:00,30.7,71,1008.6
2026-06-13T18:00,30.6,72,1008.1
2026-06-13T19:00,30.5,72,1007.7
2026-06-13T20:00,30.0,76,1007.4
2026-06-13T21:00,29.5,79,1007.0
2026-06-13T22:00,29.5,79,1007.0
2026-06-13T23:00,29.4,79,1007.2
2026-06-14T00:00,29.8,75,1007.3
2026-06-14T01:00,30.0,72,1007.8
2026-06-14T02:00,30.7,69,1008.5
2026-06-14T03:00,30.9,68,1008.8
2026-06-14T04:00,32.0,63,1009.2
2026-06-14T05:00,32.8,58,1009.2
2026-06-14T06:00,33.6,52,1009.2
2026-06-14T07:00,33.2,54,1008.5
2026-06-14T08:00,32.3,60,1008.0
2026-06-14T09:00,32.7,60,1007.2
2026-06-14T10:00,32.7,58,1006.7
2026-06-14T11:00,32.5,57,1006.3
2026-06-14T12:00,31.4,64,1006.4
2026-06-14T13:00,30.6,68,1006.5
2026-06-14T14:00,30.3,70,1006.8
2026-06-14T15:00,30.6,69,1007.0
2026-06-14T16:00,30.8,68,1007.8
2026-06-14T17:00,30.6,69,1008.3
2026-06-14T18:00,30.2,70,1008.0
2026-06-14T19:00,30.2,69,1007.4
2026-06-14T20:00,30.1,69,1006.9
2026-06-14T21:00,30.0,70,1006.5
2026-06-14T22:00,29.7,71,1006.6
2026-06-14T23:00,29.6,71,1006.9
2026-06-15T00:00,29.3,69,1007.2
2026-06-15T01:00,29.5,67,1007.8
2026-06-15T02:00,30.7,61,1008.5
2026-06-15T03:00,30.7,63,1008.7
2026-06-15T04:00,30.8,65,1009.0
2026-06-15T05:00,31.1,66,1009.0
2026-06-15T06:00,30.3,69,1008.7
2026-06-15T07:00,31.3,69,1008.4
2026-06-15T08:00,31.8,67,1007.6
2026-06-15T09:00,32.3,63,1007.0
2026-06-15T10:00,32.2,62,1006.6
2026-06-15T11:00,32.0,62,1006.1
2026-06-15T12:00,32.3,58,1006.0
2026-06-15T13:00,31.7,61,1006.3
2026-06-15T14:00,31.1,63,1006.8
2026-06-15T15:00,30.9,64,1007.3
2026-06-15T16:00,30.8,65,1007.9
2026-06-15T17:00,30.7,66,1008.2
2026-06-15T18:00,30.4,67,1008.1
2026-06-15T19:00,30.3,67,1008.0
2026-06-15T20:00,30.1,67,1007.4
2026-06-15T21:00,30.0,67,1007.0
2026-06-15T22:00,29.4,71,1006.8
2026-06-15T23:00,28.9,75,1006.8
2026-06-16T00:00,29.0,76,1006.9
2026-06-16T01:00,29.3,74,1007.2
2026-06-16T02:00,30.5,67,1007.6
2026-06-16T03:00,31.4,63,1007.9
2026-06-16T04:00,32.3,59,1008.3
2026-06-16T05:00,32.9,57,1008.5
2026-06-16T06:00,33.2,57,1008.5
2026-06-16T07:00,32.9,58,1008.0
2026-06-16T08:00,33.0,58,1007.7
2026-06-16T09:00,32.9,59,1006.9
2026-06-16T10:00,32.7,59,1006.7
2026-06-16T11:00,32.3,60,1006.5
2026-06-16T12:00,31.9,64,1006.4
2026-06-16T13:00,31.4,63,1006.6
2026-06-16T14:00,30.9,65,1006.9
2026-06-16T15:00,30.7,66,1007.4
2026-06-16T16:00,30.6,67,1008.0
2026-06-16T17:00,30.4,68,1008.8
2026-06-16T18:00,30.4,67,1008.6
2026-06-16T19:00,30.3,67,1008.2
2026-06-16T20:00,30.0,68,1007.6
2026-06-16T21:00,29.9,69,1007.5
2026-06-16T22:00,29.7,69,1007.4
2026-06-16T23:00,29.6,69,1007.7
2026-06-17T00:00,29.1,72,1008.1
2026-06-17T01:00,29.3,71,1008.2
2026-06-17T02:00,30.3,65,1008.8
2026-06-17T03:00,31.3,60,1009.3
2026-06-17T04:00,32.0,57,1009.5
2026-06-17T05:00,32.6,56,1009.4
2026-06-17T06:00,33.4,53,1009.0
2026-06-17T07:00,33.5,54,1008.3
2026-06-17T08:00,33.3,54,1008.0
2026-06-17T09:00,32.7,58,1007.4
2026-06-17T10:00,32.5,58,1007.0
2026-06-17T11:00,32.0,58,1006.6
2026-06-17T12:00,32.1,57,1006.4
2026-06-17T13:00,31.4,60,1006.5
2026-06-17T14:00,31.1,60,1007.2
2026-06-17T15:00,31.0,60,1007.8
2026-06-17T16:00,30.9,61,1008.1
2026-06-17T17:00,30.7,62,1008.5
2026-06-17T18:00,30.5,64,1008.6
2026-06-17T19:00,30.3,66,1008.1
2026-06-17T20:00,30.2,66,1007.9
2026-06-17T21:00,30.0,67,1007.5
2026-06-17T22:00,29.6,68,1007.6
2026-06-17T23:00,28.9,73,1007.7
2026-06-18T00:00,29.8,65,1007.7
2026-06-18T01:00,29.9,64,1008.1
2026-06-18T02:00,30.5,62,1008.6
2026-06-18T03:00,31.3,59,1008.7
2026-06-18T04:00,32.0,56,1009.1
2026-06-18T05:00,32.5,54,1009.1
2026-06-18T06:00,33.4,53,1008.8
2026-06-18T07:00,33.4,53,1008.2
2026-06-18T08:00,33.5,53,1007.6
2026-06-18T09:00,33.2,53,1006.8
2026-06-18T10:00,32.9,54,1006.2
2026-06-18T11:00,32.3,57,1005.6
2026-06-18T12:00,32.1,57,1005.7
2026-06-18T13:00,31.2,62,1005.7
2026-06-18T14:00,30.5,66,1006.1
2026-06-18T15:00,30.4,66,1006.8
2026-06-18T16:00,30.3,66,1007.5
2026-06-18T17:00,30.2,66,1008.0
2026-06-18T18:00,30.3,63,1007.7
2026-06-18T19:00,30.2,62,1007.5
2026-06-18T20:00,30.0,63,1007.0
2026-06-18T21:00,29.9,63,1006.7
2026-06-18T22:00,29.7,64,1006.7
2026-06-18T23:00,29.6,64,1006.9
2026-06-19T00:00,29.5,67,1006.7
2026-06-19T01:00,29.5,67,1007.0
2026-06-19T02:00,30.2,63,1007.5
2026-06-19T03:00,31.1,60,1007.7
2026-06-19T04:00,31.9,56,1008.1
2026-06-19T05:00,32.5,54,1008.4
2026-06-19T06:00,33.4,53,1008.1
2026-06-19T07:00,33.2,54,1007.9
2026-06-19T08:00,33.2,54,1007.5
2026-06-19T09:00,33.2,53,1006.9
2026-06-19T10:00,33.0,53,1006.4
2026-06-19T11:00,32.5,55,1006.1
2026-06-19T12:00,32.4,54,1006.2
2026-06-19T13:00,31.6,57,1006.6
2026-06-19T14:00,31.0,60,1006.9
2026-06-19T15:00,30.8,61,1007.6
2026-06-19T16:00,30.7,62,1008.4
2026-06-19T17:00,30.6,62,1008.8
2026-06-19T18:00,30.4,62,1008.2
2026-06-19T19:00,30.2,63,1007.6
2026-06-19T20:00,30.1,63,1007.4
2026-06-19T21:00,29.9,63,1007.0
2026-06-19T22:00,29.8,63,1006.8
2026-06-19T23:00,29.7,64,1006.9
2026-06-20T00:00,29.5,69,1007.1
2026-06-20T01:00,29.6,69,1007.6
2026-06-20T02:00,30.3,65,1008.1
2026-06-20T03:00,31.0,62,1008.6
2026-06-20T04:00,32.0,58,1008.7
2026-06-20T05:00,32.8,54,1008.8
2026-06-20T06:00,33.4,52,1008.4
2026-06-20T07:00,33.3,52,1008.1
2026-06-20T08:00,33.5,52,1007.6
2026-06-20T09:00,33.1,53,1007.0
2026-06-20T10:00,32.7,55,1006.6
2026-06-20T11:00,32.3,56,1006.3
2026-06-20T12:00,32.0,59,1006.0
2026-06-20T13:00,31.5,61,1006.4
2026-06-20T14:00,31.1,62,1007.3
2026-06-20T15:00,30.9,63,1008.1
2026-06-20T16:00,30.9,62,1008.6
2026-06-20T17:00,30.9,62,1008.9
2026-06-20T18:00,30.7,63,1008.3
2026-06-20T19:00,30.4,64,1007.7
2026-06-20T20:00,30.3,65,1007.3
2026-06-20T21:00,30.1,65,1006.9
2026-06-20T22:00,29.7,66,1006.9
2026-06-20T23:00,29.7,66,1007.4
2026-06-21T00:00,29.8,68,1007.0
2026-06-21T01:00,29.5,69,1007.4
2026-06-21T02:00,29.8,67,1007.8
2026-06-21T03:00,30.0,65,1008.1
2026-06-21T04:00,30.5,64,1008.3
2026-06-21T05:00,30.9,63,1008.0
2026-06-21T06:00,32.7,56,1007.2
2026-06-21T07:00,32.8,55,1006.8
2026-06-21T08:00,32.3,55,1006.2
2026-06-21T09:00,32.7,54,1005.3
2026-06-21T10:00,32.8,55,1004.9
2026-06-21T11:00,32.0,58,1004.6
2026-06-21T12:00,32.1,60,1004.3
2026-06-21T13:00,31.1,65,1004.5
2026-06-21T14:00,30.8,66,1004.9
2026-06-21T15:00,30.5,69,1005.3
2026-06-21T16:00,30.2,71,1005.8
2026-06-21T17:00,30.0,72,1006.5
2026-06-21T18:00,29.9,71,1006.5
2026-06-21T19:00,29.7,71,1005.9
2026-06-21T20:00,29.1,73,1005.7
2026-06-21T21:00,28.2,77,1005.4
2026-06-21T22:00,26.7,90,1005.6
2026-06-21T23:00,25.4,97,1005.9
2026-06-22T00:00,27.9,83,1005.7
2026-06-22T01:00,27.4,82,1006.5
2026-06-22T02:00,27.6,82,1006.6
2026-06-22T03:00,28.7,78,1006.8
2026-06-22T04:00,30.1,70,1007.3
2026-06-22T05:00,30.8,67,1006.9
2026-06-22T06:00,31.8,60,1006.8
2026-06-22T07:00,30.8,69,1006.3
2026-06-22T08:00,31.4,66,1005.8
2026-06-22T09:00,31.4,64,1005.1
2026-06-22T10:00,31.4,62,1004.6
2026-06-22T11:00,30.9,65,1004.4
2026-06-22T12:00,30.5,66,1004.2
2026-06-22T13:00,29.8,71,1004.7
2026-06-22T14:00,29.4,75,1005.0
2026-06-22T15:00,29.4,75,1005.5
2026-06-22T16:00,29.0,76,1006.1
2026-06-22T17:00,28.4,80,1006.1
2026-06-22T18:00,28.1,80,1006.4
2026-06-22T19:00,27.6,80,1005.7
2026-06-22T20:00,27.5,81,1005.1
2026-06-22T21:00,27.1,82,1004.9
2026-06-22T22:00,26.1,90,1005.1
2026-06-22T23:00,26.0,92,1004.8
2026-06-23T00:00,25.8,93,1004.7
2026-06-23T01:00,25.6,93,1004.9
2026-06-23T02:00,25.8,95,1005.6
2026-06-23T03:00,26.2,93,1006.0
2026-06-23T04:00,26.2,91,1006.1
2026-06-23T05:00,26.2,94,1005.5
2026-06-23T06:00,25.9,90,1005.6
2026-06-23T07:00,27.2,87,1005.5
2026-06-23T08:00,26.9,87,1004.7
2026-06-23T09:00,26.5,89,1003.9
2026-06-23T10:00,26.6,89,1003.8
2026-06-23T11:00,26.4,87,1003.3
2026-06-23T12:00,26.6,91,1002.9
2026-06-23T13:00,26.1,94,1003.6
2026-06-23T14:00,26.1,93,1004.2
2026-06-23T15:00,26.3,93,1004.8
2026-06-23T16:00,26.2,92,1005.6
2026-06-23T17:00,26.2,93,1005.8
2026-06-23T18:00,26.2,91,1006.0
2026-06-23T19:00,25.8,93,1005.3
2026-06-23T20:00,25.7,94,1004.9
2026-06-23T21:00,25.7,94,1004.5
2026-06-23T22:00,25.6,91,1004.5
2026-06-23T23:00,25.4,91,1004.9
2026-06-24T00:00,24.9,99,1005.0
2026-06-24T01:00,25.3,96,1004.8
2026-06-24T02:00,25.7,95,1005.6
2026-06-24T03:00,25.6,96,1006.4
2026-06-24T04:00,25.9,94,1006.9
2026-06-24T05:00,25.8,92,1006.9
2026-06-24T06:00,26.6,86,1006.8
2026-06-24T07:00,27.0,83,1006.3
2026-06-24T08:00,27.4,78,1005.7
2026-06-24T09:00,27.4,79,1005.2
2026-06-24T10:00,27.2,81,1004.8
2026-06-24T11:00,27.0,81,1004.3
2026-06-24T12:00,27.7,82,1003.8
2026-06-24T13:00,27.2,85,1004.3
2026-06-24T14:00,27.2,84,1004.8
2026-06-24T15:00,27.4,82,1005.0
2026-06-24T16:00,27.7,80,1005.6
2026-06-24T17:00,27.7,81,1006.2
2026-06-24T18:00,27.7,81,1006.4
2026-06-24T19:00,27.6,82,1006.2
2026-06-24T20:00,27.3,85,1005.4
2026-06-24T21:00,26.0,89,1005.5
2026-06-24T22:00,26.3,89,1005.0
2026-06-24T23:00,26.4,88,1004.8
2026-06-25T00:00,26.0,88,1005.1
2026-06-25T01:00,25.9,89,1005.5
2026-06-25T02:00,26.9,86,1006.1
2026-06-25T03:00,28.0,83,1006.6
2026-06-25T04:00,28.4,79,1007.3
2026-06-25T05:00,28.7,79,1007.4
2026-06-25T06:00,29.7,70,1007.0
2026-06-25T07:00,29.3,74,1006.3
2026-06-25T08:00,29.7,74,1005.7
2026-06-25T09:00,29.5,76,1005.3
2026-06-25T10:00,29.5,76,1004.8
2026-06-25T11:00,29.1,78,1004.4
2026-06-25T12:00,29.1,76,1004.3
2026-06-25T13:00,28.3,82,1004.8
2026-06-25T14:00,27.9,83,1005.4
2026-06-25T15:00,28.1,81,1006.0
2026-06-25T16:00,27.7,85,1006.4
2026-06-25T17:00,27.1,89,1006.8
2026-06-25T18:00,27.4,85,1006.6
2026-06-25T19:00,26.9,88,1006.2
2026-06-25T20:00,26.2,90,1006.2
2026-06-25T21:00,26.3,92,1005.9
2026-06-25T22:00,26.3,90,1005.6
2026-06-25T23:00,26.3,90,1005.8
2026-06-26T00:00,26.5,92,1005.5
2026-06-26T01:00,26.9,91,1005.9
2026-06-26T02:00,27.7,88,1006.7
2026-06-26T03:00,27.5,83,1007.2
2026-06-26T04:00,27.0,85,1008.2
2026-06-26T05:00,27.6,82,1008.1
2026-06-26T06:00,29.4,76,1007.5
2026-06-26T07:00,30.2,73,1007.0
2026-06-26T08:00,30.3,72,1006.6
2026-06-26T09:00,30.2,73,1005.6
2026-06-26T10:00,29.6,72,1005.0
2026-06-26T11:00,29.6,74,1004.6
2026-06-26T12:00,29.5,76,1004.6
2026-06-26T13:00,29.3,78,1004.8
2026-06-26T14:00,28.8,80,1005.4
2026-06-26T15:00,28.6,81,1006.1
2026-06-26T16:00,28.4,83,1006.7
2026-06-26T17:00,27.7,87,1007.2
2026-06-26T18:00,28.6,81,1006.5
2026-06-26T19:00,28.4,82,1006.3
2026-06-26T20:00,27.9,85,1005.9
2026-06-26T21:00,27.4,88,1005.6
2026-06-26T22:00,27.3,88,1005.2
2026-06-26T23:00,27.1,88,1005.1
2026-06-27T00:00,27.2,86,1005.5
2026-06-27T01:00,26.9,90,1005.6
2026-06-27T02:00,27.5,88,1006.1
2026-06-27T03:00,28.4,81,1006.4
2026-06-27T04:00,29.4,76,1006.8
2026-06-27T05:00,30.2,72,1006.9
2026-06-27T06:00,30.9,70,1006.7
2026-06-27T07:00,31.0,71,1005.8
2026-06-27T08:00,31.1,71,1005.2
2026-06-27T09:00,31.0,70,1004.3
2026-06-27T10:00,30.7,72,1003.4
2026-06-27T11:00,30.4,72,1003.1
2026-06-27T12:00,30.8,70,1002.7
2026-06-27T13:00,30.2,73,1003.4
2026-06-27T14:00,29.7,77,1004.3
2026-06-27T15:00,29.5,79,1004.9
2026-06-27T16:00,29.3,79,1005.3
2026-06-27T17:00,29.2,80,1005.3
2026-06-27T18:00,29.1,79,1005.2
2026-06-27T19:00,29.0,81,1004.7
2026-06-27T20:00,28.4,84,1004.3
2026-06-27T21:00,28.0,88,1004.1
2026-06-27T22:00,27.8,90,1003.5
2026-06-27T23:00,27.6,88,1003.9
2026-06-28T00:00,27.3,91,1003.9
2026-06-28T01:00,27.1,89,1004.2
2026-06-28T02:00,27.1,89,1004.8
2026-06-28T03:00,27.7,86,1005.0
2026-06-28T04:00,28.7,82,1005.3
2026-06-28T05:00,29.9,78,1005.6
2026-06-28T06:00,30.3,74,1005.4
2026-06-28T07:00,30.6,73,1004.7
2026-06-28T08:00,30.6,73,1004.1
2026-06-28T09:00,29.7,74,1003.7
2026-06-28T10:00,29.2,77,1003.1
2026-06-28T11:00,29.0,78,1002.6
2026-06-28T12:00,28.9,77,1003.0
2026-06-28T13:00,27.7,82,1003.1
2026-06-28T14:00,25.7,93,1004.8
2026-06-28T15:00,25.9,93,1005.3
2026-06-28T16:00,26.3,91,1005.5
2026-06-28T17:00,26.1,95,1005.5
2026-06-28T18:00,27.3,90,1005.2
2026-06-28T19:00,26.9,89,1004.9
2026-06-28T20:00,26.7,90,1004.5
2026-06-28T21:00,26.3,93,1004.1
2026-06-28T22:00,26.6,93,1003.7
2026-06-28T23:00,26.1,95,1003.7
2026-06-29T00:00,26.7,93,1003.2
2026-06-29T01:00,26.0,95,1003.1
2026-06-29T02:00,26.4,91,1004.2
2026-06-29T03:00,25.7,93,1005.0
2026-06-29T04:00,26.7,87,1005.4
2026-06-29T05:00,28.3,80,1005.7
2026-06-29T06:00,27.4,86,1005.7
2026-06-29T07:00,27.6,85,1005.1
2026-06-29T08:00,27.6,85,1004.9
2026-06-29T09:00,28.0,80,1004.4
2026-06-29T10:00,28.4,78,1003.6
2026-06-29T11:00,27.6,80,1003.2
2026-06-29T12:00,26.9,92,1003.1
2026-06-29T13:00,26.7,93,1003.3
2026-06-29T14:00,26.9,93,1003.6
2026-06-29T15:00,27.1,89,1004.2
2026-06-29T16:00,26.6,89,1004.9
2026-06-29T17:00,26.3,92,1005.7
2026-06-29T18:00,26.5,89,1005.4
2026-06-29T19:00,26.1,93,1005.2
2026-06-29T20:00,26.3,93,1004.4
2026-06-29T21:00,26.2,93,1003.9
2026-06-29T22:00,25.8,94,1003.9
2026-06-29T23:00,26.0,95,1003.8
2026-06-30T00:00,26.2,92,1003.8
2026-06-30T01:00,25.1,94,1004.1
2026-06-30T02:00,26.4,93,1004.6
2026-06-30T03:00,26.6,91,1005.1
2026-06-30T04:00,27.5,86,1005.5
2026-06-30T05:00,26.5,91,1005.9
2026-06-30T06:00,27.8,87,1005.3
2026-06-30T07:00,27.7,83,1005.5
2026-06-30T08:00,28.6,81,1005.0
2026-06-30T09:00,28.6,79,1004.2
2026-06-30T10:00,27.8,84,1003.6
2026-06-30T11:00,27.6,82,1003.1
2026-06-30T12:00,26.8,91,1003.3
2026-06-30T13:00,27.0,92,1003.1
2026-06-30T14:00,26.4,90,1003.6
2026-06-30T15:00,26.2,91,1004.2
2026-06-30T16:00,26.5,93,1004.6
2026-06-30T17:00,26.5,92,1004.9
2026-06-30T18:00,26.8,89,1004.6
2026-06-30T19:00,27.2,88,1003.7
2026-06-30T20:00,27.1,86,1003.5
2026-06-30T21:00,26.6,88,1002.7
2026-06-30T22:00,26.5,90,1002.7
2026-06-30T23:00,26.1,91,1002.6
2026-07-01T00:00,26.9,88,1002.5
2026-07-01T01:00,26.8,87,1002.9
2026-07-01T02:00,25.9,93,1003.6
2026-07-01T03:00,26.0,94,1004.0
2026-07-01T04:00,26.9,91,1004.6
2026-07-01T05:00,26.9,91,1004.8
2026-07-01T06:00,26.8,92,1004.0
2026-07-01T07:00,27.0,91,1003.7
2026-07-01T08:00,26.9,94,1003.4
2026-07-01T09:00,26.5,91,1003.0
2026-07-01T10:00,26.6,91,1002.6
2026-07-01T11:00,26.4,92,1002.4
2026-07-01T12:00,27.2,88,1002.3
2026-07-01T13:00,26.9,87,1002.5
2026-07-01T14:00,27.0,87,1002.8
2026-07-01T15:00,27.3,87,1003.6
2026-07-01T16:00,26.9,88,1004.3
2026-07-01T17:00,26.1,91,1005.0
2026-07-01T18:00,25.0,94,1005.3
2026-07-01T19:00,25.3,93,1004.7
2026-07-01T20:00,25.6,93,1004.3
2026-07-01T21:00,25.5,91,1003.9
2026-07-01T22:00,25.7,92,1003.6
2026-07-01T23:00,25.7,92,1003.1
2026-07-02T00:00,26.1,93,1003.3
2026-07-02T01:00,26.1,91,1003.7
2026-07-02T02:00,25.7,93,1004.4
2026-07-02T03:00,25.7,93,1004.6
2026-07-02T04:00,26.7,90,1005.2
2026-07-02T05:00,26.9,92,1005.2
2026-07-02T06:00,27.6,91,1005.1
2026-07-02T07:00,27.4,91,1004.8
2026-07-02T08:00,26.9,89,1004.5
2026-07-02T09:00,27.0,88,1004.2
2026-07-02T10:00,26.3,88,1003.7
2026-07-02T11:00,26.5,92,1003.6
2026-07-02T12:00,27.1,88,1002.9
2026-07-02T13:00,27.1,90,1003.1
2026-07-02T14:00,26.2,90,1003.6
2026-07-02T15:00,27.0,88,1004.1
2026-07-02T16:00,25.8,91,1005.7
2026-07-02T17:00,25.9,94,1006.0
2026-07-02T18:00,26.3,91,1005.5
2026-07-02T19:00,26.5,92,1005.0
2026-07-02T20:00,26.0,91,1004.9
2026-07-02T21:00,25.5,93,1004.7
2026-07-02T22:00,25.2,94,1004.5
2026-07-02T23:00,25.4,93,1004.1
2026-07-03T00:00,26.1,91,1003.9
2026-07-03T01:00,26.0,93,1004.2
2026-07-03T02:00,26.3,93,1004.6
2026-07-03T03:00,26.5,92,1005.0
2026-07-03T04:00,25.7,93,1005.7
2026-07-03T05:00,25.8,94,1006.1
2026-07-03T06:00,26.4,92,1005.7
2026-07-03T07:00,26.8,91,1005.2
2026-07-03T08:00,26.6,90,1005.2
2026-07-03T09:00,26.3,90,1004.5
2026-07-03T10:00,26.7,88,1004.3
2026-07-03T11:00,26.0,90,1004.2
2026-07-03T12:00,27.3,84,1003.6
2026-07-03T13:00,25.8,91,1003.9
2026-07-03T14:00,26.4,90,1004.1
2026-07-03T15:00,26.7,89,1004.4
2026-07-03T16:00,26.5,88,1005.0
2026-07-03T17:00,25.9,91,1005.7
2026-07-03T18:00,25.6,90,1004.8
2026-07-03T19:00,25.8,91,1004.4
2026-07-03T20:00,26.1,91,1003.9
2026-07-03T21:00,26.2,92,1003.2
2026-07-03T22:00,26.2,92,1002.7
2026-07-03T23:00,26.3,93,1002.6
2026-07-04T00:00,26.2,94,1002.4
2026-07-04T01:00,25.8,95,1002.9
2026-07-04T02:00,25.8,93,1003.4
2026-07-04T03:00,25.9,93,1003.5
2026-07-04T04:00,26.4,92,1003.4
2026-07-04T05:00,26.3,93,1003.6
2026-07-04T06:00,26.6,92,1003.3
2026-07-04T07:00,26.4,93,1002.9
2026-07-04T08:00,26.8,89,1002.5
2026-07-04T09:00,26.3,91,1001.8
2026-07-04T10:00,26.3,91,1001.0
2026-07-04T11:00,26.6,89,1000.5
2026-07-04T12:00,26.2,91,1000.3
2026-07-04T13:00,26.0,89,1000.4
2026-07-04T14:00,26.4,91,1000.5
2026-07-04T15:00,27.3,87,1000.7
2026-07-04T16:00,26.9,84,1001.4
2026-07-04T17:00,26.2,90,1001.9
2026-07-04T18:00,26.5,90,1001.3
2026-07-04T19:00,26.2,94,1000.5
2026-07-04T20:00,25.9,93,1000.0
2026-07-04T21:00,26.2,91,999.4
2026-07-04T22:00,25.9,92,998.9
2026-07-04T23:00,26.3,91,998.6
2026-07-05T00:00,26.0,93,998.5
2026-07-05T01:00,25.9,94,998.7
2026-07-05T02:00,26.4,92,999.1
2026-07-05T03:00,26.7,91,999.2
2026-07-05T04:00,26.8,90,999.3
2026-07-05T05:00,26.8,91,998.9
2026-07-05T06:00,26.5,93,999.3
2026-07-05T07:00,26.5,91,998.9
2026-07-05T08:00,27.0,87,999.0
2026-07-05T09:00,26.4,89,999.1
2026-07-05T10:00,26.5,90,998.5
2026-07-05T11:00,26.6,88,998.0
2026-07-05T12:00,26.7,92,998.2
2026-07-05T13:00,26.7,91,998.6
2026-07-05T14:00,26.6,90,998.9
2026-07-05T15:00,26.1,89,1000.0
2026-07-05T16:00,26.9,86,1000.7
2026-07-05T17:00,26.9,87,1001.2
2026-07-05T18:00,26.6,89,1000.1
2026-07-05T19:00,26.7,88,999.8
2026-07-05T20:00,26.8,92,999.0
2026-07-05T21:00,27.0,88,998.6
2026-07-05T22:00,27.3,82,998.8
2026-07-05T23:00,27.2,82,998.6
2026-07-06T00:00,26.7,91,997.7
2026-07-06T01:00,27.0,90,998.0
2026-07-06T02:00,26.9,87,999.2
2026-07-06T03:00,26.8,88,999.8
2026-07-06T04:00,26.9,90,1000.4
2026-07-06T05:00,26.9,90,1000.4
2026-07-06T06:00,27.0,90,999.4
2026-07-06T07:00,27.3,90,999.0
2026-07-06T08:00,26.8,87,999.0
2026-07-06T09:00,26.8,90,998.4
2026-07-06T10:00,26.4,92,998.6
2026-07-06T11:00,27.0,89,997.6
2026-07-06T12:00,27.6,89,997.7
2026-07-06T13:00,27.3,88,998.0
2026-07-06T14:00,27.0,89,998.9
2026-07-06T15:00,27.0,88,999.7
2026-07-06T16:00,27.0,86,1000.3
2026-07-06T17:00,27.1,85,1000.8
2026-07-06T18:00,27.5,86,999.9
2026-07-06T19:00,27.2,87,999.9
2026-07-06T20:00,27.2,85,999.5
2026-07-06T21:00,26.7,90,999.1
2026-07-06T22:00,26.8,87,998.8
2026-07-06T23:00,27.0,88,998.6
2026-07-07T00:00,28.0,88,998.8
2026-07-07T01:00,27.4,85,999.8
2026-07-07T02:00,27.5,83,1000.6
2026-07-07T03:00,26.3,89,1000.7
2026-07-07T04:00,28.1,82,1001.1
2026-07-07T05:00,28.0,83,1001.1
2026-07-07T06:00,27.0,88,1001.2
2026-07-07T07:00,27.8,87,1000.4
2026-07-07T08:00,27.3,87,1000.4
2026-07-07T09:00,27.6,81,1000.4
2026-07-07T10:00,27.1,85,1000.2
2026-07-07T11:00,26.7,88,999.9
2026-07-07T12:00,26.9,90,999.1
2026-07-07T13:00,26.7,92,999.3
2026-07-07T14:00,26.5,90,999.7
2026-07-07T15:00,26.4,92,1000.3
2026-07-07T16:00,26.5,92,1001.2
2026-07-07T17:00,25.6,92,1001.9
2026-07-07T18:00,27.1,92,1001.0
2026-07-07T19:00,26.8,89,1000.4
2026-07-07T20:00,26.8,90,1000.1
2026-07-07T21:00,27.3,91,1000.0
2026-07-07T22:00,28.2,85,1000.0
2026-07-07T23:00,28.0,83,1000.4
2026-07-08T00:00,27.7,92,1000.7
2026-07-08T01:00,27.0,89,1001.0
2026-07-08T02:00,26.2,90,1001.7
2026-07-08T03:00,26.8,89,1002.3
2026-07-08T04:00,26.9,90,1003.2
2026-07-08T05:00,27.2,90,1004.1
2026-07-08T06:00,27.8,86,1003.0
2026-07-08T07:00,27.9,88,1003.1
2026-07-08T08:00,28.8,85,1002.7
2026-07-08T09:00,29.2,81,1002.0
2026-07-08T10:00,28.9,84,1001.8
2026-07-08T11:00,28.4,85,1001.7
2026-07-08T12:00,28.4,86,1001.5
2026-07-08T13:00,28.0,90,1001.6
2026-07-08T14:00,28.0,87,1002.6
2026-07-08T15:00,28.3,88,1003.3
2026-07-08T16:00,28.1,88,1004.0
2026-07-08T17:00,28.3,87,1004.5
2026-07-08T18:00,27.7,88,1004.3
2026-07-08T19:00,28.3,82,1003.7
2026-07-08T20:00,28.4,81,1003.7
2026-07-08T21:00,28.3,82,1003.1
2026-07-08T22:00,28.1,83,1003.2
2026-07-08T23:00,27.8,85,1003.2
2026-07-09T00:00,27.7,87,1003.4
2026-07-09T01:00,27.8,84,1003.9
2026-07-09T02:00,28.1,85,1004.7
2026-07-09T03:00,28.3,83,1005.1
2026-07-09T04:00,28.3,85,1005.6
2026-07-09T05:00,28.5,84,1006.1
2026-07-09T06:00,28.9,80,1006.3
2026-07-09T07:00,29.0,81,1006.4
2026-07-09T08:00,29.0,80,1006.0
2026-07-09T09:00,28.7,81,1005.8
2026-07-09T10:00,28.9,80,1005.2
2026-07-09T11:00,29.2,79,1004.8
2026-07-09T12:00,29.0,81,1004.9
2026-07-09T13:00,28.5,84,1005.2
2026-07-09T14:00,27.7,88,1005.9
2026-07-09T15:00,27.7,88,1006.5
2026-07-09T16:00,27.6,89,1007.0
2026-07-09T17:00,26.8,88,1007.5
2026-07-09T18:00,27.6,86,1007.2
2026-07-09T19:00,27.7,85,1006.8
2026-07-09T20:00,27.3,87,1006.7
2026-07-09T21:00,27.2,87,1006.1
2026-07-09T22:00,26.7,86,1006.1
2026-07-09T23:00,26.9,86,1006.0
2026-07-10T00:00,27.3,89,1006.1
2026-07-10T01:00,27.8,86,1006.4
2026-07-10T02:00,28.2,85,1007.1
2026-07-10T03:00,28.6,83,1007.7
2026-07-10T04:00,28.7,83,1008.4
2026-07-10T05:00,29.0,82,1008.3
2026-07-10T06:00,29.8,77,1008.4
2026-07-10T07:00,30.2,75,1008.4
2026-07-10T08:00,29.8,76,1008.0
2026-07-10T09:00,29.7,77,1007.8
2026-07-10T10:00,29.7,77,1007.2
2026-07-10T11:00,29.3,79,1006.9
2026-07-10T12:00,29.1,81,1007.1
2026-07-10T13:00,28.8,82,1007.3
2026-07-10T14:00,28.4,82,1007.4
2026-07-10T15:00,28.3,83,1007.9
2026-07-10T16:00,28.2,83,1008.5
2026-07-10T17:00,28.3,82,1008.8
2026-07-10T18:00,27.9,85,1008.7
2026-07-10T19:00,27.6,87,1008.0
2026-07-10T20:00,27.4,88,1007.3
2026-07-10T21:00,27.2,88,1006.6
2026-07-10T22:00,27.5,87,1006.2
2026-07-10T23:00,27.8,85,1006.0
2026-07-11T00:00,27.7,86,1006.0
2026-07-11T01:00,27.7,86,1006.5
2026-07-11T02:00,28.1,84,1007.1
2026-07-11T03:00,28.1,84,1007.7
2026-07-11T04:00,28.6,82,1008.2
2026-07-11T05:00,28.5,83,1008.3
2026-07-11T06:00,29.7,75,1008.3
2026-07-11T07:00,29.4,74,1007.8
2026-07-11T08:00,29.7,72,1007.3
2026-07-11T09:00,29.6,75,1006.5
2026-07-11T10:00,29.3,76,1006.2
2026-07-11T11:00,29.1,78,1005.8
2026-07-11T12:00,28.4,83,1005.6
2026-07-11T13:00,28.6,83,1005.8
2026-07-11T14:00,28.3,84,1006.2
2026-07-11T15:00,28.1,86,1006.6
2026-07-11T16:00,27.8,88,1007.0
2026-07-11T17:00,27.4,90,1007.0
2026-07-11T18:00,28.1,84,1006.6
2026-07-11T19:00,28.0,84,1005.8
2026-07-11T20:00,27.9,83,1005.3
2026-07-11T21:00,27.7,83,1004.8
2026-07-11T22:00,27.5,84,1004.3
2026-07-11T23:00,27.5,83,1004.2
2026-07-12T00:00,27.5,87,1004.2
2026-07-12T01:00,27.5,88,1004.3
2026-07-12T02:00,27.9,86,1004.8
2026-07-12T03:00,28.6,81,1005.4
2026-07-12T04:00,29.3,78,1005.7
2026-07-12T05:00,29.6,75,1005.8
2026-07-12T06:00,30.0,76,1005.9
2026-07-12T07:00,29.8,75,1005.7
2026-07-12T08:00,28.8,81,1005.4
2026-07-12T09:00,28.4,85,1004.9
2026-07-12T10:00,29.5,77,1004.6
2026-07-12T11:00,29.3,76,1004.4
2026-07-12T12:00,29.2,79,1004.3
2026-07-12T13:00,28.5,83,1004.7
2026-07-12T14:00,28.4,82,1005.1
2026-07-12T15:00,28.5,81,1005.6
2026-07-12T16:00,28.2,82,1006.0
2026-07-12T17:00,28.4,79,1006.1
2026-07-12T18:00,28.2,81,1006.1
2026-07-12T19:00,27.9,83,1005.6
2026-07-12T20:00,28.2,79,1005.3
2026-07-12T21:00,27.9,78,1004.7
2026-07-12T22:00,27.7,80,1004.5
2026-07-12T23:00,27.6,81,1004.7
2026-07-13T00:00,27.6,84,1004.8
2026-07-13T01:00,27.7,84,1005.1
2026-07-13T02:00,28.2,82,1006.0
2026-07-13T03:00,28.6,80,1006.5
2026-07-13T04:00,29.1,77,1006.8
2026-07-13T05:00,29.5,76,1007.4
2026-07-13T06:00,30.1,73,1007.6
2026-07-13T07:00,30.2,72,1007.2
2026-07-13T08:00,30.1,72,1007.0
2026-07-13T09:00,29.9,70,1006.7
2026-07-13T10:00,29.8,70,1006.2
2026-07-13T11:00,29.4,72,1005.6
2026-07-13T12:00,29.4,73,1005.4
2026-07-13T13:00,29.0,76,1005.7
2026-07-13T14:00,28.5,78,1006.3
2026-07-13T15:00,28.4,79,1007.0
2026-07-13T16:00,28.3,79,1007.5
2026-07-13T17:00,28.2,79,1008.0
2026-07-13T18:00,28.3,76,1007.8
2026-07-13T19:00,27.8,79,1007.2
2026-07-13T20:00,28.0,77,1006.6
2026-07-13T21:00,28.0,75,1006.1
2026-07-13T22:00,27.7,76,1005.9
2026-07-13T23:00,27.4,80,1005.8
2026-07-14T00:00,27.3,84,1005.8
2026-07-14T01:00,27.5,83,1006.5
2026-07-14T02:00,28.1,81,1007.1
2026-07-14T03:00,28.5,78,1007.6
2026-07-14T04:00,28.7,79,1008.2
2026-07-14T05:00,29.3,76,1008.5
2026-07-14T06:00,30.0,69,1008.4
2026-07-14T07:00,30.0,70,1007.8
2026-07-14T08:00,30.1,70,1007.4
2026-07-14T09:00,30.1,70,1006.4
2026-07-14T10:00,29.9,70,1005.9
2026-07-14T11:00,29.5,71,1005.9
2026-07-14T12:00,29.5,70,1005.9
2026-07-14T13:00,28.9,73,1006.2
2026-07-14T14:00,28.3,76,1006.6
2026-07-14T15:00,28.2,76,1006.9
2026-07-14T16:00,28.2,76,1007.6
2026-07-14T17:00,28.2,77,1007.9
2026-07-14T18:00,28.1,74,1007.7
2026-07-14T19:00,28.0,74,1007.3
2026-07-14T20:00,27.9,75,1006.9
2026-07-14T21:00,27.8,76,1006.0
2026-07-14T22:00,27.9,73,1005.5
2026-07-14T23:00,23.6,97,1006.8
2026-07-15T00:00,27.0,83,1006.1
2026-07-15T01:00,26.6,85,1006.6
2026-07-15T02:00,27.1,82,1006.9
2026-07-15T03:00,27.7,79,1007.3
2026-07-15T04:00,28.4,77,1007.7
2026-07-15T05:00,27.7,81,1008.4
2026-07-15T06:00,29.2,75,1007.8
2026-07-15T07:00,29.4,70,1007.7
2026-07-15T08:00,28.7,76,1007.4
2026-07-15T09:00,29.3,70,1006.9
2026-07-15T10:00,29.0,75,1006.7
2026-07-15T11:00,28.0,76,1006.8
2026-07-15T12:00,28.5,82,1006.1
2026-07-15T13:00,28.2,78,1006.1
2026-07-15T14:00,27.9,78,1006.4
2026-07-15T15:00,27.3,82,1007.0
2026-07-15T16:00,27.2,83,1007.7
2026-07-15T17:00,26.3,89,1008.3
2026-07-15T18:00,28.4,74,1007.7
2026-07-15T19:00,27.6,78,1007.3
2026-07-15T20:00,27.1,80,1007.1
2026-07-15T21:00,26.5,84,1006.7
2026-07-15T22:00,26.2,86,1006.4
2026-07-15T23:00,26.0,88,1006.5
2026-07-16T00:00,26.2,90,1006.5
2026-07-16T01:00,25.9,93,1006.9
2026-07-16T02:00,26.3,92,1007.3
2026-07-16T03:00,26.4,85,1007.7
2026-07-16T04:00,27.3,84,1008.2
2026-07-16T05:00,27.4,81,1008.4
2026-07-16T06:00,29.4,77,1007.7
2026-07-16T07:00,29.0,75,1007.5
2026-07-16T08:00,28.7,77,1007.1
2026-07-16T09:00,29.4,76,1006.5
2026-07-16T10:00,29.6,72,1006.2
2026-07-16T11:00,29.0,74,1005.9
2026-07-16T12:00,28.5,79,1005.9
2026-07-16T13:00,27.7,86,1006.1
2026-07-16T14:00,27.6,86,1006.6
2026-07-16T15:00,27.8,83,1007.0
2026-07-16T16:00,27.9,79,1007.2
2026-07-16T17:00,27.4,82,1007.4
2026-07-16T18:00,27.7,81,1007.0
2026-07-16T19:00,26.6,87,1006.6
2026-07-16T20:00,26.6,89,1006.3
2026-07-16T21:00,27.0,86,1006.0
2026-07-16T22:00,26.7,85,1005.9
2026-07-16T23:00,25.9,90,1005.7
2026-07-17T00:00,24.8,95,1005.8
2026-07-17T01:00,25.8,89,1006.3
2026-07-17T02:00,27.1,91,1006.8
2026-07-17T03:00,28.3,81,1007.1
2026-07-17T04:00,29.0,75,1007.6
2026-07-17T05:00,27.6,80,1008.0
2026-07-17T06:00,29.3,76,1007.4
2026-07-17T07:00,30.3,71,1007.1
2026-07-17T08:00,27.7,82,1006.7
2026-07-17T09:00,29.4,72,1006.3
2026-07-17T10:00,28.4,77,1005.9
2026-07-17T11:00,28.5,72,1005.9
2026-07-17T12:00,29.0,74,1005.6
2026-07-17T13:00,28.7,77,1005.8
2026-07-17T14:00,28.5,77,1006.2
2026-07-17T15:00,28.4,77,1006.8
2026-07-17T16:00,27.9,80,1007.4
2026-07-17T17:00,27.3,84,1007.8
2026-07-17T18:00,27.3,81,1007.3
2026-07-17T19:00,26.6,87,1006.8
2026-07-17T20:00,26.0,92,1006.8
2026-07-17T21:00,25.9,94,1006.3
2026-07-17T22:00,26.4,91,1005.8
2026-07-17T23:00,26.1,96,1005.7
2026-07-18T00:00,26.8,90,1005.5
2026-07-18T01:00,26.5,88,1006.2
2026-07-18T02:00,27.1,87,1006.6
2026-07-18T03:00,27.7,82,1006.9
2026-07-18T04:00,28.8,74,1007.2
2026-07-18T05:00,28.9,76,1007.3
2026-07-18T06:00,30.3,69,1006.9
2026-07-18T07:00,30.6,70,1006.3
2026-07-18T08:00,29.7,70,1006.0
2026-07-18T09:00,28.7,75,1005.6
2026-07-18T10:00,28.8,78,1005.1
2026-07-18T11:00,28.2,78,1004.9
2026-07-18T12:00,26.8,86,1005.0
2026-07-18T13:00,26.5,90,1005.6
2026-07-18T14:00,26.2,93,1006.4
2026-07-18T15:00,26.0,93,1006.9
2026-07-18T16:00,26.6,93,1007.4
2026-07-18T17:00,26.5,93,1007.7
2026-07-18T18:00,26.5,88,1006.9
2026-07-18T19:00,26.5,89,1006.4
2026-07-18T20:00,26.1,90,1006.0
2026-07-18T21:00,26.2,89,1005.6
2026-07-18T22:00,25.8,88,1005.5
2026-07-18T23:00,26.2,86,1005.1
2026-07-19T00:00,26.6,90,1004.9
2026-07-19T01:00,26.9,88,1005.1
2026-07-19T02:00,27.3,85,1005.5
2026-07-19T03:00,26.8,86,1006.1
2026-07-19T04:00,27.2,89,1006.6
2026-07-19T05:00,28.0,81,1007.0
2026-07-19T06:00,27.9,82,1006.5
2026-07-19T07:00,28.3,80,1006.0
2026-07-19T08:00,28.6,72,1005.6
2026-07-19T09:00,27.3,79,1005.3
2026-07-19T10:00,28.0,80,1004.9
2026-07-19T11:00,27.8,80,1004.4
2026-07-19T12:00,27.8,81,1004.6
2026-07-19T13:00,27.3,84,1005.0
2026-07-19T14:00,27.0,89,1005.4
2026-07-19T15:00,26.1,90,1006.5
2026-07-19T16:00,25.1,93,1007.4
2026-07-19T17:00,26.0,91,1007.6
2026-07-19T18:00,25.7,91,1006.7
2026-07-19T19:00,25.6,91,1006.4
2026-07-19T20:00,25.3,94,1005.9
2026-07-19T21:00,25.8,91,1005.3
2026-07-19T22:00,25.9,92,1004.9
2026-07-19T23:00,25.9,91,1005.3
2026-07-20T00:00,26.3,91,1004.6
2026-07-20T01:00,26.9,86,1004.8
2026-07-20T02:00,26.1,87,1005.5
2026-07-20T03:00,26.8,89,1006.0
2026-07-20T04:00,27.0,88,1006.6
2026-07-20T05:00,27.2,86,1006.7
2026-07-20T06:00,27.9,80,1006.3
2026-07-20T07:00,27.9,81,1006.5
2026-07-20T08:00,28.9,77,1005.6
2026-07-20T09:00,27.6,84,1005.3
2026-07-20T10:00,26.5,90,1005.2
2026-07-20T11:00,25.9,91,1004.5
2026-07-20T12:00,27.8,82,1004.2
2026-07-20T13:00,27.5,82,1004.6
2026-07-20T14:00,26.2,89,1005.5
2026-07-20T15:00,26.2,91,1006.2
2026-07-20T16:00,26.5,89,1007.1
2026-07-20T17:00,25.6,93,1007.3
2026-07-20T18:00,28.2,79,1006.6
2026-07-20T19:00,27.2,83,1006.4
2026-07-20T20:00,26.0,90,1005.6
2026-07-20T21:00,27.5,80,1004.8
2026-07-20T22:00,27.5,81,1004.7
2026-07-20T23:00,27.5,81,1004.5
2026-07-21T00:00,27.8,80,1004.2
2026-07-21T01:00,27.1,82,1004.7
2026-07-21T02:00,27.1,81,1005.1
2026-07-21T03:00,28.5,79,1005.3
2026-07-21T04:00,28.1,79,1005.9
2026-07-21T05:00,28.8,72,1005.8
2026-07-21T06:00,26.4,90,1006.0
2026-07-21T07:00,29.0,79,1005.5
2026-07-21T08:00,29.0,77,1005.0
2026-07-21T09:00,28.4,81,1004.3
2026-07-21T10:00,28.3,78,1004.1
2026-07-21T11:00,26.7,88,1003.8
2026-07-21T12:00,26.4,87,1004.0
2026-07-21T13:00,26.3,87,1004.3
2026-07-21T14:00,25.9,90,1005.1
2026-07-21T15:00,24.8,96,1005.6
2026-07-21T16:00,25.7,91,1005.8
2026-07-21T17:00,26.2,90,1006.3
2026-07-21T18:00,27.1,83,1005.2
2026-07-21T19:00,27.9,82,1004.3
2026-07-21T20:00,26.4,88,1004.4
2026-07-21T21:00,26.4,89,1004.1
2026-07-21T22:00,25.9,89,1004.2
2026-07-21T23:00,26.1,90,1004.1
2026-07-22T00:00,26.0,89,1003.3
2026-07-22T01:00,26.1,90,1004.2
2026-07-22T02:00,26.3,91,1004.7
2026-07-22T03:00,26.2,89,1004.6
2026-07-22T04:00,27.6,82,1005.0
2026-07-22T05:00,27.8,79,1005.2
2026-07-22T06:00,27.0,85,1005.4
2026-07-22T07:00,27.5,82,1004.8
2026-07-22T08:00,27.5,82,1004.3
2026-07-22T09:00,26.8,85,1003.4
2026-07-22T10:00,25.6,90,1003.6
2026-07-22T11:00,26.3,87,1003.4
2026-07-22T12:00,27.1,84,1002.6
2026-07-22T13:00,26.6,91,1002.6
2026-07-22T14:00,27.1,84,1003.3
2026-07-22T15:00,26.8,85,1004.2
2026-07-22T16:00,25.8,89,1004.6
2026-07-22T17:00,26.3,88,1005.2
2026-07-22T18:00,27.2,83,1003.8
2026-07-22T19:00,26.7,84,1003.1
2026-07-22T20:00,25.8,88,1002.8
2026-07-22T21:00,25.8,87,1002.9
2026-07-22T22:00,25.7,87,1002.7
2026-07-22T23:00,26.4,85,1002.0
2026-07-23T00:00,26.1,91,1001.4
2026-07-23T01:00,26.6,90,1001.7
2026-07-23T02:00,26.6,90,1002.4
2026-07-23T03:00,27.2,87,1002.3
2026-07-23T04:00,27.0,89,1002.7
2026-07-23T05:00,26.7,90,1002.8
2026-07-23T06:00,26.7,89,1002.7
2026-07-23T07:00,26.7,91,1002.5
2026-07-23T08:00,26.9,89,1002.4
2026-07-23T09:00,26.8,87,1001.9
2026-07-23T10:00,27.0,87,1001.6
2026-07-23T11:00,26.8,88,1001.9
2026-07-23T12:00,27.6,84,1001.3
2026-07-23T13:00,28.0,81,1001.4
2026-07-23T14:00,28.1,80,1001.8
2026-07-23T15:00,27.4,83,1002.6
2026-07-23T16:00,27.3,83,1003.3
2026-07-23T17:00,28.0,82,1003.5
2026-07-23T18:00,27.9,75,1003.1
2026-07-23T19:00,27.3,83,1002.8
2026-07-23T20:00,27.5,84,1002.6
2026-07-23T21:00,25.0,93,1002.4
2026-07-23T22:00,26.5,89,1001.8
2026-07-23T23:00,26.2,89,1002.0
2026-07-24T00:00,27.3,86,1001.6
2026-07-24T01:00,26.2,86,1001.9
2026-07-24T02:00,26.1,88,1003.4
2026-07-24T03:00,27.0,89,1003.5
2026-07-24T04:00,26.1,88,1004.3
2026-07-24T05:00,26.6,84,1004.8
2026-07-24T06:00,26.7,85,1004.2
2026-07-24T07:00,27.3,84,1003.4
2026-07-24T08:00,28.0,84,1003.0
2026-07-24T09:00,28.4,81,1002.1
2026-07-24T10:00,28.1,84,1001.6
2026-07-24T11:00,27.5,87,1001.5
2026-07-24T12:00,28.6,79,1000.9
2026-07-24T13:00,27.9,82,1001.1
2026-07-24T14:00,27.5,85,1001.8
2026-07-24T15:00,27.4,84,1002.7
2026-07-24T16:00,27.5,82,1003.3
2026-07-24T17:00,27.8,81,1003.5
2026-07-24T18:00,28.1,78,1003.1
2026-07-24T19:00,28.1,80,1002.9
2026-07-24T20:00,27.9,81,1002.6
2026-07-24T21:00,27.5,82,1002.0
2026-07-24T22:00,26.8,86,1001.9
2026-07-24T23:00,26.5,84,1002.4
2026-07-25T00:00,27.4,84,1002.7
2026-07-25T01:00,27.3,87,1003.0
2026-07-25T02:00,27.4,84,1004.1
2026-07-25T03:00,27.5,83,1004.2
2026-07-25T04:00,28.7,80,1004.7
2026-07-25T05:00,29.0,78,1004.8
2026-07-25T06:00,28.5,81,1004.4
2026-07-25T07:00,29.6,79,1004.2
2026-07-25T08:00,29.6,79,1003.8
2026-07-25T09:00,29.5,78,1003.6
2026-07-25T10:00,29.6,76,1003.2
2026-07-25T11:00,29.0,78,1002.7
2026-07-25T12:00,28.1,83,1002.7
2026-07-25T13:00,27.2,85,1003.3
2026-07-25T14:00,27.6,84,1003.4
2026-07-25T15:00,25.8,91,1004.6
2026-07-25T16:00,25.4,95,1005.4
2026-07-25T17:00,25.7,95,1005.9
2026-07-25T18:00,27.1,91,1005.0
2026-07-25T19:00,26.2,90,1004.4
2026-07-25T20:00,26.8,91,1004.3
2026-07-25T21:00,25.8,93,1004.3
2026-07-25T22:00,25.8,91,1004.1
2026-07-25T23:00,25.8,94,1004.0
2026-07-26T00:00,26.5,91,1003.8
2026-07-26T01:00,25.3,91,1004.0
2026-07-26T02:00,26.6,91,1004.3
2026-07-26T03:00,28.0,84,1004.7
2026-07-26T04:00,28.2,79,1005.5
2026-07-26T05:00,27.7,80,1005.6
2026-07-26T06:00,29.1,76,1005.2
2026-07-26T07:00,27.6,87,1005.2
2026-07-26T08:00,28.0,87,1005.1
2026-07-26T09:00,27.9,83,1004.6
2026-07-26T10:00,28.8,82,1003.9
2026-07-26T11:00,27.5,86,1003.6
2026-07-26T12:00,27.0,90,1003.7
2026-07-26T13:00,26.7,91,1003.7
2026-07-26T14:00,27.1,90,1004.0
2026-07-26T15:00,27.1,87,1004.4
2026-07-26T16:00,26.9,88,1005.1
2026-07-26T17:00,25.7,91,1005.6
2026-07-26T18:00,25.9,89,1005.0
2026-07-26T19:00,26.1,91,1004.6
2026-07-26T20:00,25.8,93,1003.9
2026-07-26T21:00,25.9,93,1003.7
2026-07-26T22:00,26.0,93,1003.4
2026-07-26T23:00,26.1,92,1003.3
2026-07-27T00:00,26.5,89,1003.2
2026-07-27T01:00,26.2,91,1003.3
2026-07-27T02:00,26.5,92,1003.6
2026-07-27T03:00,26.5,91,1004.2
2026-07-27T04:00,26.4,90,1004.9
2026-07-27T05:00,27.5,87,1004.8
2026-07-27T06:00,28.4,80,1004.6
2026-07-27T07:00,29.0,77,1003.9
2026-07-27T08:00,28.5,81,1003.9
2026-07-27T09:00,28.8,82,1003.2
2026-07-27T10:00,28.0,80,1003.0
2026-07-27T11:00,28.1,81,1002.2
2026-07-27T12:00,26.8,93,1002.6
2026-07-27T13:00,26.7,92,1002.3
2026-07-27T14:00,26.3,92,1002.8
2026-07-27T15:00,26.2,93,1003.1
2026-07-27T16:00,26.3,93,1003.9
2026-07-27T17:00,26.6,92,1004.2
2026-07-27T18:00,26.6,89,1003.8
2026-07-27T19:00,26.4,92,1003.4
2026-07-27T20:00,26.4,93,1003.3
2026-07-27T21:00,25.8,93,1003.0
2026-07-27T22:00,25.9,95,1002.4
2026-07-27T23:00,25.9,93,1002.5
2026-07-28T00:00,26.3,91,1001.8
2026-07-28T01:00,26.8,92,1002.1
2026-07-28T02:00,27.4,85,1002.7
2026-07-28T03:00,28.1,80,1003.2
2026-07-28T04:00,28.8,78,1003.8
2026-07-28T05:00,29.0,80,1004.1
2026-07-28T06:00,28.5,82,1004.0
2026-07-28T07:00,29.4,78,1003.6
2026-07-28T08:00,29.6,71,1003.3
2026-07-28T09:00,29.5,77,1002.5
2026-07-28T10:00,29.2,77,1002.2
2026-07-28T11:00,28.9,77,1001.5
2026-07-28T12:00,28.8,78,1001.4
2026-07-28T13:00,28.2,83,1001.5
2026-07-28T14:00,27.9,84,1002.1
2026-07-28T15:00,27.8,84,1002.9
2026-07-28T16:00,27.5,86,1003.6
2026-07-28T17:00,27.2,86,1004.1
2026-07-28T18:00,27.5,88,1003.5
2026-07-28T19:00,26.6,89,1003.0
2026-07-28T20:00,27.0,89,1002.8
2026-07-28T21:00,27.1,88,1002.0
2026-07-28T22:00,27.2,86,1001.5
2026-07-28T23:00,26.8,88,1001.4
2026-07-29T00:00,26.9,89,1001.5
2026-07-29T01:00,27.7,83,1001.9
2026-07-29T02:00,27.8,82,1002.5
2026-07-29T03:00,28.4,78,1003.1
2026-07-29T04:00,28.9,74,1003.4
2026-07-29T05:00,28.8,76,1003.7
2026-07-29T06:00,29.5,73,1003.8
2026-07-29T07:00,29.2,80,1003.2
2026-07-29T08:00,29.3,76,1002.9
2026-07-29T09:00,29.0,75,1002.3
2026-07-29T10:00,28.9,75,1001.7
2026-07-29T11:00,27.7,84,1001.1
2026-07-29T12:00,28.3,81,1001.3
2026-07-29T13:00,27.8,81,1001.3
2026-07-29T14:00,27.9,82,1001.6
2026-07-29T15:00,27.5,84,1002.2
2026-07-29T16:00,27.6,86,1002.5
2026-07-29T17:00,27.3,87,1002.7
2026-07-29T18:00,26.5,91,1002.1
2026-07-29T19:00,27.4,83,1001.5
2026-07-29T20:00,26.9,88,1001.0
2026-07-29T21:00,26.4,90,1000.5
2026-07-29T22:00,26.9,87,1000.3
2026-07-29T23:00,27.0,85,1000.0
2026-07-30T00:00,27.7,84,999.7
2026-07-30T01:00,26.5,92,1000.0
2026-07-30T02:00,26.9,90,1000.5
2026-07-30T03:00,27.2,86,1001.0
2026-07-30T04:00,27.2,88,1001.3
2026-07-30T05:00,27.9,85,1001.2
2026-07-30T06:00,28.2,84,1001.4
2026-07-30T07:00,28.0,83,1000.9
2026-07-30T08:00,27.8,84,1000.5
2026-07-30T09:00,27.9,84,999.5
2026-07-30T10:00,27.1,88,999.1
2026-07-30T11:00,27.6,86,998.5
2026-07-30T12:00,27.0,86,998.6
2026-07-30T13:00,27.7,83,998.8
2026-07-30T14:00,27.6,84,999.0
2026-07-30T15:00,27.5,85,999.7
2026-07-30T16:00,27.6,84,1000.0
2026-07-30T17:00,27.7,83,1000.4
2026-07-30T18:00,27.2,84,1000.1
2026-07-30T19:00,27.6,81,999.2
2026-07-30T20:00,27.4,83,998.9
2026-07-30T21:00,27.3,85,998.2
2026-07-30T22:00,27.2,84,998.2
2026-07-30T23:00,27.1,84,998.0
2026-07-31T00:00,27.3,87,997.4
2026-07-31T01:00,27.4,85,997.9
2026-07-31T02:00,27.5,87,998.3
2026-07-31T03:00,27.1,88,999.0
2026-07-31T04:00,27.4,89,999.3
2026-07-31T05:00,26.8,92,999.4
2026-07-31T06:00,27.7,90,999.1
2026-07-31T07:00,28.0,89,998.7
2026-07-31T08:00,27.9,89,998.6
2026-07-31T09:00,27.4,88,997.6
2026-07-31T10:00,28.2,88,997.3
2026-07-31T11:00,26.8,89,996.8
2026-07-31T12:00,28.4,77,997.6
2026-07-31T13:00,28.0,77,997.6
2026-07-31T14:00,27.5,85,998.0
2026-07-31T15:00,27.4,88,999.1
2026-07-31T16:00,27.5,87,999.6
2026-07-31T17:00,27.6,86,1000.3
2026-07-31T18:00,26.9,86,1000.1
2026-07-31T19:00,27.6,83,999.7
2026-07-31T20:00,27.7,84,999.2
2026-07-31T21:00,27.1,87,999.3
2026-07-31T22:00,26.9,89,999.4
2026-07-31T23:00,27.3,88,999.0
2026-08-01T00:00,27.1,87,999.6
2026-08-01T01:00,27.7,81,1000.0
2026-08-01T02:00,28.0,80,1000.5
2026-08-01T03:00,28.1,80,1000.7
2026-08-01T04:00,28.7,80,1001.2
2026-08-01T05:00,28.8,80,1001.4
2026-08-01T06:00,26.6,90,1001.9
2026-08-01T07:00,27.9,84,1001.8
2026-08-01T08:00,28.4,80,1001.2
2026-08-01T09:00,28.3,82,1000.6
2026-08-01T10:00,28.4,78,1000.2
2026-08-01T11:00,28.7,78,1000.2
2026-08-01T12:00,28.4,79,1000.6
2026-08-01T13:00,28.1,81,1001.1
2026-08-01T14:00,28.2,80,1001.4
2026-08-01T15:00,27.5,86,1002.3
2026-08-01T16:00,27.9,85,1002.9
2026-08-01T17:00,27.4,82,1003.4
2026-08-01T18:00,28.0,80,1003.4
2026-08-01T19:00,27.9,81,1003.0
2026-08-01T20:00,27.6,82,1002.8
2026-08-01T21:00,27.2,83,1002.7
2026-08-01T22:00,26.7,86,1002.9
2026-08-01T23:00,27.1,85,1002.9
2026-08-02T00:00,27.0,88,1002.6
2026-08-02T01:00,27.0,86,1002.8
2026-08-02T02:00,27.3,84,1003.5
2026-08-02T03:00,27.9,84,1004.2
2026-08-02T04:00,27.3,84,1004.7
2026-08-02T05:00,28.7,82,1004.9
2026-08-02T06:00,26.7,85,1004.9
2026-08-02T07:00,29.2,79,1005.0
2026-08-02T08:00,28.2,80,1004.9
2026-08-02T09:00,28.7,79,1004.2
2026-08-02T10:00,27.2,87,1004.1
2026-08-02T11:00,28.1,84,1003.8
2026-08-02T12:00,28.7,76,1003.1
2026-08-02T13:00,28.3,80,1003.4
2026-08-02T14:00,26.5,86,1003.9
2026-08-02T15:00,26.8,88,1004.8
2026-08-02T16:00,26.5,88,1005.5
2026-08-02T17:00,26.5,87,1006.3
2026-08-02T18:00,26.3,91,1005.5
2026-08-02T19:00,26.4,90,1005.3
2026-08-02T20:00,26.0,92,1005.1
2026-08-02T21:00,26.5,90,1004.6
2026-08-02T22:00,26.4,88,1004.3
2026-08-02T23:00,25.9,91,1004.5
2026-08-03T00:00,26.4,90,1004.0
2026-08-03T01:00,26.5,89,1004.7
2026-08-03T02:00,27.3,90,1005.2
2026-08-03T03:00,26.8,89,1006.0
2026-08-03T04:00,28.0,83,1006.5
2026-08-03T05:00,28.4,79,1007.0
2026-08-03T06:00,29.1,78,1006.9
2026-08-03T07:00,29.2,75,1006.8
2026-08-03T08:00,29.1,73,1006.3
2026-08-03T09:00,29.5,71,1005.7
2026-08-03T10:00,29.1,73,1005.4
2026-08-03T11:00,28.2,76,1004.9
2026-08-03T12:00,28.4,79,1004.6
2026-08-03T13:00,26.8,88,1004.9
2026-08-03T14:00,27.2,90,1005.4
2026-08-03T15:00,27.0,88,1006.2
2026-08-03T16:00,26.2,89,1006.8
2026-08-03T17:00,26.9,91,1007.2
2026-08-03T18:00,27.2,86,1006.9
2026-08-03T19:00,27.3,83,1006.4
2026-08-03T20:00,27.4,78,1006.3
2026-08-03T21:00,26.1,84,1006.1
2026-08-03T22:00,26.2,88,1005.8
2026-08-03T23:00,25.6,91,1006.0
2026-08-04T00:00,26.9,86,1005.6
2026-08-04T01:00,27.1,85,1005.9
2026-08-04T02:00,27.5,83,1006.7
2026-08-04T03:00,28.0,79,1007.0
2026-08-04T04:00,28.8,74,1007.4
2026-08-04T05:00,29.0,70,1007.8
2026-08-04T06:00,29.2,73,1007.6
2026-08-04T07:00,29.3,73,1007.1
2026-08-04T08:00,29.4,70,1006.7
2026-08-04T09:00,28.9,73,1006.3
2026-08-04T10:00,28.2,77,1005.8
2026-08-04T11:00,28.2,77,1004.9
2026-08-04T12:00,26.9,88,1005.3
2026-08-04T13:00,26.7,90,1005.1
2026-08-04T14:00,26.2,91,1005.9
2026-08-04T15:00,26.6,90,1006.5
2026-08-04T16:00,26.5,89,1007.0
2026-08-04T17:00,26.4,89,1007.3
2026-08-04T18:00,26.3,89,1006.4
2026-08-04T19:00,25.8,92,1006.2
2026-08-04T20:00,25.8,92,1005.6
2026-08-04T21:00,25.6,92,1005.3
2026-08-04T22:00,25.7,93,1004.8
2026-08-04T23:00,25.4,93,1005.1
2026-08-05T00:00,26.8,89,1004.5
2026-08-05T01:00,27.0,87,1004.7
2026-08-05T02:00,26.9,83,1005.2
2026-08-05T03:00,26.7,87,1005.7
2026-08-05T04:00,26.8,88,1006.2
2026-08-05T05:00,27.3,84,1006.2
2026-08-05T06:00,27.9,83,1005.9
2026-08-05T07:00,28.3,78,1005.5
2026-08-05T08:00,27.5,81,1004.9
2026-08-05T09:00,28.0,78,1004.4
2026-08-05T10:00,28.2,79,1003.5
2026-08-05T11:00,28.0,79,1003.1
2026-08-05T12:00,28.2,78,1003.3
2026-08-05T13:00,27.6,82,1003.7
2026-08-05T14:00,27.5,82,1004.2
2026-08-05T15:00,27.6,82,1004.8
2026-08-05T16:00,26.8,85,1005.3
2026-08-05T17:00,26.8,86,1005.4
2026-08-05T18:00,26.9,89,1004.8
2026-08-05T19:00,26.4,88,1004.5
2026-08-05T20:00,26.4,90,1004.0
2026-08-05T21:00,26.0,90,1003.7
2026-08-05T22:00,26.4,89,1003.6
2026-08-05T23:00,26.7,84,1003.5
2026-08-06T00:00,26.6,84,1003.3
2026-08-06T01:00,26.4,85,1003.8
2026-08-06T02:00,26.2,94,1004.5
2026-08-06T03:00,27.7,85,1004.6
2026-08-06T04:00,27.8,82,1005.1
2026-08-06T05:00,28.7,74,1005.2
2026-08-06T06:00,29.2,75,1005.2
2026-08-06T07:00,29.2,76,1004.8
2026-08-06T08:00,29.2,76,1004.6
2026-08-06T09:00,29.3,74,1004.1
2026-08-06T10:00,29.1,73,1003.7
2026-08-06T11:00,28.8,74,1003.4
2026-08-06T12:00,28.4,81,1003.5
2026-08-06T13:00,27.9,81,1003.8
2026-08-06T14:00,27.3,86,1004.5
2026-08-06T15:00,27.7,83,1005.1
2026-08-06T16:00,27.5,83,1005.6
2026-08-06T17:00,27.6,82,1005.8
2026-08-06T18:00,27.6,82,1005.5
2026-08-06T19:00,27.0,85,1004.9
2026-08-06T20:00,26.9,84,1004.6
2026-08-06T21:00,27.5,78,1004.3
2026-08-06T22:00,27.3,80,1004.1
2026-08-06T23:00,27.1,84,1004.1
2026-08-07T00:00,26.8,89,1003.9
2026-08-07T01:00,27.3,83,1004.4
2026-08-07T02:00,27.5,81,1004.8
2026-08-07T03:00,27.8,81,1005.2
2026-08-07T04:00,28.6,79,1005.6
2026-08-07T05:00,29.1,74,1005.8
2026-08-07T06:00,29.7,65,1005.5
2026-08-07T07:00,29.1,73,1005.4
2026-08-07T08:00,29.3,72,1005.0
2026-08-07T09:00,28.9,75,1004.5
2026-08-07T10:00,29.1,75,1003.8
2026-08-07T11:00,28.9,75,1003.4
2026-08-07T12:00,28.0,80,1003.5
2026-08-07T13:00,27.6,86,1003.6
2026-08-07T14:00,27.5,85,1004.3
2026-08-07T15:00,27.4,86,1004.8
2026-08-07T16:00,27.2,87,1005.2
2026-08-07T17:00,27.0,85,1005.7
2026-08-07T18:00,26.8,88,1005.6
2026-08-07T19:00,27.0,85,1005.1
2026-08-07T20:00,27.2,84,1004.6
2026-08-07T21:00,27.1,84,1004.1
2026-08-07T22:00,27.1,84,1003.8
2026-08-07T23:00,26.4,87,1003.6
2026-08-08T00:00,26.7,88,1003.8
2026-08-08T01:00,26.2,89,1004.4
2026-08-08T02:00,27.3,87,1005.0
2026-08-08T03:00,28.1,75,1005.2
2026-08-08T04:00,27.4,80,1005.9
2026-08-08T05:00,28.6,78,1006.0
2026-08-08T06:00,28.5,75,1006.0
2026-08-08T07:00,28.6,73,1005.7
2026-08-08T08:00,29.2,76,1005.5
2026-08-08T09:00,29.1,77,1004.8
2026-08-08T10:00,29.2,77,1004.2
2026-08-08T11:00,28.9,77,1003.8
2026-08-08T12:00,28.6,78,1004.1
2026-08-08T13:00,28.2,80,1004.2
2026-08-08T14:00,27.8,83,1004.6
2026-08-08T15:00,27.7,83,1005.5
2026-08-08T16:00,27.5,84,1006.4
2026-08-08T17:00,27.2,85,1006.8
2026-08-08T18:00,26.6,89,1006.6
2026-08-08T19:00,27.1,86,1006.2
2026-08-08T20:00,27.0,85,1005.9
2026-08-08T21:00,26.9,86,1005.5
2026-08-08T22:00,26.9,84,1005.2
2026-08-08T23:00,26.7,84,1005.3
2026-08-09T00:00,26.5,88,1005.2
2026-08-09T01:00,26.5,85,1005.6
2026-08-09T02:00,27.1,86,1006.3
2026-08-09T03:00,27.2,83,1006.8
2026-08-09T04:00,27.6,81,1007.2
2026-08-09T05:00,27.5,79,1007.6
2026-08-09T06:00,27.9,80,1007.0
2026-08-09T07:00,29.5,73,1006.7
2026-08-09T08:00,29.6,73,1006.1
2026-08-09T09:00,29.3,71,1005.6
2026-08-09T10:00,29.1,74,1005.3
2026-08-09T11:00,28.7,76,1004.8
2026-08-09T12:00,28.7,77,1005.0
2026-08-09T13:00,28.3,79,1005.0
2026-08-09T14:00,27.9,81,1005.2
2026-08-09T15:00,27.7,83,1006.0
2026-08-09T16:00,27.7,83,1006.5
2026-08-09T17:00,27.6,83,1007.1
2026-08-09T18:00,26.9,86,1006.7
2026-08-09T19:00,27.0,84,1006.1
2026-08-09T20:00,26.3,87,1006.0
2026-08-09T21:00,26.3,86,1005.7
2026-08-09T22:00,25.5,90,1005.5
2026-08-09T23:00,25.6,91,1005.0
2026-08-10T00:00,25.6,89,1005.0
2026-08-10T01:00,25.8,92,1005.2
2026-08-10T02:00,26.2,90,1005.8
2026-08-10T03:00,26.6,84,1006.2
2026-08-10T04:00,26.7,81,1006.7
2026-08-10T05:00,27.7,81,1006.6
2026-08-10T06:00,26.9,80,1006.7
2026-08-10T07:00,29.2,76,1006.2
2026-08-10T08:00,29.3,76,1005.7
2026-08-10T09:00,29.1,75,1004.9
2026-08-10T10:00,29.1,74,1004.3
2026-08-10T11:00,28.7,75,1003.7
2026-08-10T12:00,28.8,71,1004.1
2026-08-10T13:00,28.2,76,1004.2
2026-08-10T14:00,27.8,78,1004.6
2026-08-10T15:00,27.6,79,1005.3
2026-08-10T16:00,27.4,80,1005.6
2026-08-10T17:00,27.3,81,1005.9
2026-08-10T18:00,26.3,84,1005.3
2026-08-10T19:00,26.5,84,1004.7
2026-08-10T20:00,26.3,85,1004.1
2026-08-10T21:00,25.7,86,1003.7
2026-08-10T22:00,25.9,86,1003.8
2026-08-10T23:00,25.4,90,1003.7
2026-08-11T00:00,26.2,89,1003.5
2026-08-11T01:00,25.6,90,1004.2
2026-08-11T02:00,25.7,92,1004.8
2026-08-11T03:00,26.2,92,1005.3
2026-08-11T04:00,25.7,93,1006.0
2026-08-11T05:00,26.3,89,1005.8
2026-08-11T06:00,26.0,91,1005.6
2026-08-11T07:00,26.8,87,1005.2
2026-08-11T08:00,27.1,86,1004.5
2026-08-11T09:00,26.7,82,1003.7
2026-08-11T10:00,27.0,83,1003.1
2026-08-11T11:00,26.4,84,1002.6
2026-08-11T12:00,26.4,91,1003.0
2026-08-11T13:00,25.8,93,1003.2
2026-08-11T14:00,25.9,91,1003.8
2026-08-11T15:00,25.6,93,1004.5
2026-08-11T16:00,26.0,93,1005.3
2026-08-11T17:00,25.8,91,1005.8
2026-08-11T18:00,25.6,92,1005.5
2026-08-11T19:00,25.8,91,1005.2
2026-08-11T20:00,25.9,91,1004.8
2026-08-11T21:00,25.8,90,1004.4
2026-08-11T22:00,26.1,91,1004.2
2026-08-11T23:00,24.8,90,1004.3
2026-08-12T00:00,25.5,91,1004.2
2026-08-12T01:00,25.6,91,1004.5
2026-08-12T02:00,26.3,89,1005.3
2026-08-12T03:00,26.9,88,1005.7
2026-08-12T04:00,27.7,79,1006.2
2026-08-12T05:00,27.9,77,1006.3
2026-08-12T06:00,26.6,88,1006.5
2026-08-12T07:00,26.9,85,1006.0
2026-08-12T08:00,27.9,82,1005.7
2026-08-12T09:00,27.7,81,1005.4
2026-08-12T10:00,28.3,80,1004.7
2026-08-12T11:00,28.5,74,1004.5
2026-08-12T12:00,28.3,76,1004.9
2026-08-12T13:00,27.9,79,1005.3
2026-08-12T14:00,26.8,86,1006.1
2026-08-12T15:00,26.8,88,1006.7
2026-08-12T16:00,27.1,87,1007.7
2026-08-12T17:00,26.3,89,1008.2
2026-08-12T18:00,26.8,87,1007.8
2026-08-12T19:00,26.3,88,1007.0
2026-08-12T20:00,26.0,88,1007.0
2026-08-12T21:00,25.9,89,1006.5
2026-08-12T22:00,25.5,89,1006.2
2026-08-12T23:00,26.5,88,1006.1
2026-08-13T00:00,26.3,87,1005.7
2026-08-13T01:00,26.7,88,1006.3
2026-08-13T02:00,27.3,85,1007.1
2026-08-13T03:00,27.6,77,1007.4
2026-08-13T04:00,28.1,78,1007.9
2026-08-13T05:00,27.2,78,1008.3
2026-08-13T06:00,26.1,88,1008.2
2026-08-13T07:00,27.3,87,1007.9
2026-08-13T08:00,28.1,80,1007.3
2026-08-13T09:00,28.3,79,1006.9
2026-08-13T10:00,28.3,78,1006.4
2026-08-13T11:00,27.9,78,1006.0
2026-08-13T12:00,26.9,82,1006.5
2026-08-13T13:00,27.3,83,1006.3
2026-08-13T14:00,27.0,82,1007.1
2026-08-13T15:00,27.5,80,1007.6
2026-08-13T16:00,27.4,80,1008.3
2026-08-13T17:00,27.4,80,1008.2
2026-08-13T18:00,26.8,85,1007.5
2026-08-13T19:00,26.7,84,1007.1
2026-08-13T20:00,26.3,86,1006.6
2026-08-13T21:00,26.0,88,1006.2
2026-08-13T22:00,25.5,90,1006.2
2026-08-13T23:00,25.9,88,1005.9
2026-08-14T00:00,25.8,91,1006.0
2026-08-14T01:00,25.4,89,1006.4
2026-08-14T02:00,26.1,89,1007.2
2026-08-14T03:00,26.9,86,1007.6
2026-08-14T04:00,28.1,77,1008.0
2026-08-14T05:00,28.2,78,1008.0
2026-08-14T06:00,28.9,76,1007.9
2026-08-14T07:00,29.0,75,1007.8
2026-08-14T08:00,29.0,74,1007.7
2026-08-14T09:00,28.5,72,1007.0
2026-08-14T10:00,28.2,77,1006.6
2026-08-14T11:00,28.1,76,1005.9
2026-08-14T12:00,27.2,82,1006.4
2026-08-14T13:00,27.4,81,1006.0
2026-08-14T14:00,27.4,81,1006.6
2026-08-14T15:00,27.5,79,1007.0
2026-08-14T16:00,26.9,83,1007.6
2026-08-14T17:00,27.0,80,1007.6
2026-08-14T18:00,26.1,88,1007.3
2026-08-14T19:00,26.8,85,1006.7
2026-08-14T20:00,26.6,83,1006.7
2026-08-14T21:00,26.0,87,1006.4
2026-08-14T22:00,25.7,88,1006.5
2026-08-14T23:00,25.8,88,1006.5
2026-08-15T00:00,24.9,94,1006.6
2026-08-15T01:00,24.8,96,1006.8
2026-08-15T02:00,25.6,95,1007.6
2026-08-15T03:00,26.2,90,1008.0
2026-08-15T04:00,26.4,85,1008.5
2026-08-15T05:00,26.7,86,1008.5
2026-08-15T06:00,28.4,77,1008.1
2026-08-15T07:00,27.8,76,1007.9
2026-08-15T08:00,27.4,82,1007.6
2026-08-15T09:00,28.3,79,1006.7
2026-08-15T10:00,27.9,76,1006.2
2026-08-15T11:00,27.5,79,1005.6
2026-08-15T12:00,28.3,79,1005.7
2026-08-15T13:00,27.1,87,1006.1
2026-08-15T14:00,26.7,87,1006.5
2026-08-15T15:00,25.8,90,1007.4
2026-08-15T16:00,25.8,91,1007.8
2026-08-15T17:00,26.1,91,1008.0
2026-08-15T18:00,25.8,93,1007.4
2026-08-15T19:00,25.5,94,1007.2
2026-08-15T20:00,25.8,91,1006.8
2026-08-15T21:00,26.0,90,1006.4
2026-08-15T22:00,26.1,90,1005.6
2026-08-15T23:00,25.6,90,1005.9
2026-08-16T00:00,26.4,84,1005.8
2026-08-16T01:00,25.9,87,1006.3
2026-08-16T02:00,26.3,88,1006.7
2026-08-16T03:00,27.9,79,1007.1
2026-08-16T04:00,28.6,76,1007.4
2026-08-16T05:00,28.8,76,1007.5
2026-08-16T06:00,29.6,72,1007.2
2026-08-16T07:00,29.7,72,1006.7
2026-08-16T08:00,29.6,72,1006.3
2026-08-16T09:00,29.0,74,1005.9
2026-08-16T10:00,28.9,74,1005.5
2026-08-16T11:00,28.5,75,1005.3
2026-08-16T12:00,26.1,85,1005.5
2026-08-16T13:00,25.7,92,1005.9
2026-08-16T14:00,26.0,91,1006.7
2026-08-16T15:00,26.0,90,1007.3
2026-08-16T16:00,26.4,91,1007.8
2026-08-16T17:00,26.5,89,1007.9
2026-08-16T18:00,27.0,84,1007.5
2026-08-16T19:00,27.1,80,1007.1
2026-08-16T20:00,26.7,82,1006.6
2026-08-16T21:00,26.3,84,1006.3
2026-08-16T22:00,25.5,87,1006.4
2026-08-16T23:00,26.3,85,1006.4
2026-08-17T00:00,25.6,84,1006.3
2026-08-17T01:00,26.9,86,1006.6
2026-08-17T02:00,28.0,75,1006.9
2026-08-17T03:00,28.5,70,1007.4
2026-08-17T04:00,28.6,73,1008.3
2026-08-17T05:00,28.2,76,1008.7
2026-08-17T06:00,27.2,80,1008.9
2026-08-17T07:00,27.3,83,1008.8
2026-08-17T08:00,27.5,79,1007.9
2026-08-17T09:00,29.4,74,1007.4
2026-08-17T10:00,28.4,76,1007.0
2026-08-17T11:00,27.8,78,1006.6
2026-08-17T12:00,27.7,79,1006.9
2026-08-17T13:00,27.7,81,1007.2
2026-08-17T14:00,27.7,79,1007.5
2026-08-17T15:00,27.5,82,1008.1
2026-08-17T16:00,27.6,82,1008.8
2026-08-17T17:00,27.6,81,1009.1
2026-08-17T18:00,27.5,77,1008.8
2026-08-17T19:00,27.2,83,1008.3
2026-08-17T20:00,27.0,82,1007.9
2026-08-17T21:00,26.5,85,1007.4
2026-08-17T22:00,25.8,89,1007.4
2026-08-17T23:00,26.8,88,1007.2
2026-08-18T00:00,27.3,83,1007.0
2026-08-18T01:00,27.3,83,1007.6
2026-08-18T02:00,26.7,86,1008.3
2026-08-18T03:00,27.0,81,1009.0
2026-08-18T04:00,28.0,80,1009.6
2026-08-18T05:00,28.1,78,1009.9
2026-08-18T06:00,29.0,74,1009.6
2026-08-18T07:00,28.9,75,1009.2
2026-08-18T08:00,29.2,75,1008.8
2026-08-18T09:00,29.1,73,1008.5
2026-08-18T10:00,28.3,77,1007.8
2026-08-18T11:00,28.0,78,1007.3
2026-08-18T12:00,28.1,83,1007.2
2026-08-18T13:00,27.6,85,1007.7
2026-08-18T14:00,27.2,85,1008.0
2026-08-18T15:00,27.2,85,1008.5
2026-08-18T16:00,27.1,87,1008.8
2026-08-18T17:00,26.8,88,1009.3
2026-08-18T18:00,26.8,87,1008.7
2026-08-18T19:00,27.0,85,1008.2
2026-08-18T20:00,27.1,84,1007.8
2026-08-18T21:00,26.0,88,1007.4
2026-08-18T22:00,26.3,88,1007.3
2026-08-18T23:00,26.2,87,1007.4
2026-08-19T00:00,26.3,91,1007.3
2026-08-19T01:00,26.7,91,1007.5
2026-08-19T02:00,27.4,87,1007.9
2026-08-19T03:00,27.2,82,1008.5
2026-08-19T04:00,28.0,80,1009.2
2026-08-19T05:00,28.4,81,1009.7
2026-08-19T06:00,28.4,77,1009.5
2026-08-19T07:00,28.7,78,1009.4
2026-08-19T08:00,28.2,78,1009.1
2026-08-19T09:00,29.1,77,1008.1
2026-08-19T10:00,29.0,75,1007.8
2026-08-19T11:00,28.5,77,1007.7
2026-08-19T12:00,28.1,78,1007.8
2026-08-19T13:00,27.9,81,1008.2
2026-08-19T14:00,27.5,84,1008.3
2026-08-19T15:00,27.5,84,1008.9
2026-08-19T16:00,27.4,85,1009.2
2026-08-19T17:00,27.2,86,1009.6
2026-08-19T18:00,26.9,88,1009.2
2026-08-19T19:00,26.8,88,1008.5
2026-08-19T20:00,25.9,91,1008.1
2026-08-19T21:00,26.7,89,1007.9
2026-08-19T22:00,26.4,89,1007.8
2026-08-19T23:00,26.7,85,1007.7
2026-08-20T00:00,26.8,85,1007.4
2026-08-20T01:00,26.9,85,1007.9
2026-08-20T02:00,27.3,83,1008.4
2026-08-20T03:00,27.7,80,1009.1
2026-08-20T04:00,28.4,76,1009.4
2026-08-20T05:00,28.7,75,1009.4
2026-08-20T06:00,28.8,78,1009.5
2026-08-20T07:00,29.3,75,1009.2
2026-08-20T08:00,29.7,69,1008.5
2026-08-20T09:00,29.7,70,1007.7
2026-08-20T10:00,29.2,73,1007.2
2026-08-20T11:00,28.9,74,1007.1
2026-08-20T12:00,28.8,74,1007.0
2026-08-20T13:00,28.2,77,1007.2
2026-08-20T14:00,27.8,78,1007.7
2026-08-20T15:00,27.6,80,1008.2
2026-08-20T16:00,27.4,82,1008.5
2026-08-20T17:00,27.3,83,1008.9
2026-08-20T18:00,26.4,85,1008.4
2026-08-20T19:00,26.4,86,1008.0
2026-08-20T20:00,26.1,87,1007.7
2026-08-20T21:00,26.3,84,1007.6
2026-08-20T22:00,26.2,83,1007.2
2026-08-20T23:00,25.4,88,1007.4
2026-08-21T00:00,25.9,86,1007.2
2026-08-21T01:00,26.4,83,1007.4
2026-08-21T02:00,27.0,82,1007.9
2026-08-21T03:00,28.0,77,1008.4
2026-08-21T04:00,28.4,75,1008.7
2026-08-21T05:00,28.5,78,1008.6
2026-08-21T06:00,28.7,74,1008.5
2026-08-21T07:00,28.9,72,1008.0
2026-08-21T08:00,28.8,74,1007.6
2026-08-21T09:00,28.8,74,1006.9
2026-08-21T10:00,28.5,76,1006.5
2026-08-21T11:00,28.0,76,1006.2
2026-08-21T12:00,28.1,76,1006.2
2026-08-21T13:00,27.9,77,1006.4
2026-08-21T14:00,27.6,77,1007.1
2026-08-21T15:00,27.5,77,1007.5
2026-08-21T16:00,27.5,77,1008.0
2026-08-21T17:00,26.9,81,1008.5
2026-08-21T18:00,26.6,84,1008.2
2026-08-21T19:00,26.0,87,1007.7
2026-08-21T20:00,26.0,87,1007.3
2026-08-21T21:00,25.8,88,1006.6
2026-08-21T22:00,26.0,87,1006.2
2026-08-21T23:00,24.7,93,1006.7
2026-08-22T00:00,25.6,90,1006.5
2026-08-22T01:00,25.8,89,1007.1
2026-08-22T02:00,26.2,89,1007.6
2026-08-22T03:00,27.0,88,1008.0
2026-08-22T04:00,27.3,85,1008.5
2026-08-22T05:00,26.5,86,1008.9
2026-08-22T06:00,29.0,68,1008.2
2026-08-22T07:00,28.6,79,1007.5
2026-08-22T08:00,28.5,79,1007.1
2026-08-22T09:00,28.7,79,1006.3
2026-08-22T10:00,28.8,76,1005.9
2026-08-22T11:00,28.1,75,1005.5
2026-08-22T12:00,28.2,82,1005.3
2026-08-22T13:00,27.3,84,1005.5
2026-08-22T14:00,27.2,85,1006.1
2026-08-22T15:00,26.6,85,1006.7
2026-08-22T16:00,26.0,89,1007.3
2026-08-22T17:00,26.5,89,1007.5
2026-08-22T18:00,27.0,85,1007.0
2026-08-22T19:00,26.3,90,1006.3
2026-08-22T20:00,26.3,88,1005.8
2026-08-22T21:00,26.2,86,1005.5
2026-08-22T22:00,26.0,89,1005.2
2026-08-22T23:00,26.0,88,1005.4
2026-08-23T00:00,26.9,83,1005.1
2026-08-23T01:00,26.7,78,1005.7
2026-08-23T02:00,27.0,79,1006.5
2026-08-23T03:00,27.4,88,1007.0
2026-08-23T04:00,28.1,83,1007.4
2026-08-23T05:00,28.8,78,1007.7
2026-08-23T06:00,28.6,78,1007.6
2026-08-23T07:00,29.0,77,1007.4
2026-08-23T08:00,29.3,75,1006.8
2026-08-23T09:00,29.1,76,1006.2
2026-08-23T10:00,29.0,76,1006.0
2026-08-23T11:00,28.7,76,1005.6
2026-08-23T12:00,28.6,77,1005.7
2026-08-23T13:00,28.1,79,1005.8
2026-08-23T14:00,27.4,82,1006.7
2026-08-23T15:00,27.2,84,1007.2
2026-08-23T16:00,27.2,85,1007.8
2026-08-23T17:00,27.1,85,1008.3
2026-08-23T18:00,26.8,86,1007.7
2026-08-23T19:00,26.4,89,1007.1
2026-08-23T20:00,26.2,90,1006.7
2026-08-23T21:00,26.0,91,1005.9
2026-08-23T22:00,26.0,90,1005.7
2026-08-23T23:00,25.8,91,1005.9
2026-08-24T00:00,26.0,93,1005.8
2026-08-24T01:00,26.4,91,1006.1
2026-08-24T02:00,27.2,88,1007.0
2026-08-24T03:00,28.0,81,1007.3
2026-08-24T04:00,28.0,80,1007.9
2026-08-24T05:00,28.5,77,1008.2
2026-08-24T06:00,28.7,77,1007.7
2026-08-24T07:00,28.9,79,1007.4
2026-08-24T08:00,28.9,80,1007.0
2026-08-24T09:00,28.9,79,1006.4
2026-08-24T10:00,28.9,76,1006.1
2026-08-24T11:00,28.9,74,1005.6
2026-08-24T12:00,27.9,81,1005.6
2026-08-24T13:00,27.5,82,1006.1
2026-08-24T14:00,27.0,86,1006.6
2026-08-24T15:00,27.1,86,1007.3
2026-08-24T16:00,27.0,86,1007.8
2026-08-24T17:00,26.9,86,1008.2
2026-08-24T18:00,26.6,86,1008.0
2026-08-24T19:00,26.4,88,1007.4
2026-08-24T20:00,26.0,90,1007.1
2026-08-24T21:00,26.3,87,1006.3
2026-08-24T22:00,26.3,85,1005.9
2026-08-24T23:00,25.7,88,1006.0
2026-08-25T00:00,26.3,89,1005.8
2026-08-25T01:00,25.9,90,1006.5
2026-08-25T02:00,26.5,88,1006.9
2026-08-25T03:00,27.5,81,1007.5
2026-08-25T04:00,28.8,70,1007.9
2026-08-25T05:00,29.4,69,1008.3
2026-08-25T06:00,28.6,75,1008.5
2026-08-25T07:00,29.3,74,1008.1
2026-08-25T08:00,29.3,74,1007.3
2026-08-25T09:00,29.1,74,1006.5
2026-08-25T10:00,28.8,74,1006.4
2026-08-25T11:00,28.9,75,1006.1
2026-08-25T12:00,28.9,75,1006.2
2026-08-25T13:00,28.1,80,1006.6
2026-08-25T14:00,27.7,81,1007.3
2026-08-25T15:00,27.5,82,1007.9
2026-08-25T16:00,27.4,83,1008.6
2026-08-25T17:00,26.5,85,1009.0
2026-08-25T18:00,26.9,85,1009.0
2026-08-25T19:00,26.8,85,1008.6
2026-08-25T20:00,26.9,83,1008.1
2026-08-25T21:00,26.6,85,1007.8
2026-08-25T22:00,26.6,85,1007.4
2026-08-25T23:00,26.5,85,1007.4
2026-08-26T00:00,26.1,88,1007.6
2026-08-26T01:00,26.2,88,1007.9
2026-08-26T02:00,26.7,86,1008.4
2026-08-26T03:00,27.2,82,1009.0
2026-08-26T04:00,27.8,79,1009.4
2026-08-26T05:00,28.3,79,1009.3
2026-08-26T06:00,29.4,73,1008.8
2026-08-26T07:00,29.1,75,1008.5
2026-08-26T08:00,29.4,76,1008.1
2026-08-26T09:00,29.4,76,1007.5
2026-08-26T10:00,28.8,78,1007.1
2026-08-26T11:00,28.4,80,1006.6
2026-08-26T12:00,28.4,79,1006.8
2026-08-26T13:00,27.9,82,1007.1
2026-08-26T14:00,27.5,83,1007.6
2026-08-26T15:00,27.3,84,1008.2
2026-08-26T16:00,27.2,84,1008.8
2026-08-26T17:00,26.9,85,1009.4
2026-08-26T18:00,26.8,84,1008.9
2026-08-26T19:00,26.4,87,1008.6
2026-08-26T20:00,26.4,87,1008.1
2026-08-26T21:00,26.1,89,1007.9
2026-08-26T22:00,26.2,84,1007.2
2026-08-26T23:00,26.1,90,1007.3
2026-08-27T00:00,26.5,86,1007.5
2026-08-27T01:00,26.3,86,1007.6
2026-08-27T02:00,26.9,84,1008.2
2026-08-27T03:00,27.7,78,1008.8
2026-08-27T04:00,28.4,74,1009.0
2026-08-27T05:00,28.6,73,1009.3
2026-08-27T06:00,29.1,72,1009.1
2026-08-27T07:00,29.6,69,1008.6
2026-08-27T08:00,29.4,70,1008.0
2026-08-27T09:00,29.2,72,1007.1
2026-08-27T10:00,28.7,74,1006.9
2026-08-27T11:00,28.5,75,1006.6
2026-08-27T12:00,28.9,71,1006.7
2026-08-27T13:00,27.8,78,1007.0
2026-08-27T14:00,27.4,78,1007.5
2026-08-27T15:00,27.3,82,1008.1
2026-08-27T16:00,26.8,84,1008.6
2026-08-27T17:00,26.9,84,1008.8
2026-08-27T18:00,27.1,84,1008.3
2026-08-27T19:00,27.0,83,1007.9
2026-08-27T20:00,27.0,83,1007.7
2026-08-27T21:00,26.7,84,1007.0
2026-08-27T22:00,26.6,84,1006.8
2026-08-27T23:00,26.9,83,1006.9
